{
"type": "FeatureCollection",
"name": "points",
"features": [
{ "type": "Feature", "properties": { "osm_id": "-42429", "name": "Капибара", "other_tags": "\"attraction\"=>\"animal\",\"is_in:zoo\"=>\"Московский зоопарк\"" }, "geometry": { "type": "Point", "coordinates": [ 37.5788456, 55.7615017 ] } },
{ "type": "Feature", "properties": { "osm_id": "-42430", "name": "Викуья", "other_tags": "\"attraction\"=>\"animal\",\"is_in:zoo\"=>\"Московский зоопарк\"" }, "geometry": { "type": "Point", "coordinates": [ 37.5786985, 55.7617206 ] } },
{ "type": "Feature", "properties": { "osm_id": "-42432", "name": "Лама", "other_tags": "\"attraction\"=>\"animal\",\"is_in:zoo\"=>\"Московский зоопарк\"" }, "geometry": { "type": "Point", "coordinates": [ 37.5787197, 55.7617814 ] } },
{ "type": "Feature", "properties": { "osm_id": "-42433", "name": "Гигантский муравьед", "other_tags": "\"attraction\"=>\"animal\",\"is_in:zoo\"=>\"Московский зоопарк\"" }, "geometry": { "type": "Point", "coordinates": [ 37.5788483, 55.7620377 ] } },
{ "type": "Feature", "properties": { "osm_id": "-42434", "name": "Паламедея хохлатая", "other_tags": "\"attraction\"=>\"animal\",\"is_in:zoo\"=>\"Московский зоопарк\"" }, "geometry": { "type": "Point", "coordinates": [ 37.5788532, 55.7620864 ] } },
{ "type": "Feature", "properties": { "osm_id": "-42435", "other_tags": "\"attraction\"=>\"animal\",\"is_in:zoo\"=>\"Московский зоопарк\"" }, "geometry": { "type": "Point", "coordinates": [ 37.578608, 55.7628157 ] } },
{ "type": "Feature", "properties": { "osm_id": "-42436", "other_tags": "\"attraction\"=>\"animal\",\"is_in:zoo\"=>\"Московский зоопарк\"" }, "geometry": { "type": "Point", "coordinates": [ 37.5786026, 55.7627822 ] } },
{ "type": "Feature", "properties": { "osm_id": "-42443", "name": "Птицы", "other_tags": "\"attraction\"=>\"animal\",\"is_in:zoo\"=>\"Московский зоопарк\"" }, "geometry": { "type": "Point", "coordinates": [ 37.5779959, 55.7626466 ] } },
{ "type": "Feature", "properties": { "osm_id": "-42444", "other_tags": "\"attraction\"=>\"animal\",\"is_in:zoo\"=>\"Московский зоопарк\"" }, "geometry": { "type": "Point", "coordinates": [ 37.5786901, 55.7629374 ] } },
{ "type": "Feature", "properties": { "osm_id": "-42450", "name": "Фауна России", "other_tags": "\"attraction\"=>\"animal\",\"is_in:zoo\"=>\"Московский зоопарк\"" }, "geometry": { "type": "Point", "coordinates": [ 37.5781692, 55.7633727 ] } },
{ "type": "Feature", "properties": { "osm_id": "-42461", "name": "Павлины", "other_tags": "\"attraction\"=>\"animal\",\"is_in:zoo\"=>\"Московский зоопарк\"" }, "geometry": { "type": "Point", "coordinates": [ 37.5772402, 55.7628035 ] } },
{ "type": "Feature", "properties": { "osm_id": "-42462", "name": "Гриф", "other_tags": "\"attraction\"=>\"animal\",\"is_in:zoo\"=>\"Московский зоопарк\"" }, "geometry": { "type": "Point", "coordinates": [ 37.5764899, 55.76277 ] } },
{ "type": "Feature", "properties": { "osm_id": "-42463", "name": "Скала хищных птиц", "other_tags": "\"attraction\"=>\"animal\",\"is_in:zoo\"=>\"Московский зоопарк\"" }, "geometry": { "type": "Point", "coordinates": [ 37.5765197, 55.7626252 ] } },
{ "type": "Feature", "properties": { "osm_id": "-42464", "name": "Андский кондор", "other_tags": "\"attraction\"=>\"animal\",\"is_in:zoo\"=>\"Московский зоопарк\"" }, "geometry": { "type": "Point", "coordinates": [ 37.5762705, 55.7627533 ] } },
{ "type": "Feature", "properties": { "osm_id": "-42465", "name": "Китоглав", "other_tags": "\"attraction\"=>\"animal\",\"is_in:zoo\"=>\"Московский зоопарк\"" }, "geometry": { "type": "Point", "coordinates": [ 37.577037, 55.7634451 ] } },
{ "type": "Feature", "properties": { "osm_id": "-42473", "name": "Серый тюлень", "other_tags": "\"attraction\"=>\"animal\",\"is_in:zoo\"=>\"Московский зоопарк\"" }, "geometry": { "type": "Point", "coordinates": [ 37.5771535, 55.7638779 ] } },
{ "type": "Feature", "properties": { "osm_id": "-42474", "name": "Птица-секретарь", "other_tags": "\"attraction\"=>\"animal\",\"is_in:zoo\"=>\"Московский зоопарк\"" }, "geometry": { "type": "Point", "coordinates": [ 37.576972, 55.7639297 ] } },
{ "type": "Feature", "properties": { "osm_id": "-42475", "name": "Райская красавка", "other_tags": "\"attraction\"=>\"animal\",\"is_in:zoo\"=>\"Московский зоопарк\"" }, "geometry": { "type": "Point", "coordinates": [ 37.5767039, 55.7640623 ] } },
{ "type": "Feature", "properties": { "osm_id": "-42476", "name": "Ящерицы", "other_tags": "\"attraction\"=>\"animal\",\"is_in:zoo\"=>\"Московский зоопарк\"" }, "geometry": { "type": "Point", "coordinates": [ 37.5771562, 55.7640974 ] } },
{ "type": "Feature", "properties": { "osm_id": "-42477", "name": "Рептилии", "other_tags": "\"attraction\"=>\"animal\",\"is_in:zoo\"=>\"Московский зоопарк\"" }, "geometry": { "type": "Point", "coordinates": [ 37.5774216, 55.763977 ] } },
{ "type": "Feature", "properties": { "osm_id": "-42485", "name": "Черный лебедь", "other_tags": "\"attraction\"=>\"animal\",\"is_in:zoo\"=>\"Московский зоопарк\"" }, "geometry": { "type": "Point", "coordinates": [ 37.5762082, 55.7640455 ] } },
{ "type": "Feature", "properties": { "osm_id": "-42486", "name": "Фазан", "other_tags": "\"attraction\"=>\"animal\",\"is_in:zoo\"=>\"Московский зоопарк\"" }, "geometry": { "type": "Point", "coordinates": [ 37.5760456, 55.7640044 ] } },
{ "type": "Feature", "properties": { "osm_id": "-42487", "name": "Австралийская пеганка", "other_tags": "\"attraction\"=>\"animal\",\"is_in:zoo\"=>\"Московский зоопарк\"" }, "geometry": { "type": "Point", "coordinates": [ 37.5759265, 55.7639754 ] } },
{ "type": "Feature", "properties": { "osm_id": "-42488", "name": "Гимолайский монал", "other_tags": "\"attraction\"=>\"animal\",\"is_in:zoo\"=>\"Московский зоопарк\"" }, "geometry": { "type": "Point", "coordinates": [ 37.5756908, 55.7639358 ] } },
{ "type": "Feature", "properties": { "osm_id": "-42489", "name": "Овцебык", "other_tags": "\"attraction\"=>\"animal\",\"is_in:zoo\"=>\"Московский зоопарк\"" }, "geometry": { "type": "Point", "coordinates": [ 37.5754497, 55.7637423 ] } },
{ "type": "Feature", "properties": { "osm_id": "-42496", "name": "Лесной северный олень", "other_tags": "\"attraction\"=>\"animal\",\"is_in:zoo\"=>\"Московский зоопарк\"" }, "geometry": { "type": "Point", "coordinates": [ 37.5757287, 55.763247 ] } },
{ "type": "Feature", "properties": { "osm_id": "-42497", "name": "Кустарниковая собака", "other_tags": "\"attraction\"=>\"animal\",\"is_in:zoo\"=>\"Московский зоопарк\"" }, "geometry": { "type": "Point", "coordinates": [ 37.5749107, 55.7638749 ] } },
{ "type": "Feature", "properties": { "osm_id": "-42498", "name": "Енот-полоскун", "other_tags": "\"attraction\"=>\"animal\",\"is_in:zoo\"=>\"Московский зоопарк\"" }, "geometry": { "type": "Point", "coordinates": [ 37.5743582, 55.7638916 ] } },
{ "type": "Feature", "properties": { "osm_id": "-42499", "name": "Змеиное сафари", "other_tags": "\"attraction\"=>\"animal\",\"is_in:zoo\"=>\"Московский зоопарк\"" }, "geometry": { "type": "Point", "coordinates": [ 37.5743771, 55.7640273 ] } },
{ "type": "Feature", "properties": { "osm_id": "-42500", "name": "Сивуч", "other_tags": "\"attraction\"=>\"animal\",\"is_in:zoo\"=>\"Московский зоопарк\"" }, "geometry": { "type": "Point", "coordinates": [ 37.5756448, 55.7645225 ] } },
{ "type": "Feature", "properties": { "osm_id": "-42501", "name": "Ластоногие", "other_tags": "\"attraction\"=>\"animal\",\"is_in:zoo\"=>\"Московский зоопарк\"" }, "geometry": { "type": "Point", "coordinates": [ 37.5754714, 55.7643259 ] } },
{ "type": "Feature", "properties": { "osm_id": "-42502", "name": "Черный аист", "other_tags": "\"attraction\"=>\"animal\",\"is_in:zoo\"=>\"Московский зоопарк\"" }, "geometry": { "type": "Point", "coordinates": [ 37.574308, 55.7644174 ] } },
{ "type": "Feature", "properties": { "osm_id": "-42503", "name": "Свердоклювый ябиру", "other_tags": "\"attraction\"=>\"animal\",\"is_in:zoo\"=>\"Московский зоопарк\"" }, "geometry": { "type": "Point", "coordinates": [ 37.5744326, 55.7644486 ] } },
{ "type": "Feature", "properties": { "osm_id": "-42504", "name": "Паламедея хохлатая", "other_tags": "\"attraction\"=>\"animal\",\"is_in:zoo\"=>\"Московский зоопарк\"" }, "geometry": { "type": "Point", "coordinates": [ 37.5745451, 55.764492 ] } },
{ "type": "Feature", "properties": { "osm_id": "-42505", "name": "Черношейный журавль", "other_tags": "\"attraction\"=>\"animal\",\"is_in:zoo\"=>\"Московский зоопарк\"" }, "geometry": { "type": "Point", "coordinates": [ 37.5746087, 55.7645618 ] } },
{ "type": "Feature", "properties": { "osm_id": "-42506", "name": "Карфский рогатый журавль", "other_tags": "\"attraction\"=>\"animal\",\"is_in:zoo\"=>\"Московский зоопарк\"" }, "geometry": { "type": "Point", "coordinates": [ 37.5745572, 55.7646703 ] } },
{ "type": "Feature", "properties": { "osm_id": "-42507", "name": "Дом птиц", "other_tags": "\"attraction\"=>\"animal\",\"is_in:zoo\"=>\"Московский зоопарк\"" }, "geometry": { "type": "Point", "coordinates": [ 37.5743521, 55.7646162 ] } },
{ "type": "Feature", "properties": { "osm_id": "-42508", "name": "Райская красавка", "other_tags": "\"attraction\"=>\"animal\",\"is_in:zoo\"=>\"Московский зоопарк\"" }, "geometry": { "type": "Point", "coordinates": [ 37.5745518, 55.7647336 ] } },
{ "type": "Feature", "properties": { "osm_id": "-42509", "name": "Казуар", "other_tags": "\"attraction\"=>\"animal\",\"is_in:zoo\"=>\"Московский зоопарк\"" }, "geometry": { "type": "Point", "coordinates": [ 37.574797, 55.7649225 ] } },
{ "type": "Feature", "properties": { "osm_id": "-42510", "name": "Тукан Токо", "other_tags": "\"attraction\"=>\"animal\",\"is_in:zoo\"=>\"Московский зоопарк\"" }, "geometry": { "type": "Point", "coordinates": [ 37.5749554, 55.7649682 ] } },
{ "type": "Feature", "properties": { "osm_id": "-42511", "name": "Пунчана", "other_tags": "\"attraction\"=>\"animal\",\"is_in:zoo\"=>\"Московский зоопарк\"" }, "geometry": { "type": "Point", "coordinates": [ 37.5750502, 55.7650117 ] } },
{ "type": "Feature", "properties": { "osm_id": "-42512", "name": "Венценосная лесная куропатка", "other_tags": "\"attraction\"=>\"animal\",\"is_in:zoo\"=>\"Московский зоопарк\"" }, "geometry": { "type": "Point", "coordinates": [ 37.5751369, 55.7650292 ] } },
{ "type": "Feature", "properties": { "osm_id": "-42513", "name": "Кеа", "other_tags": "\"attraction\"=>\"animal\",\"is_in:zoo\"=>\"Московский зоопарк\"" }, "geometry": { "type": "Point", "coordinates": [ 37.5752845, 55.765014 ] } },
{ "type": "Feature", "properties": { "osm_id": "-42514", "name": "Попугаи", "other_tags": "\"attraction\"=>\"animal\",\"is_in:zoo\"=>\"Московский зоопарк\"" }, "geometry": { "type": "Point", "coordinates": [ 37.5753766, 55.7650452 ] } },
{ "type": "Feature", "properties": { "osm_id": "-42515", "name": "Северный морской котик", "other_tags": "\"attraction\"=>\"animal\",\"is_in:zoo\"=>\"Московский зоопарк\"" }, "geometry": { "type": "Point", "coordinates": [ 37.5749514, 55.7645698 ] } },
{ "type": "Feature", "properties": { "osm_id": "-42516", "name": "Амфибии", "other_tags": "\"attraction\"=>\"animal\"" }, "geometry": { "type": "Point", "coordinates": [ 37.5768285, 55.7648715 ] } },
{ "type": "Feature", "properties": { "osm_id": "-42517", "name": "Слоны", "other_tags": "\"attraction\"=>\"animal\"" }, "geometry": { "type": "Point", "coordinates": [ 37.5763165, 55.7645865 ] } },
{ "type": "Feature", "properties": { "osm_id": "-42518", "name": "Дальневосточный леопард", "other_tags": "\"attraction\"=>\"animal\",\"is_in:zoo\"=>\"Московский зоопарк\"" }, "geometry": { "type": "Point", "coordinates": [ 37.5752926, 55.7630687 ] } },
{ "type": "Feature", "properties": { "osm_id": "-42519", "name": "Милайский медведь", "other_tags": "\"attraction\"=>\"animal\",\"is_in:zoo\"=>\"Московский зоопарк\"" }, "geometry": { "type": "Point", "coordinates": [ 37.5751924, 55.7626557 ] } },
{ "type": "Feature", "properties": { "osm_id": "-42520", "name": "Равнинный тапир", "other_tags": "\"attraction\"=>\"animal\",\"is_in:zoo\"=>\"Московский зоопарк\"" }, "geometry": { "type": "Point", "coordinates": [ 37.5752222, 55.7625719 ] } },
{ "type": "Feature", "properties": { "osm_id": "-42521", "name": "Беркут", "other_tags": "\"attraction\"=>\"animal\",\"is_in:zoo\"=>\"Московский зоопарк\"" }, "geometry": { "type": "Point", "coordinates": [ 37.5751112, 55.7625247 ] } },
{ "type": "Feature", "properties": { "osm_id": "-42522", "name": "Манул", "other_tags": "\"attraction\"=>\"animal\",\"is_in:zoo\"=>\"Московский зоопарк\"" }, "geometry": { "type": "Point", "coordinates": [ 37.5750136, 55.7624972 ] } },
{ "type": "Feature", "properties": { "osm_id": "-42523", "name": "Бинтуронг", "other_tags": "\"attraction\"=>\"animal\",\"is_in:zoo\"=>\"Московский зоопарк\"" }, "geometry": { "type": "Point", "coordinates": [ 37.5748322, 55.7625567 ] } },
{ "type": "Feature", "properties": { "osm_id": "-42524", "name": "Красный волк", "other_tags": "\"attraction\"=>\"animal\",\"is_in:zoo\"=>\"Московский зоопарк\"" }, "geometry": { "type": "Point", "coordinates": [ 37.5757342, 55.7622427 ] } },
{ "type": "Feature", "properties": { "osm_id": "-42525", "name": "Совы", "other_tags": "\"attraction\"=>\"animal\",\"is_in:zoo\"=>\"Московский зоопарк\"" }, "geometry": { "type": "Point", "coordinates": [ 37.5755798, 55.7619593 ] } },
{ "type": "Feature", "properties": { "osm_id": "-42526", "name": "Арахноландия", "other_tags": "\"attraction\"=>\"animal\",\"is_in:zoo\"=>\"Московский зоопарк\"" }, "geometry": { "type": "Point", "coordinates": [ 37.5758317, 55.76188 ] } },
{ "type": "Feature", "properties": { "osm_id": "-42553", "name": "Пума", "other_tags": "\"attraction\"=>\"animal\",\"is_in:zoo\"=>\"Московский зоопарк\"" }, "geometry": { "type": "Point", "coordinates": [ 37.5749649, 55.7633384 ] } },
{ "type": "Feature", "properties": { "osm_id": "-42554", "name": "Утки", "other_tags": "\"attraction\"=>\"animal\",\"is_in:zoo\"=>\"Московский зоопарк\"" }, "geometry": { "type": "Point", "coordinates": [ 37.5774731, 55.7619532 ] } },
{ "type": "Feature", "properties": { "osm_id": "-42619", "other_tags": "\"purpose\"=>\"entry\"" }, "geometry": { "type": "Point", "coordinates": [ 37.5755872, 55.7619991 ] } },
{ "type": "Feature", "properties": { "osm_id": "-42633", "name": "Сурок", "other_tags": "\"attraction\"=>\"animal\",\"is_in:zoo\"=>\"Московский зоопарк\"" }, "geometry": { "type": "Point", "coordinates": [ 37.5766885, 55.7641695 ] } },
{ "type": "Feature", "properties": { "osm_id": "-42634", "name": "Кенгуру Беннетта", "other_tags": "\"attraction\"=>\"animal\",\"is_in:zoo\"=>\"Московский зоопарк\"" }, "geometry": { "type": "Point", "coordinates": [ 37.5800175, 55.7625799 ] } },
{ "type": "Feature", "properties": { "osm_id": "-42635", "name": "Харза", "other_tags": "\"attraction\"=>\"animal\",\"is_in:zoo\"=>\"Московский зоопарк\"" }, "geometry": { "type": "Point", "coordinates": [ 37.5806829, 55.7627501 ] } },
{ "type": "Feature", "properties": { "osm_id": "-42636", "name": "Полярный мир", "other_tags": "\"attraction\"=>\"animal\",\"is_in:zoo\"=>\"Московский зоопарк\"" }, "geometry": { "type": "Point", "coordinates": [ 37.5816541, 55.7627851 ] } },
{ "type": "Feature", "properties": { "osm_id": "-42637", "name": "Корова домашняя", "other_tags": "\"attraction\"=>\"animal\",\"is_in:zoo\"=>\"Московский зоопарк\"" }, "geometry": { "type": "Point", "coordinates": [ 37.5829148, 55.7615487 ] } },
{ "type": "Feature", "properties": { "osm_id": "-42638", "name": "Эдильбаевская овца", "other_tags": "\"attraction\"=>\"animal\",\"is_in:zoo\"=>\"Московский зоопарк\"" }, "geometry": { "type": "Point", "coordinates": [ 37.5829769, 55.7616241 ] } },
{ "type": "Feature", "properties": { "osm_id": "-42639", "name": "Камерунская коза", "other_tags": "\"attraction\"=>\"animal\",\"is_in:zoo\"=>\"Московский зоопарк\"" }, "geometry": { "type": "Point", "coordinates": [ 37.5826303, 55.7612966 ] } },
{ "type": "Feature", "properties": { "osm_id": "-42640", "name": "Крокодилы, змеи и вараны", "other_tags": "\"attraction\"=>\"animal\",\"is_in:zoo\"=>\"Московский зоопарк\"" }, "geometry": { "type": "Point", "coordinates": [ 37.5837912, 55.7619976 ] } },
{ "type": "Feature", "properties": { "osm_id": "-42641", "name": "Рыбы коралловых рифов", "other_tags": "\"attraction\"=>\"animal\",\"is_in:zoo\"=>\"Московский зоопарк\"" }, "geometry": { "type": "Point", "coordinates": [ 37.5839416, 55.7642229 ] } },
{ "type": "Feature", "properties": { "osm_id": "-42642", "name": "Копытные Азии", "other_tags": "\"attraction\"=>\"animal\",\"is_in:zoo\"=>\"Московский зоопарк\"" }, "geometry": { "type": "Point", "coordinates": [ 37.5838222, 55.7647426 ] } },
{ "type": "Feature", "properties": { "osm_id": "-42643", "name": "Карликовый бегемот", "other_tags": "\"attraction\"=>\"animal\",\"is_in:zoo\"=>\"Московский зоопарк\"" }, "geometry": { "type": "Point", "coordinates": [ 37.5844648, 55.7631898 ] } },
{ "type": "Feature", "properties": { "osm_id": "-42644", "name": "Обыкновенный дикдик", "other_tags": "\"attraction\"=>\"animal\",\"is_in:zoo\"=>\"Московский зоопарк\"" }, "geometry": { "type": "Point", "coordinates": [ 37.5841868, 55.7631254 ] } },
{ "type": "Feature", "properties": { "osm_id": "-42645", "name": "Медоед", "other_tags": "\"attraction\"=>\"animal\",\"is_in:zoo\"=>\"Московский зоопарк\"" }, "geometry": { "type": "Point", "coordinates": [ 37.5840397, 55.7630905 ] } },
{ "type": "Feature", "properties": { "osm_id": "-42655", "other_tags": "\"entrance\"=>\"side\",\"exit\"=>\"side\"" }, "geometry": { "type": "Point", "coordinates": [ 37.5833333, 55.7614144 ] } },
{ "type": "Feature", "properties": { "osm_id": "-42656", "other_tags": "\"exit\"=>\"side\"" }, "geometry": { "type": "Point", "coordinates": [ 37.5823212, 55.7642312 ] } },
{ "type": "Feature", "properties": { "osm_id": "-42657", "other_tags": "\"exit\"=>\"main\"" }, "geometry": { "type": "Point", "coordinates": [ 37.5775191, 55.7609507 ] } },
{ "type": "Feature", "properties": { "osm_id": "255866055", "highway": "traffic_signals" }, "geometry": { "type": "Point", "coordinates": [ 37.5787912, 55.7607848 ] } },
{ "type": "Feature", "properties": { "osm_id": "268179112", "highway": "crossing", "other_tags": "\"crossing\"=>\"traffic_signals\",\"crossing:island\"=>\"no\",\"tactile_paving\"=>\"no\",\"traffic_signals:sound\"=>\"no\",\"traffic_signals:vibration\"=>\"no\"" }, "geometry": { "type": "Point", "coordinates": [ 37.578608, 55.7605478 ] } },
{ "type": "Feature", "properties": { "osm_id": "269257954", "other_tags": "\"kerb\"=>\"lowered\",\"tactile_paving\"=>\"yes\"" }, "geometry": { "type": "Point", "coordinates": [ 37.5782167, 55.7645403 ] } },
{ "type": "Feature", "properties": { "osm_id": "269257978", "barrier": "gate", "other_tags": "\"access\"=>\"private\"" }, "geometry": { "type": "Point", "coordinates": [ 37.5823096, 55.7641623 ] } },
{ "type": "Feature", "properties": { "osm_id": "292001135", "highway": "traffic_signals" }, "geometry": { "type": "Point", "coordinates": [ 37.5785626, 55.7587943 ] } },
{ "type": "Feature", "properties": { "osm_id": "296959510", "name": "Баррикадная", "other_tags": "\"colour\"=>\"violet\",\"depth\"=>\"30\",\"internet_access\"=>\"wlan\",\"layer\"=>\"-4\",\"name:be\"=>\"Барыкадная\",\"name:en\"=>\"Barrikadnaya\",\"name:ml\"=>\"ബാരിക്കാഡ്നായ\",\"name:ru\"=>\"Баррикадная\",\"name:uk\"=>\"Барикадна\",\"network\"=>\"Московский метрополитен\",\"opening_hours\"=>\"Mo-Su 05:30-01:00\",\"operator\"=>\"ГУП «Московский метрополитен»\",\"outdoor_seating\"=>\"no\",\"public_transport\"=>\"station\",\"railway\"=>\"station\",\"start_date\"=>\"1972-12-30\",\"station\"=>\"subway\",\"subway\"=>\"yes\",\"website\"=>\"http://mosmetro.ru\",\"wikidata\"=>\"Q2721994\",\"wikipedia\"=>\"ru:Баррикадная (станция метро)\"" }, "geometry": { "type": "Point", "coordinates": [ 37.5793093, 55.7611309 ] } },
{ "type": "Feature", "properties": { "osm_id": "308040245", "highway": "traffic_signals", "other_tags": "\"surface\"=>\"asphalt\"" }, "geometry": { "type": "Point", "coordinates": [ 37.5710503, 55.7616984 ] } },
{ "type": "Feature", "properties": { "osm_id": "309744395", "ref": "1", "other_tags": "\"colour\"=>\"brown\",\"entrance\"=>\"entrance\",\"network\"=>\"Московский метрополитен\",\"operator\"=>\"ГУП «Московский метрополитен»\",\"railway\"=>\"subway_entrance\"" }, "geometry": { "type": "Point", "coordinates": [ 37.5769663, 55.7602598 ] } },
{ "type": "Feature", "properties": { "osm_id": "309744779", "name": "Краснопресненская", "other_tags": "\"colour\"=>\"brown\",\"depth\"=>\"35.5\",\"internet_access\"=>\"wlan\",\"layer\"=>\"-4\",\"name:be\"=>\"Чырвонапрэсненская\",\"name:en\"=>\"Krasnopresnenskaya\",\"name:ml\"=>\"ക്രാസ്നോപ്രെസ്നെൻസ്കായ\",\"name:ru\"=>\"Краснопресненская\",\"name:uk\"=>\"Червонопресненська\",\"network\"=>\"Московский метрополитен\",\"opening_hours\"=>\"Mo-Su 05:30-01:00\",\"operator\"=>\"ГУП «Московский метрополитен»\",\"outdoor_seating\"=>\"no\",\"public_transport\"=>\"station\",\"railway\"=>\"station\",\"start_date\"=>\"1954-03-14\",\"station\"=>\"subway\",\"subway\"=>\"yes\",\"website\"=>\"http://mosmetro.ru\",\"wikidata\"=>\"Q645097\",\"wikipedia\"=>\"ru:Краснопресненская (станция метро)\"" }, "geometry": { "type": "Point", "coordinates": [ 37.577329, 55.761185 ] } },
{ "type": "Feature", "properties": { "osm_id": "310889438", "highway": "traffic_signals" }, "geometry": { "type": "Point", "coordinates": [ 37.565399, 55.7616169 ] } },
{ "type": "Feature", "properties": { "osm_id": "310889508", "highway": "traffic_signals" }, "geometry": { "type": "Point", "coordinates": [ 37.5707657, 55.7602194 ] } },
{ "type": "Feature", "properties": { "osm_id": "310889601", "highway": "traffic_signals" }, "geometry": { "type": "Point", "coordinates": [ 37.5725121, 55.7692131 ] } },
{ "type": "Feature", "properties": { "osm_id": "311966586", "highway": "traffic_signals", "other_tags": "\"traffic_signals\"=>\"signal\",\"traffic_signals:direction\"=>\"both\"" }, "geometry": { "type": "Point", "coordinates": [ 37.5724248, 55.7677206 ] } },
{ "type": "Feature", "properties": { "osm_id": "312355945", "highway": "crossing", "other_tags": "\"button_operated\"=>\"no\",\"crossing\"=>\"traffic_signals\",\"crossing:island\"=>\"no\",\"tactile_paving\"=>\"no\",\"traffic_signals:sound\"=>\"yes\",\"traffic_signals:vibration\"=>\"no\"" }, "geometry": { "type": "Point", "coordinates": [ 37.5760663, 55.7588284 ] } },
{ "type": "Feature", "properties": { "osm_id": "339223492", "highway": "crossing", "other_tags": "\"button_operated\"=>\"no\",\"crossing\"=>\"traffic_signals\",\"crossing:island\"=>\"no\",\"tactile_paving\"=>\"no\",\"traffic_signals:sound\"=>\"yes\"" }, "geometry": { "type": "Point", "coordinates": [ 37.5810317, 55.7601415 ] } },
{ "type": "Feature", "properties": { "osm_id": "441301848", "other_tags": "\"amenity\"=>\"telephone\",\"brand\"=>\"Россвязь\",\"contact:website\"=>\"https://rt.ru\",\"opening_hours\"=>\"24/7\",\"operator\"=>\"ПАО «Ростелеком»\",\"payment:cash\"=>\"no\",\"payment:telephone_cards\"=>\"yes\"" }, "geometry": { "type": "Point", "coordinates": [ 37.5769363, 55.7603558 ] } },
{ "type": "Feature", "properties": { "osm_id": "469668783", "barrier": "kerb", "other_tags": "\"kerb\"=>\"lowered\",\"tactile_paving\"=>\"yes\"" }, "geometry": { "type": "Point", "coordinates": [ 37.5746084, 55.7612915 ] } },
{ "type": "Feature", "properties": { "osm_id": "472977164", "other_tags": "\"kerb\"=>\"lowered\",\"tactile_paving\"=>\"yes\"" }, "geometry": { "type": "Point", "coordinates": [ 37.5783829, 55.7645608 ] } },
{ "type": "Feature", "properties": { "osm_id": "472977181", "barrier": "kerb", "other_tags": "\"kerb\"=>\"lowered\",\"tactile_paving\"=>\"yes\"" }, "geometry": { "type": "Point", "coordinates": [ 37.5782201, 55.7658243 ] } },
{ "type": "Feature", "properties": { "osm_id": "472980826", "barrier": "kerb", "other_tags": "\"kerb\"=>\"lowered\"" }, "geometry": { "type": "Point", "coordinates": [ 37.5867607, 55.7593143 ] } },
{ "type": "Feature", "properties": { "osm_id": "577870130", "barrier": "block" }, "geometry": { "type": "Point", "coordinates": [ 37.5745695, 55.7669739 ] } },
{ "type": "Feature", "properties": { "osm_id": "618284386", "name": "Белый Клык", "other_tags": "\"addr:city\"=>\"Москва\",\"addr:housenumber\"=>\"6/2 с2\",\"addr:postcode\"=>\"123242\",\"addr:street\"=>\"улица Красная Пресня\",\"amenity\"=>\"veterinary\",\"branch\"=>\"Пресня\",\"contact:phone\"=>\"+7 499 6493318;+7 495 9270077\",\"contact:vk\"=>\"https://vk.com/bkvet\",\"contact:website\"=>\"http://www.bkvet.ru/\",\"email\"=>\"vet@bkvet.ru\",\"opening_hours\"=>\"Mo-Su 09:00-21:00\",\"wheelchair\"=>\"limited\"" }, "geometry": { "type": "Point", "coordinates": [ 37.5749058, 55.7615712 ] } },
{ "type": "Feature", "properties": { "osm_id": "666487075", "ref": "1", "other_tags": "\"railway\"=>\"switch\",\"railway:local_operated\"=>\"no\",\"railway:switch\"=>\"default\",\"railway:switch:electric\"=>\"yes\",\"railway:turnout_side\"=>\"right\"" }, "geometry": { "type": "Point", "coordinates": [ 37.5827353, 55.7604316 ] } },
{ "type": "Feature", "properties": { "osm_id": "708685616", "name": "Шоколадница", "other_tags": "\"amenity\"=>\"cafe\",\"brand\"=>\"Шоколадница\",\"brand:en\"=>\"Chocolate\",\"brand:wikidata\"=>\"Q30891188\",\"brand:wikipedia\"=>\"ru:Шоколадница (сеть кофеен)\",\"check_date\"=>\"2025-12-20\",\"contact:facebook\"=>\"https://www.facebook.com/shoko.ru\",\"contact:website\"=>\"http://shoko.ru\",\"cuisine\"=>\"coffee_shop\",\"diet:vegetarian\"=>\"no\",\"name:en\"=>\"Shokoladnitsa\",\"opening_hours\"=>\"24/7\",\"phone\"=>\"+7 915 4926297\",\"takeaway\"=>\"yes\"" }, "geometry": { "type": "Point", "coordinates": [ 37.5793193, 55.7612185 ] } },
{ "type": "Feature", "properties": { "osm_id": "715786698", "barrier": "kerb", "other_tags": "\"kerb\"=>\"lowered\"" }, "geometry": { "type": "Point", "coordinates": [ 37.5866413, 55.7593346 ] } },
{ "type": "Feature", "properties": { "osm_id": "715786812", "other_tags": "\"kerb\"=>\"lowered\",\"tactile_paving\"=>\"yes\"" }, "geometry": { "type": "Point", "coordinates": [ 37.5904174, 55.7660042 ] } },
{ "type": "Feature", "properties": { "osm_id": "715797829", "barrier": "kerb", "other_tags": "\"kerb\"=>\"lowered\",\"tactile_paving\"=>\"yes\"" }, "geometry": { "type": "Point", "coordinates": [ 37.5787256, 55.760547 ] } },
{ "type": "Feature", "properties": { "osm_id": "715797952", "highway": "crossing", "other_tags": "\"crossing\"=>\"unmarked\",\"crossing:island\"=>\"no\",\"tactile_paving\"=>\"no\"" }, "geometry": { "type": "Point", "coordinates": [ 37.5796154, 55.7586175 ] } },
{ "type": "Feature", "properties": { "osm_id": "751993259", "name": "Метро «Краснопресненская»", "highway": "bus_stop", "other_tags": "\"alt_name\"=>\"Станция метро «Краснопресненская»\",\"bench\"=>\"yes\",\"bin\"=>\"yes\",\"bus\"=>\"yes\",\"check_date:shelter\"=>\"2021-04-01\",\"name:uk\"=>\"Метро «Червонопресненська»\",\"public_transport\"=>\"platform\",\"shelter\"=>\"yes\",\"tactile_paving\"=>\"no\"" }, "geometry": { "type": "Point", "coordinates": [ 37.5766997, 55.7610817 ] } },
{ "type": "Feature", "properties": { "osm_id": "813653325", "name": "Хинкальный дом Колхида", "other_tags": "\"addr:city\"=>\"Москва\",\"addr:housenumber\"=>\"11\",\"addr:postcode\"=>\"123242\",\"addr:street\"=>\"Садовая-Кудринская улица\",\"amenity\"=>\"restaurant\",\"capacity\"=>\"190\",\"cuisine\"=>\"georgian\",\"delivery\"=>\"yes\",\"opening_hours\"=>\"12:00-24:00\",\"phone\"=>\"+7 495 2299321\",\"smoking\"=>\"no\",\"takeaway\"=>\"yes\",\"website\"=>\"https://kolhida-cafe.ru/\"" }, "geometry": { "type": "Point", "coordinates": [ 37.5867469, 55.7632361 ] } },
{ "type": "Feature", "properties": { "osm_id": "1119959399", "highway": "crossing", "other_tags": "\"crossing\"=>\"traffic_signals\",\"tactile_paving\"=>\"no\"" }, "geometry": { "type": "Point", "coordinates": [ 37.5655286, 55.761587 ] } },
{ "type": "Feature", "properties": { "osm_id": "1180854477", "name": "Государственный биологический музей", "highway": "bus_stop", "other_tags": "\"bench\"=>\"yes\",\"bin\"=>\"yes\",\"bus\"=>\"yes\",\"check_date:shelter\"=>\"2022-03-26\",\"lit\"=>\"yes\",\"name:uk\"=>\"Державний біологічний музей\",\"public_transport\"=>\"platform\",\"shelter\"=>\"yes\",\"tactile_paving\"=>\"no\"" }, "geometry": { "type": "Point", "coordinates": [ 37.5722386, 55.7655719 ] } },
{ "type": "Feature", "properties": { "osm_id": "1188905310", "highway": "crossing", "other_tags": "\"crossing\"=>\"uncontrolled\",\"crossing:island\"=>\"no\"" }, "geometry": { "type": "Point", "coordinates": [ 37.5783149, 55.7645524 ] } },
{ "type": "Feature", "properties": { "osm_id": "1188905346", "highway": "crossing", "other_tags": "\"button_operated\"=>\"no\",\"crossing\"=>\"traffic_signals\",\"tactile_paving\"=>\"no\",\"traffic_signals:sound\"=>\"yes\",\"traffic_signals:vibration\"=>\"no\"" }, "geometry": { "type": "Point", "coordinates": [ 37.579277, 55.7609904 ] } },
{ "type": "Feature", "properties": { "osm_id": "1188905583", "name": "Метро «Баррикадная»", "other_tags": "\"bus\"=>\"yes\",\"public_transport\"=>\"stop_position\"" }, "geometry": { "type": "Point", "coordinates": [ 37.579324, 55.7619388 ] } },
{ "type": "Feature", "properties": { "osm_id": "1188905849", "highway": "crossing", "other_tags": "\"crossing\"=>\"traffic_signals\"" }, "geometry": { "type": "Point", "coordinates": [ 37.5786053, 55.7589811 ] } },
{ "type": "Feature", "properties": { "osm_id": "1277500356", "ref": "2", "other_tags": "\"railway\"=>\"switch\",\"railway:local_operated\"=>\"no\",\"railway:switch\"=>\"default\",\"railway:switch:electric\"=>\"yes\",\"railway:turnout_side\"=>\"right\"" }, "geometry": { "type": "Point", "coordinates": [ 37.5808834, 55.7609763 ] } },
{ "type": "Feature", "properties": { "osm_id": "1388811298", "other_tags": "\"amenity\"=>\"toilets\",\"fee\"=>\"no\"" }, "geometry": { "type": "Point", "coordinates": [ 37.5781543, 55.7610888 ] } },
{ "type": "Feature", "properties": { "osm_id": "1394507408", "other_tags": "\"entrance\"=>\"yes\"" }, "geometry": { "type": "Point", "coordinates": [ 37.5774696, 55.7669873 ] } },
{ "type": "Feature", "properties": { "osm_id": "1395955640", "highway": "speed_camera", "other_tags": "\"maxspeed\"=>\"RU:urban\"" }, "geometry": { "type": "Point", "coordinates": [ 37.5815667, 55.7598256 ] } },
{ "type": "Feature", "properties": { "osm_id": "1395955671", "other_tags": "\"kerb\"=>\"lowered\",\"tactile_paving\"=>\"yes\"" }, "geometry": { "type": "Point", "coordinates": [ 37.5785426, 55.7643331 ] } },
{ "type": "Feature", "properties": { "osm_id": "1395955675", "other_tags": "\"kerb\"=>\"lowered\",\"tactile_paving\"=>\"yes\"" }, "geometry": { "type": "Point", "coordinates": [ 37.5784583, 55.7645136 ] } },
{ "type": "Feature", "properties": { "osm_id": "1395955686", "other_tags": "\"kerb\"=>\"lowered\",\"tactile_paving\"=>\"yes\"" }, "geometry": { "type": "Point", "coordinates": [ 37.5788467, 55.7669861 ] } },
{ "type": "Feature", "properties": { "osm_id": "1395955770", "barrier": "kerb", "other_tags": "\"kerb\"=>\"lowered\",\"tactile_paving\"=>\"yes\"" }, "geometry": { "type": "Point", "coordinates": [ 37.5869585, 55.7682304 ] } },
{ "type": "Feature", "properties": { "osm_id": "1398729303", "ref": "1", "other_tags": "\"layer\"=>\"-4\",\"railway\"=>\"switch\"" }, "geometry": { "type": "Point", "coordinates": [ 37.5776336, 55.7620281 ] } },
{ "type": "Feature", "properties": { "osm_id": "1398729304", "ref": "2", "other_tags": "\"layer\"=>\"-4\",\"railway\"=>\"switch\"" }, "geometry": { "type": "Point", "coordinates": [ 37.5772286, 55.7620364 ] } },
{ "type": "Feature", "properties": { "osm_id": "1398729322", "ref": "3", "other_tags": "\"layer\"=>\"-4\",\"railway\"=>\"switch\"" }, "geometry": { "type": "Point", "coordinates": [ 37.5775362, 55.7627444 ] } },
{ "type": "Feature", "properties": { "osm_id": "1399841256", "barrier": "kerb", "other_tags": "\"kerb\"=>\"raised\",\"tactile_paving\"=>\"no\"" }, "geometry": { "type": "Point", "coordinates": [ 37.5762216, 55.7588654 ] } },
{ "type": "Feature", "properties": { "osm_id": "1399841303", "highway": "crossing", "other_tags": "\"button_operated\"=>\"no\",\"crossing\"=>\"traffic_signals\",\"crossing:island\"=>\"no\",\"tactile_paving\"=>\"no\",\"traffic_signals:sound\"=>\"no\"" }, "geometry": { "type": "Point", "coordinates": [ 37.5759839, 55.7589892 ] } },
{ "type": "Feature", "properties": { "osm_id": "1399841522", "highway": "crossing", "other_tags": "\"crossing\"=>\"uncontrolled\",\"crossing:island\"=>\"no\",\"crossing:markings\"=>\"zebra:bicolour\",\"tactile_paving\"=>\"no\"" }, "geometry": { "type": "Point", "coordinates": [ 37.5760939, 55.7607907 ] } },
{ "type": "Feature", "properties": { "osm_id": "1399841524", "barrier": "kerb", "other_tags": "\"kerb\"=>\"lowered\",\"tactile_paving\"=>\"yes\"" }, "geometry": { "type": "Point", "coordinates": [ 37.5760307, 55.7607959 ] } },
{ "type": "Feature", "properties": { "osm_id": "1399841672", "barrier": "kerb", "other_tags": "\"kerb\"=>\"lowered\",\"tactile_paving\"=>\"yes\"" }, "geometry": { "type": "Point", "coordinates": [ 37.5744699, 55.7613533 ] } },
{ "type": "Feature", "properties": { "osm_id": "1399841676", "highway": "crossing", "other_tags": "\"button_operated\"=>\"no\",\"crossing\"=>\"traffic_signals\",\"tactile_paving\"=>\"no\",\"traffic_signals:sound\"=>\"yes\",\"traffic_signals:vibration\"=>\"no\"" }, "geometry": { "type": "Point", "coordinates": [ 37.5745062, 55.761353 ] } },
{ "type": "Feature", "properties": { "osm_id": "1399841679", "barrier": "kerb", "other_tags": "\"kerb\"=>\"lowered\",\"tactile_paving\"=>\"yes\"" }, "geometry": { "type": "Point", "coordinates": [ 37.5745437, 55.7613526 ] } },
{ "type": "Feature", "properties": { "osm_id": "1399841819", "barrier": "kerb", "other_tags": "\"kerb\"=>\"lowered\",\"tactile_paving\"=>\"yes\"" }, "geometry": { "type": "Point", "coordinates": [ 37.571164, 55.7618117 ] } },
{ "type": "Feature", "properties": { "osm_id": "1399842441", "highway": "crossing", "other_tags": "\"crossing\"=>\"uncontrolled\"" }, "geometry": { "type": "Point", "coordinates": [ 37.5785208, 55.7643949 ] } },
{ "type": "Feature", "properties": { "osm_id": "1399842533", "barrier": "kerb", "other_tags": "\"kerb\"=>\"lowered\",\"tactile_paving\"=>\"yes\"" }, "geometry": { "type": "Point", "coordinates": [ 37.5740287, 55.765059 ] } },
{ "type": "Feature", "properties": { "osm_id": "1399842547", "highway": "crossing", "other_tags": "\"crossing\"=>\"uncontrolled\"" }, "geometry": { "type": "Point", "coordinates": [ 37.573966, 55.7650613 ] } },
{ "type": "Feature", "properties": { "osm_id": "1399842548", "barrier": "kerb", "other_tags": "\"kerb\"=>\"lowered\",\"tactile_paving\"=>\"yes\"" }, "geometry": { "type": "Point", "coordinates": [ 37.5739059, 55.7650609 ] } },
{ "type": "Feature", "properties": { "osm_id": "1399842735", "barrier": "gate", "other_tags": "\"access\"=>\"private\",\"entrance\"=>\"yes\"" }, "geometry": { "type": "Point", "coordinates": [ 37.5758482, 55.7652715 ] } },
{ "type": "Feature", "properties": { "osm_id": "1399842755", "barrier": "kerb", "other_tags": "\"check_date:kerb\"=>\"2021-09-29\",\"kerb\"=>\"lowered\",\"tactile_paving\"=>\"yes\"" }, "geometry": { "type": "Point", "coordinates": [ 37.5721326, 55.7653081 ] } },
{ "type": "Feature", "properties": { "osm_id": "1399842756", "highway": "crossing", "other_tags": "\"crossing\"=>\"marked\",\"crossing:island\"=>\"no\",\"crossing:markings\"=>\"yes\",\"tactile_paving\"=>\"yes\"" }, "geometry": { "type": "Point", "coordinates": [ 37.572066, 55.765311 ] } },
{ "type": "Feature", "properties": { "osm_id": "1399842758", "barrier": "kerb", "other_tags": "\"check_date:kerb\"=>\"2021-09-29\",\"kerb\"=>\"lowered\",\"tactile_paving\"=>\"yes\"" }, "geometry": { "type": "Point", "coordinates": [ 37.5719942, 55.7653136 ] } },
{ "type": "Feature", "properties": { "osm_id": "1399843076", "barrier": "kerb", "other_tags": "\"kerb\"=>\"lowered\",\"tactile_paving\"=>\"no\"" }, "geometry": { "type": "Point", "coordinates": [ 37.5644911, 55.7656302 ] } },
{ "type": "Feature", "properties": { "osm_id": "1399843182", "highway": "crossing", "other_tags": "\"crossing\"=>\"uncontrolled\",\"crossing:island\"=>\"no\",\"tactile_paving\"=>\"no\"" }, "geometry": { "type": "Point", "coordinates": [ 37.5781315, 55.7658371 ] } },
{ "type": "Feature", "properties": { "osm_id": "1399843183", "barrier": "kerb", "other_tags": "\"kerb\"=>\"lowered\",\"tactile_paving\"=>\"yes\"" }, "geometry": { "type": "Point", "coordinates": [ 37.5780429, 55.7658498 ] } },
{ "type": "Feature", "properties": { "osm_id": "1399843301", "highway": "crossing", "other_tags": "\"button_operated\"=>\"no\",\"crossing\"=>\"traffic_signals\",\"crossing:island\"=>\"no\",\"crossing:signals\"=>\"yes\",\"tactile_paving\"=>\"no\",\"traffic_signals:sound\"=>\"no\"" }, "geometry": { "type": "Point", "coordinates": [ 37.5787605, 55.7670046 ] } },
{ "type": "Feature", "properties": { "osm_id": "1399843302", "barrier": "kerb", "other_tags": "\"kerb\"=>\"flush\",\"tactile_paving\"=>\"yes\"" }, "geometry": { "type": "Point", "coordinates": [ 37.5786553, 55.7670272 ] } },
{ "type": "Feature", "properties": { "osm_id": "1399843667", "highway": "crossing", "other_tags": "\"crossing\"=>\"uncontrolled\",\"tactile_paving\"=>\"no\"" }, "geometry": { "type": "Point", "coordinates": [ 37.5865134, 55.7685757 ] } },
{ "type": "Feature", "properties": { "osm_id": "1399843787", "barrier": "kerb", "other_tags": "\"kerb\"=>\"lowered\",\"tactile_paving\"=>\"yes\"" }, "geometry": { "type": "Point", "coordinates": [ 37.5815087, 55.7695676 ] } },
{ "type": "Feature", "properties": { "osm_id": "1400272498", "barrier": "gate", "other_tags": "\"access\"=>\"customers\",\"foot\"=>\"yes\"" }, "geometry": { "type": "Point", "coordinates": [ 37.5848768, 55.7603994 ] } },
{ "type": "Feature", "properties": { "osm_id": "1401862404", "barrier": "kerb", "other_tags": "\"kerb\"=>\"lowered\",\"tactile_paving\"=>\"no\"" }, "geometry": { "type": "Point", "coordinates": [ 37.5844424, 55.7591939 ] } },
{ "type": "Feature", "properties": { "osm_id": "1401862456", "barrier": "kerb", "other_tags": "\"kerb\"=>\"lowered\",\"tactile_paving\"=>\"yes\"" }, "geometry": { "type": "Point", "coordinates": [ 37.5745201, 55.7610831 ] } },
{ "type": "Feature", "properties": { "osm_id": "1401863366", "highway": "crossing", "other_tags": "\"button_operated\"=>\"no\",\"crossing\"=>\"traffic_signals\",\"crossing:island\"=>\"no\",\"tactile_paving\"=>\"yes\",\"traffic_signals:sound\"=>\"no\",\"traffic_signals:vibration\"=>\"no\"" }, "geometry": { "type": "Point", "coordinates": [ 37.5724139, 55.7676358 ] } },
{ "type": "Feature", "properties": { "osm_id": "1401863609", "highway": "crossing", "other_tags": "\"button_operated\"=>\"no\",\"crossing\"=>\"traffic_signals\",\"crossing:island\"=>\"no\",\"tactile_paving\"=>\"no\",\"traffic_signals:sound\"=>\"no\",\"traffic_signals:vibration\"=>\"no\"" }, "geometry": { "type": "Point", "coordinates": [ 37.5724324, 55.767802 ] } },
{ "type": "Feature", "properties": { "osm_id": "1401863832", "other_tags": "\"kerb\"=>\"lowered\",\"tactile_paving\"=>\"yes\"" }, "geometry": { "type": "Point", "coordinates": [ 37.5803483, 55.7685476 ] } },
{ "type": "Feature", "properties": { "osm_id": "1401863913", "highway": "crossing", "other_tags": "\"button_operated\"=>\"no\",\"crossing\"=>\"traffic_signals\",\"crossing:island\"=>\"no\",\"tactile_paving\"=>\"no\",\"traffic_signals:sound\"=>\"no\",\"traffic_signals:vibration\"=>\"no\"" }, "geometry": { "type": "Point", "coordinates": [ 37.5725023, 55.7691526 ] } },
{ "type": "Feature", "properties": { "osm_id": "1402324291", "barrier": "kerb", "other_tags": "\"kerb\"=>\"lowered\"" }, "geometry": { "type": "Point", "coordinates": [ 37.5865113, 55.7592988 ] } },
{ "type": "Feature", "properties": { "osm_id": "1456333359", "name": "Поликлиника №220", "other_tags": "\"bus\"=>\"yes\",\"public_transport\"=>\"stop_position\"" }, "geometry": { "type": "Point", "coordinates": [ 37.5686289, 55.7607862 ] } },
{ "type": "Feature", "properties": { "osm_id": "1456333360", "name": "Метро «Краснопресненская»", "other_tags": "\"bus\"=>\"yes\",\"public_transport\"=>\"stop_position\"" }, "geometry": { "type": "Point", "coordinates": [ 37.5766766, 55.7609948 ] } },
{ "type": "Feature", "properties": { "osm_id": "1456333367", "name": "Метро «Краснопресненская»", "other_tags": "\"bus\"=>\"yes\",\"public_transport\"=>\"stop_position\"" }, "geometry": { "type": "Point", "coordinates": [ 37.5766457, 55.760893 ] } },
{ "type": "Feature", "properties": { "osm_id": "1538298816", "name": "Спиридоновка", "highway": "bus_stop", "other_tags": "\"bench\"=>\"yes\",\"bin\"=>\"yes\",\"bus\"=>\"yes\",\"departures_board\"=>\"realtime\",\"name:uk\"=>\"Спиридонівка\",\"operator\"=>\"Мосгортранс\",\"public_transport\"=>\"platform\",\"shelter\"=>\"yes\",\"tactile_paving\"=>\"no\"" }, "geometry": { "type": "Point", "coordinates": [ 37.5869343, 55.7627962 ] } },
{ "type": "Feature", "properties": { "osm_id": "1682353487", "highway": "crossing", "other_tags": "\"crossing\"=>\"uncontrolled\",\"tactile_paving\"=>\"no\"" }, "geometry": { "type": "Point", "coordinates": [ 37.5888972, 55.7628744 ] } },
{ "type": "Feature", "properties": { "osm_id": "1838704625", "name": "Белые медведи", "other_tags": "\"attraction\"=>\"animal\",\"is_in:zoo\"=>\"Московский зоопарк\"" }, "geometry": { "type": "Point", "coordinates": [ 37.581466, 55.7629086 ] } },
{ "type": "Feature", "properties": { "osm_id": "1838704634", "name": "Гигантская выдра", "other_tags": "\"attraction\"=>\"animal\",\"is_in:zoo\"=>\"Московский зоопарк\"" }, "geometry": { "type": "Point", "coordinates": [ 37.5797218, 55.7625539 ] } },
{ "type": "Feature", "properties": { "osm_id": "1839631442", "name": "Белая сова", "other_tags": "\"attraction\"=>\"animal\",\"is_in:zoo\"=>\"Московский зоопарк\"" }, "geometry": { "type": "Point", "coordinates": [ 37.5810745, 55.7628498 ] } },
{ "type": "Feature", "properties": { "osm_id": "1839631444", "name": "Дом приматов", "other_tags": "\"attraction\"=>\"animal\",\"is_in:zoo\"=>\"Московский зоопарк\"" }, "geometry": { "type": "Point", "coordinates": [ 37.5833966, 55.7622604 ] } },
{ "type": "Feature", "properties": { "osm_id": "1839631447", "name": "Горный козел", "other_tags": "\"attraction\"=>\"animal\",\"is_in:zoo\"=>\"Московский зоопарк\"" }, "geometry": { "type": "Point", "coordinates": [ 37.5820688, 55.7633461 ] } },
{ "type": "Feature", "properties": { "osm_id": "1839631468", "name": "Двупалый ленивцы", "other_tags": "\"attraction\"=>\"animal\",\"is_in:zoo\"=>\"Московский зоопарк\"" }, "geometry": { "type": "Point", "coordinates": [ 37.5796207, 55.7624509 ] } },
{ "type": "Feature", "properties": { "osm_id": "1839631470", "name": "Экзотариум", "other_tags": "\"attraction\"=>\"animal\",\"is_in:zoo\"=>\"Московский зоопарк\"" }, "geometry": { "type": "Point", "coordinates": [ 37.5838609, 55.7641863 ] } },
{ "type": "Feature", "properties": { "osm_id": "1839631476", "name": "Остров зверей", "other_tags": "\"attraction\"=>\"animal\",\"is_in:zoo\"=>\"Московский зоопарк\",\"name:de\"=>\"Tierinsel\",\"name:en\"=>\"Animal Island\",\"name:ru\"=>\"Остров зверей\"" }, "geometry": { "type": "Point", "coordinates": [ 37.5837448, 55.7640503 ] } },
{ "type": "Feature", "properties": { "osm_id": "1845119770", "name": "Капибары", "other_tags": "\"attraction\"=>\"animal\",\"is_in:zoo\"=>\"Московский зоопарк\"" }, "geometry": { "type": "Point", "coordinates": [ 37.5789344, 55.7619505 ] } },
{ "type": "Feature", "properties": { "osm_id": "1845119771", "other_tags": "\"attraction\"=>\"animal\",\"is_in:zoo\"=>\"Московский зоопарк\"" }, "geometry": { "type": "Point", "coordinates": [ 37.5786609, 55.7627484 ] } },
{ "type": "Feature", "properties": { "osm_id": "1845119772", "name": "Японские макаки", "other_tags": "\"attraction\"=>\"animal\",\"is_in:zoo\"=>\"Московский зоопарк\"" }, "geometry": { "type": "Point", "coordinates": [ 37.5790074, 55.7624191 ] } },
{ "type": "Feature", "properties": { "osm_id": "1845119773", "name": "Фауна Китая", "other_tags": "\"attraction\"=>\"animal\",\"is_in:zoo\"=>\"Московский зоопарк\"" }, "geometry": { "type": "Point", "coordinates": [ 37.5748676, 55.7621541 ] } },
{ "type": "Feature", "properties": { "osm_id": "1845119778", "name": "Хищные птицы", "other_tags": "\"attraction\"=>\"animal\",\"is_in:zoo\"=>\"Московский зоопарк\"" }, "geometry": { "type": "Point", "coordinates": [ 37.5769467, 55.7640476 ] } },
{ "type": "Feature", "properties": { "osm_id": "1845119782", "name": "Домашний як", "other_tags": "\"attraction\"=>\"animal\",\"is_in:zoo\"=>\"Московский зоопарк\"" }, "geometry": { "type": "Point", "coordinates": [ 37.5744594, 55.7635945 ] } },
{ "type": "Feature", "properties": { "osm_id": "1845119786", "name": "Овцебыки", "other_tags": "\"attraction\"=>\"animal\",\"is_in:zoo\"=>\"Московский зоопарк\",\"name:de\"=>\"Moschusochse\",\"name:en\"=>\"Musk oxen\",\"name:ru\"=>\"Овцебыки\"" }, "geometry": { "type": "Point", "coordinates": [ 37.5754465, 55.7636309 ] } },
{ "type": "Feature", "properties": { "osm_id": "1845119797", "name": "Енотовидная собака", "other_tags": "\"attraction\"=>\"animal\",\"is_in:zoo\"=>\"Московский зоопарк\"" }, "geometry": { "type": "Point", "coordinates": [ 37.5756404, 55.7623513 ] } },
{ "type": "Feature", "properties": { "osm_id": "1845119798", "name": "Орлан-белохвост", "other_tags": "\"attraction\"=>\"animal\",\"is_in:zoo\"=>\"Московский зоопарк\"" }, "geometry": { "type": "Point", "coordinates": [ 37.5765176, 55.7628566 ] } },
{ "type": "Feature", "properties": { "osm_id": "1845119799", "name": "Сумеречный мир", "other_tags": "\"attraction\"=>\"animal\",\"is_in:zoo\"=>\"Московский зоопарк\"" }, "geometry": { "type": "Point", "coordinates": [ 37.5778753, 55.7631831 ] } },
{ "type": "Feature", "properties": { "osm_id": "1845119803", "name": "Древо Жизни/Леопард", "other_tags": "\"artwork_type\"=>\"sculpture\",\"tourism\"=>\"artwork\",\"wikidata\"=>\"Q21026856\",\"wikipedia\"=>\"ru:Дерево жизни (монумент)\"" }, "geometry": { "type": "Point", "coordinates": [ 37.5781789, 55.7630624 ] } },
{ "type": "Feature", "properties": { "osm_id": "1845119806", "name": "Дельфины", "other_tags": "\"attraction\"=>\"animal\",\"is_in:zoo\"=>\"Московский зоопарк\",\"name:de\"=>\"Delphine\",\"name:en\"=>\"Dolphins\"" }, "geometry": { "type": "Point", "coordinates": [ 37.5751407, 55.7645031 ] } },
{ "type": "Feature", "properties": { "osm_id": "1845119810", "name": "Ирбис", "other_tags": "\"animal\"=>\"goat\",\"attraction\"=>\"animal\",\"is_in:zoo\"=>\"Московский зоопарк\"" }, "geometry": { "type": "Point", "coordinates": [ 37.5762349, 55.7635003 ] } },
{ "type": "Feature", "properties": { "osm_id": "1845119825", "name": "Кошачий ряд", "other_tags": "\"attraction\"=>\"animal\",\"is_in:zoo\"=>\"Московский зоопарк\"" }, "geometry": { "type": "Point", "coordinates": [ 37.5751857, 55.7632322 ] } },
{ "type": "Feature", "properties": { "osm_id": "1845119826", "name": "Альпака", "other_tags": "\"attraction\"=>\"animal\",\"is_in:zoo\"=>\"Московский зоопарк\"" }, "geometry": { "type": "Point", "coordinates": [ 37.5762466, 55.7631924 ] } },
{ "type": "Feature", "properties": { "osm_id": "1845119831", "name": "Гимолайский медведь", "other_tags": "\"attraction\"=>\"animal\",\"is_in:zoo\"=>\"Московский зоопарк\"" }, "geometry": { "type": "Point", "coordinates": [ 37.5748993, 55.762708 ] } },
{ "type": "Feature", "properties": { "osm_id": "1845119835", "name": "Волки", "other_tags": "\"attraction\"=>\"animal\",\"is_in:zoo\"=>\"Московский зоопарк\"" }, "geometry": { "type": "Point", "coordinates": [ 37.5778343, 55.7634284 ] } },
{ "type": "Feature", "properties": { "osm_id": "2038035108", "other_tags": "\"leisure\"=>\"playground\"" }, "geometry": { "type": "Point", "coordinates": [ 37.5845485, 55.7603782 ] } },
{ "type": "Feature", "properties": { "osm_id": "2277752657", "name": "Бургер Кинг", "other_tags": "\"air_conditioning\"=>\"yes\",\"amenity\"=>\"fast_food\",\"brand\"=>\"Бургер Кинг\",\"brand:en\"=>\"Burger King\",\"brand:ru\"=>\"Бургер Кинг\",\"brand:wikidata\"=>\"Q177054\",\"brand:wikipedia\"=>\"ru:Burger King\",\"check_date\"=>\"2025-05-17\",\"contact:email\"=>\"info@burgerkingrus.ru\",\"contact:phone\"=>\"+7 495 5445000\",\"contact:telegram\"=>\"https://t.me/burgerkingrf\",\"contact:vk\"=>\"https://vk.com/burgerking\",\"contact:website\"=>\"https://burgerkingrus.ru/\",\"cuisine\"=>\"burger\",\"diet:vegetarian\"=>\"no\",\"internet_access\"=>\"wlan\",\"internet_access:fee\"=>\"no\",\"name:en\"=>\"Burger King\",\"name:ru\"=>\"Бургер Кинг\",\"opening_hours\"=>\"Mo-Th 06:00-02:55, Fr 06:00-24:00; Sa 00:00-05:55,06:00-24:00; Su 00:00-05:55,06:00-02:55\",\"operator\"=>\"ООО \\\"Бургер Рус\\\"\",\"takeaway\"=>\"yes\"" }, "geometry": { "type": "Point", "coordinates": [ 37.5846467, 55.7599927 ] } },
{ "type": "Feature", "properties": { "osm_id": "2277752676", "name": "Шоколадница", "other_tags": "\"amenity\"=>\"cafe\",\"brand\"=>\"Шоколадница\",\"brand:en\"=>\"Chocolate\",\"brand:wikidata\"=>\"Q30891188\",\"check_date\"=>\"2022-06-05\",\"contact:facebook\"=>\"https://www.facebook.com/shoko.ru\",\"contact:phone\"=>\"+7 985 6494033\",\"contact:website\"=>\"http://shoko.ru\",\"cuisine\"=>\"coffee_shop\",\"diet:vegetarian\"=>\"no\",\"name:en\"=>\"Shokoladnitsa\",\"opening_hours\"=>\"Fr 08:00-23:00; Mo-Th 08:00-22:00; Sa-Su 09:00-23:00\",\"operator\"=>\"Шоколадница\",\"takeaway\"=>\"yes\"" }, "geometry": { "type": "Point", "coordinates": [ 37.5847296, 55.7600899 ] } },
{ "type": "Feature", "properties": { "osm_id": "2277752725", "name": "Малая Никитская улица", "highway": "bus_stop", "other_tags": "\"bench\"=>\"yes\",\"bin\"=>\"yes\",\"bus\"=>\"yes\",\"departures_board\"=>\"realtime\",\"lit\"=>\"yes\",\"name:uk\"=>\"Мала Нікітська вулиця\",\"operator\"=>\"Мосгортранс\",\"public_transport\"=>\"platform\",\"shelter\"=>\"yes\",\"tactile_paving\"=>\"no\"" }, "geometry": { "type": "Point", "coordinates": [ 37.5849709, 55.7600467 ] } },
{ "type": "Feature", "properties": { "osm_id": "2277752739", "barrier": "gate", "other_tags": "\"access\"=>\"yes\"" }, "geometry": { "type": "Point", "coordinates": [ 37.5855432, 55.7610394 ] } },
{ "type": "Feature", "properties": { "osm_id": "2277752742", "other_tags": "\"entrance\"=>\"main\"" }, "geometry": { "type": "Point", "coordinates": [ 37.5839433, 55.7614767 ] } },
{ "type": "Feature", "properties": { "osm_id": "2277752764", "barrier": "lift_gate", "other_tags": "\"bicycle\"=>\"yes\",\"foot\"=>\"yes\",\"motor_vehicle\"=>\"private\"" }, "geometry": { "type": "Point", "coordinates": [ 37.5859007, 55.7616234 ] } },
{ "type": "Feature", "properties": { "osm_id": "2277752774", "barrier": "gate" }, "geometry": { "type": "Point", "coordinates": [ 37.5864676, 55.7623447 ] } },
{ "type": "Feature", "properties": { "osm_id": "2277752781", "barrier": "gate", "other_tags": "\"entrance\"=>\"main\"" }, "geometry": { "type": "Point", "coordinates": [ 37.5880411, 55.7642249 ] } },
{ "type": "Feature", "properties": { "osm_id": "2291301771", "name": "Прана", "other_tags": "\"contact:phone\"=>\"+7 495 7836996;+7 968 8216921\",\"contact:website\"=>\"http://pranayoga.ru\",\"leisure\"=>\"sports_centre\",\"sport\"=>\"yoga\"" }, "geometry": { "type": "Point", "coordinates": [ 37.5808198, 55.7652327 ] } },
{ "type": "Feature", "properties": { "osm_id": "2294118505", "barrier": "lift_gate" }, "geometry": { "type": "Point", "coordinates": [ 37.587993, 55.7671319 ] } },
{ "type": "Feature", "properties": { "osm_id": "2318110726", "other_tags": "\"leisure\"=>\"playground\"" }, "geometry": { "type": "Point", "coordinates": [ 37.5793588, 55.7636651 ] } },
{ "type": "Feature", "properties": { "osm_id": "2318110727", "other_tags": "\"leisure\"=>\"playground\"" }, "geometry": { "type": "Point", "coordinates": [ 37.5797594, 55.7647289 ] } },
{ "type": "Feature", "properties": { "osm_id": "2318124178", "name": "Гастроном", "other_tags": "\"opening_hours\"=>\"Mo-Su 08:30-22:30\",\"shop\"=>\"convenience\"" }, "geometry": { "type": "Point", "coordinates": [ 37.5819794, 55.7644967 ] } },
{ "type": "Feature", "properties": { "osm_id": "2318127161", "name": "Шестнадцатый", "other_tags": "\"opening_hours\"=>\"Mo-Fr 09:00-14:00,14:30-21:00; Sa-Su 10:00-14:30,22:00-22:00\",\"was:shop\"=>\"convenience\"" }, "geometry": { "type": "Point", "coordinates": [ 37.5787211, 55.7647666 ] } },
{ "type": "Feature", "properties": { "osm_id": "2322354024", "name": "Метро «Краснопресненская»", "highway": "bus_stop", "other_tags": "\"alt_name\"=>\"Станция метро «Краснопресненская»\",\"bench\"=>\"yes\",\"bin\"=>\"yes\",\"bus\"=>\"yes\",\"check_date:shelter\"=>\"2021-03-11\",\"name:uk\"=>\"Метро «Червонопресненська»\",\"public_transport\"=>\"platform\",\"shelter\"=>\"yes\",\"tactile_paving\"=>\"no\"" }, "geometry": { "type": "Point", "coordinates": [ 37.5784086, 55.7603546 ] } },
{ "type": "Feature", "properties": { "osm_id": "2322354025", "name": "Метро «Краснопресненская»", "highway": "bus_stop", "other_tags": "\"alt_name\"=>\"Станция метро «Краснопресненская»\",\"bench\"=>\"yes\",\"bin\"=>\"yes\",\"bus\"=>\"yes\",\"check_date:shelter\"=>\"2021-03-11\",\"lit\"=>\"yes\",\"name:uk\"=>\"Метро «Червонопресненська»\",\"public_transport\"=>\"platform\",\"shelter\"=>\"yes\",\"tactile_paving\"=>\"no\"" }, "geometry": { "type": "Point", "coordinates": [ 37.5772476, 55.7606886 ] } },
{ "type": "Feature", "properties": { "osm_id": "2322354026", "name": "Метро «Краснопресненская»", "highway": "bus_stop", "ref": "6047", "other_tags": "\"alt_name\"=>\"Станция метро «Краснопресненская»\",\"bench\"=>\"yes\",\"bin\"=>\"yes\",\"bus\"=>\"yes\",\"check_date:shelter\"=>\"2021-04-01\",\"lit\"=>\"yes\",\"name:uk\"=>\"Метро «Червонопресненська»\",\"public_transport\"=>\"platform\",\"shelter\"=>\"yes\",\"tactile_paving\"=>\"no\"" }, "geometry": { "type": "Point", "coordinates": [ 37.5765962, 55.7607642 ] } },
{ "type": "Feature", "properties": { "osm_id": "2329744216", "name": "Малая Никитская улица", "highway": "bus_stop", "other_tags": "\"bench\"=>\"yes\",\"bin\"=>\"yes\",\"bus\"=>\"yes\",\"name:uk\"=>\"Мала Нікітська вулиця\",\"operator\"=>\"Мосгортранс\",\"public_transport\"=>\"platform\",\"shelter\"=>\"yes\"" }, "geometry": { "type": "Point", "coordinates": [ 37.5856091, 55.7599585 ] } },
{ "type": "Feature", "properties": { "osm_id": "2355462417", "name": "БФ \"Адреса милосердия\"", "other_tags": "\"contact:website\"=>\"http://admil.ru\",\"office\"=>\"ngo\"" }, "geometry": { "type": "Point", "coordinates": [ 37.5796064, 55.7645053 ] } },
{ "type": "Feature", "properties": { "osm_id": "2407376742", "name": "Малая Никитская улица", "other_tags": "\"bus\"=>\"yes\",\"public_transport\"=>\"stop_position\"" }, "geometry": { "type": "Point", "coordinates": [ 37.5851573, 55.7600076 ] } },
{ "type": "Feature", "properties": { "osm_id": "2407376743", "name": "Малая Никитская улица", "other_tags": "\"bus\"=>\"yes\",\"public_transport\"=>\"stop_position\"" }, "geometry": { "type": "Point", "coordinates": [ 37.5854037, 55.7599454 ] } },
{ "type": "Feature", "properties": { "osm_id": "2407376798", "name": "Спиридоновка", "other_tags": "\"bus\"=>\"yes\",\"public_transport\"=>\"stop_position\"" }, "geometry": { "type": "Point", "coordinates": [ 37.5875719, 55.7629099 ] } },
{ "type": "Feature", "properties": { "osm_id": "2407376799", "name": "Спиридоновка", "other_tags": "\"bus\"=>\"yes\",\"public_transport\"=>\"stop_position\"" }, "geometry": { "type": "Point", "coordinates": [ 37.5871503, 55.7627471 ] } },
{ "type": "Feature", "properties": { "osm_id": "2425418719", "barrier": "kerb", "other_tags": "\"kerb\"=>\"lowered\",\"tactile_paving\"=>\"yes\"" }, "geometry": { "type": "Point", "coordinates": [ 37.5870873, 55.7681151 ] } },
{ "type": "Feature", "properties": { "osm_id": "2425418740", "highway": "crossing", "other_tags": "\"crossing\"=>\"traffic_signals\"" }, "geometry": { "type": "Point", "coordinates": [ 37.5870101, 55.7681838 ] } },
{ "type": "Feature", "properties": { "osm_id": "2445728289", "name": "Бургер Кинг", "other_tags": "\"addr:floor\"=>\"1\",\"addr:housenumber\"=>\"4\",\"addr:street\"=>\"улица Красная Пресня\",\"air_conditioning\"=>\"yes\",\"amenity\"=>\"fast_food\",\"brand\"=>\"Бургер Кинг\",\"brand:en\"=>\"Burger King\",\"brand:ru\"=>\"Бургер Кинг\",\"brand:wikidata\"=>\"Q177054\",\"brand:wikipedia\"=>\"ru:Burger King\",\"check_date\"=>\"2026-04-25\",\"contact:email\"=>\"info@burgerkingrus.ru\",\"contact:phone\"=>\"+7 495 5445000\",\"contact:telegram\"=>\"https://t.me/burgerkingrf\",\"contact:vk\"=>\"https://vk.com/burgerking\",\"contact:website\"=>\"https://burgerkingrus.ru/\",\"cuisine\"=>\"burger\",\"diet:vegetarian\"=>\"no\",\"indoor_seating\"=>\"yes\",\"internet_access\"=>\"wlan\",\"internet_access:fee\"=>\"no\",\"level\"=>\"0\",\"name:en\"=>\"Burger King\",\"name:ru\"=>\"Бургер Кинг\",\"opening_hours\"=>\"Mo-Su 06:00-02:55\",\"operator\"=>\"ООО \\\"Бургер Рус\\\"\",\"outdoor_seating\"=>\"yes\",\"takeaway\"=>\"yes\",\"toilets:wheelchair\"=>\"no\",\"wheelchair\"=>\"yes\"" }, "geometry": { "type": "Point", "coordinates": [ 37.5757927, 55.7612382 ] } },
{ "type": "Feature", "properties": { "osm_id": "2446410172", "name": "Остерия Марио", "other_tags": "\"amenity\"=>\"restaurant\",\"check_date\"=>\"2025-12-20\",\"contact:instagram\"=>\"https://www.instagram.com/osteriamario\",\"contact:website\"=>\"http://osteriamario.ru\",\"cuisine\"=>\"italian\",\"name:en\"=>\"Osteria Mario\",\"name:it\"=>\"Osteria Mario\"" }, "geometry": { "type": "Point", "coordinates": [ 37.5792685, 55.7606106 ] } },
{ "type": "Feature", "properties": { "osm_id": "2488654210", "other_tags": "\"access\"=>\"yes\",\"leisure\"=>\"playground\"" }, "geometry": { "type": "Point", "coordinates": [ 37.5736199, 55.766674 ] } },
{ "type": "Feature", "properties": { "osm_id": "2488654216", "barrier": "lift_gate", "other_tags": "\"bicycle\"=>\"yes\",\"foot\"=>\"yes\",\"motor_vehicle\"=>\"private\"" }, "geometry": { "type": "Point", "coordinates": [ 37.574213, 55.7667167 ] } },
{ "type": "Feature", "properties": { "osm_id": "2488656113", "barrier": "chain" }, "geometry": { "type": "Point", "coordinates": [ 37.5758837, 55.7658496 ] } },
{ "type": "Feature", "properties": { "osm_id": "2491694034", "name": "ВкусВилл", "other_tags": "\"brand\"=>\"ВкусВилл\",\"brand:wikidata\"=>\"Q57271676\",\"check_date\"=>\"2023-04-02\",\"contact:email\"=>\"info@izbenka.msk.ru\",\"contact:facebook\"=>\"https://www.facebook.com/vkusvill.ru\",\"contact:instagram\"=>\"https://www.instagram.com/vkusvill_ru/\",\"contact:phone\"=>\"+7 495 6638602\",\"contact:telegram\"=>\"https://telegram.me/vkusvillbot\",\"contact:twitter\"=>\"https://twitter.com/we_are_vkusvill\",\"contact:vk\"=>\"https://vk.com/vkusvill_ru\",\"contact:website\"=>\"https://vkusvill.ru\",\"opening_hours\"=>\"Mo-Fr 08:00-22:00; Sa-Su 09:00-22:00\",\"payment:mastercard\"=>\"yes\",\"payment:visa\"=>\"yes\",\"shop\"=>\"convenience\",\"wheelchair\"=>\"yes\"" }, "geometry": { "type": "Point", "coordinates": [ 37.5817045, 55.7655411 ] } },
{ "type": "Feature", "properties": { "osm_id": "2530739351", "name": "Pokeville", "other_tags": "\"amenity\"=>\"restaurant\",\"contact:vk\"=>\"https://vk.com/pokevillecafe\",\"cuisine\"=>\"burger\",\"internet_access\"=>\"wlan\",\"internet_access:fee\"=>\"no\",\"opening_hours\"=>\"Mo-Su 10:00-23:00; Fr,Sa 09:00-24:00\"" }, "geometry": { "type": "Point", "coordinates": [ 37.5799267, 55.7613639 ] } },
{ "type": "Feature", "properties": { "osm_id": "2572579337", "other_tags": "\"entrance\"=>\"exit\"" }, "geometry": { "type": "Point", "coordinates": [ 37.5837851, 55.7609466 ] } },
{ "type": "Feature", "properties": { "osm_id": "2572579438", "barrier": "gate", "other_tags": "\"access\"=>\"permissive\"" }, "geometry": { "type": "Point", "coordinates": [ 37.5854943, 55.7609714 ] } },
{ "type": "Feature", "properties": { "osm_id": "2572579458", "barrier": "chain", "other_tags": "\"access\"=>\"no\"" }, "geometry": { "type": "Point", "coordinates": [ 37.5853982, 55.7610307 ] } },
{ "type": "Feature", "properties": { "osm_id": "2572579700", "barrier": "lift_gate" }, "geometry": { "type": "Point", "coordinates": [ 37.5796432, 55.7623055 ] } },
{ "type": "Feature", "properties": { "osm_id": "2572579709", "barrier": "gate" }, "geometry": { "type": "Point", "coordinates": [ 37.579889, 55.7624226 ] } },
{ "type": "Feature", "properties": { "osm_id": "2572579751", "other_tags": "\"entrance\"=>\"yes\"" }, "geometry": { "type": "Point", "coordinates": [ 37.5803849, 55.7625461 ] } },
{ "type": "Feature", "properties": { "osm_id": "2572814321", "other_tags": "\"natural\"=>\"tree\"" }, "geometry": { "type": "Point", "coordinates": [ 37.5773455, 55.7631429 ] } },
{ "type": "Feature", "properties": { "osm_id": "2575625325", "other_tags": "\"amenity\"=>\"toilets\",\"check_date\"=>\"2025-12-20\",\"fee\"=>\"yes\",\"survey:date\"=>\"2022-03-13\",\"toilets:disposal\"=>\"flush\",\"unisex\"=>\"yes\",\"wheelchair\"=>\"no\"" }, "geometry": { "type": "Point", "coordinates": [ 37.5814926, 55.7604117 ] } },
{ "type": "Feature", "properties": { "osm_id": "2575626696", "other_tags": "\"amenity\"=>\"atm\",\"brand\"=>\"ВТБ\",\"brand:en\"=>\"VTB Bank\",\"brand:wikidata\"=>\"Q1549389\",\"brand:wikipedia\"=>\"en:VTB Bank\",\"contact:phone\"=>\"+7 800 1002424\",\"contact:website\"=>\"https://www.vtb.ru/\",\"operator\"=>\"Банк ВТБ (ПАО)\",\"operator:wikidata\"=>\"Q1549389\",\"operator:wikipedia\"=>\"en:VTB Bank\"" }, "geometry": { "type": "Point", "coordinates": [ 37.5812781, 55.7608509 ] } },
{ "type": "Feature", "properties": { "osm_id": "2583555275", "highway": "crossing", "other_tags": "\"crossing\"=>\"uncontrolled\"" }, "geometry": { "type": "Point", "coordinates": [ 37.5740926, 55.7610464 ] } },
{ "type": "Feature", "properties": { "osm_id": "2583580835", "barrier": "gate" }, "geometry": { "type": "Point", "coordinates": [ 37.5757591, 55.7600293 ] } },
{ "type": "Feature", "properties": { "osm_id": "2583580860", "barrier": "gate", "other_tags": "\"bicycle\"=>\"yes\",\"foot\"=>\"yes\"" }, "geometry": { "type": "Point", "coordinates": [ 37.5758238, 55.7603141 ] } },
{ "type": "Feature", "properties": { "osm_id": "2583580895", "barrier": "kerb", "other_tags": "\"kerb\"=>\"lowered\",\"tactile_paving\"=>\"yes\"" }, "geometry": { "type": "Point", "coordinates": [ 37.5761829, 55.7607832 ] } },
{ "type": "Feature", "properties": { "osm_id": "2583596234", "barrier": "lift_gate", "other_tags": "\"bicycle\"=>\"yes\",\"foot\"=>\"yes\"" }, "geometry": { "type": "Point", "coordinates": [ 37.5757313, 55.7599562 ] } },
{ "type": "Feature", "properties": { "osm_id": "2583649482", "name": "Рабочий-дружинник", "other_tags": "\"artist_name\"=>\"А. Е. Зелинский\",\"historic\"=>\"memorial\",\"memorial\"=>\"statue\",\"memorial:conflict\"=>\"Russian_Revolution_of_1905\",\"start_date\"=>\"1955\"" }, "geometry": { "type": "Point", "coordinates": [ 37.5771992, 55.7604201 ] } },
{ "type": "Feature", "properties": { "osm_id": "2583664701", "highway": "crossing", "other_tags": "\"crossing\"=>\"traffic_signals\",\"tactile_paving\"=>\"no\",\"traffic_signals:sound\"=>\"no\",\"traffic_signals:vibration\"=>\"no\"" }, "geometry": { "type": "Point", "coordinates": [ 37.5785235, 55.7605482 ] } },
{ "type": "Feature", "properties": { "osm_id": "2625813515", "highway": "crossing", "other_tags": "\"crossing\"=>\"uncontrolled\"" }, "geometry": { "type": "Point", "coordinates": [ 37.5866991, 55.7593246 ] } },
{ "type": "Feature", "properties": { "osm_id": "2625814853", "highway": "crossing", "other_tags": "\"crossing\"=>\"uncontrolled\"" }, "geometry": { "type": "Point", "coordinates": [ 37.5908807, 55.7595541 ] } },
{ "type": "Feature", "properties": { "osm_id": "2625816101", "highway": "crossing", "other_tags": "\"crossing\"=>\"uncontrolled\"" }, "geometry": { "type": "Point", "coordinates": [ 37.5872041, 55.7599862 ] } },
{ "type": "Feature", "properties": { "osm_id": "2625816627", "highway": "crossing", "other_tags": "\"crossing\"=>\"uncontrolled\"" }, "geometry": { "type": "Point", "coordinates": [ 37.5875698, 55.7608191 ] } },
{ "type": "Feature", "properties": { "osm_id": "2626849747", "other_tags": "\"amenity\"=>\"atm\",\"brand\"=>\"Уралсиб\",\"brand:en\"=>\"Uralsib Bank\",\"brand:ru\"=>\"Уралсиб\",\"brand:wikidata\"=>\"Q4476693\",\"contact:phone\"=>\"+7 800 2005520\",\"contact:website\"=>\"https://uralsib.ru/\",\"opening_hours\"=>\"24/7\",\"operator\"=>\"Уралсиб\",\"operator:wikidata\"=>\"Q4476693\"" }, "geometry": { "type": "Point", "coordinates": [ 37.584559, 55.760099 ] } },
{ "type": "Feature", "properties": { "osm_id": "2641808409", "name": "Кофе Хауз", "other_tags": "\"brand\"=>\"Кофе Хауз\",\"brand:wikidata\"=>\"Q4236456\",\"contact:facebook\"=>\"https://www.facebook.com/coffeehouse.ru\",\"contact:phone\"=>\"+7 964 5775890\",\"contact:website\"=>\"https://coffeehouse.ru\",\"cuisine\"=>\"coffee_shop\",\"diet:vegetarian\"=>\"yes\",\"internet_access\"=>\"wlan\",\"internet_access:fee\"=>\"no\",\"name:en\"=>\"Coffee House\",\"opening_hours\"=>\"24/7\",\"operator\"=>\"Кофе Хауз\",\"operator:wikidata\"=>\"Q4236456\",\"operator:wikipedia\"=>\"ru:Кофе Хауз\",\"takeaway\"=>\"yes\",\"was:amenity\"=>\"cafe\"" }, "geometry": { "type": "Point", "coordinates": [ 37.580628, 55.7598182 ] } },
{ "type": "Feature", "properties": { "osm_id": "2694460680", "name": "Vasilchuki Chaihona №1", "other_tags": "\"amenity\"=>\"restaurant\",\"contact:email\"=>\"marketing@resproject.ru\",\"contact:phone\"=>\"+7 495 2340233\",\"contact:vk\"=>\"https://vk.com/chaihona1\",\"contact:website\"=>\"http://chaihona.ru/\",\"cuisine\"=>\"uzbek\",\"name:en\"=>\"Chaihona #1\",\"official_name\"=>\"Vasilchuki Chaihona №1\",\"opening_hours\"=>\"Mo-Su 11:30-24:00\",\"operator\"=>\"ЭкономТехТорг\"" }, "geometry": { "type": "Point", "coordinates": [ 37.5795669, 55.7617034 ] } },
{ "type": "Feature", "properties": { "osm_id": "2731079766", "barrier": "gate" }, "geometry": { "type": "Point", "coordinates": [ 37.5871833, 55.764237 ] } },
{ "type": "Feature", "properties": { "osm_id": "2733810455", "barrier": "gate" }, "geometry": { "type": "Point", "coordinates": [ 37.5847932, 55.7659044 ] } },
{ "type": "Feature", "properties": { "osm_id": "2733810458", "barrier": "gate" }, "geometry": { "type": "Point", "coordinates": [ 37.5853879, 55.7663568 ] } },
{ "type": "Feature", "properties": { "osm_id": "2736329478", "barrier": "lift_gate" }, "geometry": { "type": "Point", "coordinates": [ 37.5871106, 55.7636973 ] } },
{ "type": "Feature", "properties": { "osm_id": "2736329518", "other_tags": "\"entrance\"=>\"yes\"" }, "geometry": { "type": "Point", "coordinates": [ 37.583819, 55.7649794 ] } },
{ "type": "Feature", "properties": { "osm_id": "2868717844", "barrier": "lift_gate", "other_tags": "\"bicycle\"=>\"yes\",\"foot\"=>\"yes\"" }, "geometry": { "type": "Point", "coordinates": [ 37.5815041, 55.7600509 ] } },
{ "type": "Feature", "properties": { "osm_id": "2923878153", "other_tags": "\"entrance\"=>\"yes\"" }, "geometry": { "type": "Point", "coordinates": [ 37.5838318, 55.7658458 ] } },
{ "type": "Feature", "properties": { "osm_id": "2923878311", "other_tags": "\"entrance\"=>\"main\"" }, "geometry": { "type": "Point", "coordinates": [ 37.5859971, 55.7669104 ] } },
{ "type": "Feature", "properties": { "osm_id": "2923928485", "barrier": "kerb", "other_tags": "\"kerb\"=>\"lowered\",\"tactile_paving\"=>\"no\"" }, "geometry": { "type": "Point", "coordinates": [ 37.5865464, 55.768551 ] } },
{ "type": "Feature", "properties": { "osm_id": "2923928487", "barrier": "kerb", "other_tags": "\"kerb\"=>\"lowered\",\"tactile_paving\"=>\"no\"" }, "geometry": { "type": "Point", "coordinates": [ 37.5864817, 55.7685992 ] } },
{ "type": "Feature", "properties": { "osm_id": "2923941201", "other_tags": "\"amenity\"=>\"car_wash\"" }, "geometry": { "type": "Point", "coordinates": [ 37.5832896, 55.766431 ] } },
{ "type": "Feature", "properties": { "osm_id": "2923941208", "barrier": "gate" }, "geometry": { "type": "Point", "coordinates": [ 37.5853984, 55.7666052 ] } },
{ "type": "Feature", "properties": { "osm_id": "2923941211", "other_tags": "\"amenity\"=>\"parking_entrance\"" }, "geometry": { "type": "Point", "coordinates": [ 37.5830853, 55.7666048 ] } },
{ "type": "Feature", "properties": { "osm_id": "2923941213", "other_tags": "\"amenity\"=>\"parking_entrance\"" }, "geometry": { "type": "Point", "coordinates": [ 37.5842827, 55.7668127 ] } },
{ "type": "Feature", "properties": { "osm_id": "2923941219", "barrier": "gate" }, "geometry": { "type": "Point", "coordinates": [ 37.5843994, 55.7668755 ] } },
{ "type": "Feature", "properties": { "osm_id": "2923949095", "barrier": "lift_gate", "other_tags": "\"access\"=>\"private\"" }, "geometry": { "type": "Point", "coordinates": [ 37.5795973, 55.7652996 ] } },
{ "type": "Feature", "properties": { "osm_id": "2940549542", "name": "Kotleta", "other_tags": "\"amenity\"=>\"cafe\",\"contact:facebook\"=>\"https://www.facebook.com/russiankotleta\",\"cuisine\"=>\"burger\",\"opening_hours\"=>\"Mo-Su 10:00-20:00\"" }, "geometry": { "type": "Point", "coordinates": [ 37.5757965, 55.764985 ] } },
{ "type": "Feature", "properties": { "osm_id": "2954762039", "barrier": "kerb", "other_tags": "\"kerb\"=>\"lowered\",\"tactile_paving\"=>\"yes\"" }, "geometry": { "type": "Point", "coordinates": [ 37.5784414, 55.7605487 ] } },
{ "type": "Feature", "properties": { "osm_id": "2954762078", "barrier": "gate" }, "geometry": { "type": "Point", "coordinates": [ 37.5828894, 55.7667758 ] } },
{ "type": "Feature", "properties": { "osm_id": "2954762081", "barrier": "gate" }, "geometry": { "type": "Point", "coordinates": [ 37.5820668, 55.7668122 ] } },
{ "type": "Feature", "properties": { "osm_id": "2954762097", "barrier": "gate" }, "geometry": { "type": "Point", "coordinates": [ 37.5828548, 55.7673944 ] } },
{ "type": "Feature", "properties": { "osm_id": "2959689196", "name": "Кондитерская Олега Ильина", "other_tags": "\"amenity\"=>\"cafe\",\"check_date\"=>\"2026-05-01\",\"contact:facebook\"=>\"sweetstore.konditerskaya\",\"contact:phone\"=>\"+7 495 7997707\",\"contact:website\"=>\"http://www.sweetstore.ru\",\"cuisine\"=>\"cake\",\"name:en\"=>\"Konditerskaya Olega Ilyina\",\"opening_hours\"=>\"Mo-Su 10:00-22:00\"" }, "geometry": { "type": "Point", "coordinates": [ 37.5801976, 55.7595988 ] } },
{ "type": "Feature", "properties": { "osm_id": "2992065485", "ref": "4", "other_tags": "\"addr:flats\"=>\"31-40\",\"addr:street\"=>\"Большой Конюшковский переулок\",\"entrance\"=>\"staircase\"" }, "geometry": { "type": "Point", "coordinates": [ 37.5796256, 55.7591178 ] } },
{ "type": "Feature", "properties": { "osm_id": "2992065486", "ref": "3", "other_tags": "\"addr:flats\"=>\"21-30\",\"entrance\"=>\"staircase\"" }, "geometry": { "type": "Point", "coordinates": [ 37.5796506, 55.7592803 ] } },
{ "type": "Feature", "properties": { "osm_id": "2992065487", "ref": "2", "other_tags": "\"addr:flats\"=>\"11-20\",\"entrance\"=>\"staircase\"" }, "geometry": { "type": "Point", "coordinates": [ 37.5796603, 55.7593562 ] } },
{ "type": "Feature", "properties": { "osm_id": "2992065488", "ref": "1", "other_tags": "\"addr:flats\"=>\"1-10\",\"addr:housenumber\"=>\"27А\",\"addr:street\"=>\"Большой Конюшковский переулок\",\"entrance\"=>\"staircase\"" }, "geometry": { "type": "Point", "coordinates": [ 37.5796851, 55.7595174 ] } },
{ "type": "Feature", "properties": { "osm_id": "2994786042", "barrier": "gate", "other_tags": "\"access\"=>\"private\"" }, "geometry": { "type": "Point", "coordinates": [ 37.5840601, 55.7592911 ] } },
{ "type": "Feature", "properties": { "osm_id": "2994786049", "barrier": "gate" }, "geometry": { "type": "Point", "coordinates": [ 37.5843788, 55.7597786 ] } },
{ "type": "Feature", "properties": { "osm_id": "2994786056", "barrier": "gate", "other_tags": "\"access\"=>\"private\"" }, "geometry": { "type": "Point", "coordinates": [ 37.5835424, 55.7600535 ] } },
{ "type": "Feature", "properties": { "osm_id": "2997179276", "highway": "crossing", "other_tags": "\"crossing\"=>\"uncontrolled\"" }, "geometry": { "type": "Point", "coordinates": [ 37.5714649, 55.7588838 ] } },
{ "type": "Feature", "properties": { "osm_id": "2997179279", "highway": "crossing", "other_tags": "\"crossing\"=>\"uncontrolled\"" }, "geometry": { "type": "Point", "coordinates": [ 37.572077, 55.7597635 ] } },
{ "type": "Feature", "properties": { "osm_id": "2997179281", "highway": "crossing", "other_tags": "\"crossing\"=>\"traffic_signals\"" }, "geometry": { "type": "Point", "coordinates": [ 37.5706155, 55.7602588 ] } },
{ "type": "Feature", "properties": { "osm_id": "2997179283", "highway": "crossing", "other_tags": "\"crossing\"=>\"uncontrolled\"" }, "geometry": { "type": "Point", "coordinates": [ 37.5694197, 55.7605749 ] } },
{ "type": "Feature", "properties": { "osm_id": "2997179284", "highway": "crossing", "other_tags": "\"crossing\"=>\"uncontrolled\"" }, "geometry": { "type": "Point", "coordinates": [ 37.5679813, 55.7609599 ] } },
{ "type": "Feature", "properties": { "osm_id": "3123637874", "name": "Росавтобанк", "other_tags": "\"addr:housenumber\"=>\"26 с2\",\"addr:street\"=>\"Зоологическая улица\",\"was:amenity\"=>\"bank\"" }, "geometry": { "type": "Point", "coordinates": [ 37.5815041, 55.7666626 ] } },
{ "type": "Feature", "properties": { "osm_id": "3123637877", "barrier": "lift_gate", "other_tags": "\"bicycle\"=>\"permissive\",\"foot\"=>\"permissive\"" }, "geometry": { "type": "Point", "coordinates": [ 37.5818097, 55.7663092 ] } },
{ "type": "Feature", "properties": { "osm_id": "3123637884", "barrier": "lift_gate", "other_tags": "\"bicycle\"=>\"permissive\",\"foot\"=>\"permissive\"" }, "geometry": { "type": "Point", "coordinates": [ 37.5810624, 55.7665958 ] } },
{ "type": "Feature", "properties": { "osm_id": "3123637891", "other_tags": "\"entrance\"=>\"yes\"" }, "geometry": { "type": "Point", "coordinates": [ 37.5814435, 55.7666707 ] } },
{ "type": "Feature", "properties": { "osm_id": "3157196708", "other_tags": "\"natural\"=>\"tree\"" }, "geometry": { "type": "Point", "coordinates": [ 37.5722124, 55.7669244 ] } },
{ "type": "Feature", "properties": { "osm_id": "3157196714", "barrier": "entrance" }, "geometry": { "type": "Point", "coordinates": [ 37.5721696, 55.7671209 ] } },
{ "type": "Feature", "properties": { "osm_id": "3157196722", "barrier": "gate", "other_tags": "\"access\"=>\"private\",\"bicycle\"=>\"yes\",\"foot\"=>\"yes\"" }, "geometry": { "type": "Point", "coordinates": [ 37.5722107, 55.7673772 ] } },
{ "type": "Feature", "properties": { "osm_id": "3166320395", "other_tags": "\"entrance\"=>\"main\",\"wheelchair\"=>\"yes\"" }, "geometry": { "type": "Point", "coordinates": [ 37.5714992, 55.7622287 ] } },
{ "type": "Feature", "properties": { "osm_id": "3218817898", "highway": "crossing", "other_tags": "\"button_operated\"=>\"no\",\"crossing\"=>\"traffic_signals\",\"tactile_paving\"=>\"no\",\"traffic_signals:sound\"=>\"yes\"" }, "geometry": { "type": "Point", "coordinates": [ 37.5745427, 55.7611365 ] } },
{ "type": "Feature", "properties": { "osm_id": "3218817899", "highway": "crossing", "other_tags": "\"button_operated\"=>\"no\",\"crossing\"=>\"traffic_signals\",\"tactile_paving\"=>\"no\",\"traffic_signals:sound\"=>\"yes\",\"traffic_signals:vibration\"=>\"no\"" }, "geometry": { "type": "Point", "coordinates": [ 37.5745873, 55.7612416 ] } },
{ "type": "Feature", "properties": { "osm_id": "3218817932", "barrier": "gate" }, "geometry": { "type": "Point", "coordinates": [ 37.5745417, 55.7616838 ] } },
{ "type": "Feature", "properties": { "osm_id": "3231542838", "name": "D-style", "other_tags": "\"check_date\"=>\"2026-04-25\",\"contact:website\"=>\"https://dstylefashion.ru/\",\"opening_hours\"=>\"Mo-Sa 09:00-21:00; Su 10:00-20:00\",\"shop\"=>\"clothes\",\"wheelchair\"=>\"no\"" }, "geometry": { "type": "Point", "coordinates": [ 37.5734977, 55.7610986 ] } },
{ "type": "Feature", "properties": { "osm_id": "3231542839", "name": "Igor Pronin", "other_tags": "\"check_date\"=>\"2026-04-25\",\"contact:phone\"=>\"+7 495 7827049\",\"contact:website\"=>\"http://igorpronin.ru\",\"opening_hours\"=>\"Mo-Fr 10:00-21:00; Sa 10:00-20:30; Su 10:00-19:30\",\"shop\"=>\"clothes\",\"wheelchair\"=>\"no\"" }, "geometry": { "type": "Point", "coordinates": [ 37.5730531, 55.7611583 ] } },
{ "type": "Feature", "properties": { "osm_id": "3231542840", "name": "ItalBazar", "other_tags": "\"check_date\"=>\"2026-04-25\",\"contact:phone\"=>\"+7 499 2522049\",\"contact:website\"=>\"http://www.italbazar.ru\",\"opening_hours\"=>\"Mo-Su 11:00-21:00\",\"shop\"=>\"clothes\",\"wheelchair\"=>\"yes\"" }, "geometry": { "type": "Point", "coordinates": [ 37.5723053, 55.7612721 ] } },
{ "type": "Feature", "properties": { "osm_id": "3231542841", "name": "Mr.Doors", "other_tags": "\"check_date\"=>\"2026-04-25\",\"contact:phone\"=>\"+7 499 2520110\",\"contact:website\"=>\"http://www.mebel.ru\",\"opening_hours\"=>\"Mo-Su 08:00-20:00\",\"shop\"=>\"furniture\",\"wheelchair\"=>\"no\"" }, "geometry": { "type": "Point", "coordinates": [ 37.5733914, 55.7611125 ] } },
{ "type": "Feature", "properties": { "osm_id": "3231547501", "other_tags": "\"contact:phone\"=>\"+7 925 1826281\",\"level\"=>\"-1\",\"opening_hours\"=>\"Mo-Fr 10:00-20:00; Sa,Su 11:00-19:00\",\"shop\"=>\"pawnbroker\",\"wheelchair\"=>\"no\"" }, "geometry": { "type": "Point", "coordinates": [ 37.5739246, 55.7610314 ] } },
{ "type": "Feature", "properties": { "osm_id": "3314006826", "other_tags": "\"entrance\"=>\"staircase\"" }, "geometry": { "type": "Point", "coordinates": [ 37.5869741, 55.7666527 ] } },
{ "type": "Feature", "properties": { "osm_id": "3314006833", "other_tags": "\"entrance\"=>\"staircase\"" }, "geometry": { "type": "Point", "coordinates": [ 37.5871484, 55.7667773 ] } },
{ "type": "Feature", "properties": { "osm_id": "3314006842", "other_tags": "\"entrance\"=>\"staircase\"" }, "geometry": { "type": "Point", "coordinates": [ 37.5873166, 55.7668974 ] } },
{ "type": "Feature", "properties": { "osm_id": "3314006845", "other_tags": "\"entrance\"=>\"staircase\"" }, "geometry": { "type": "Point", "coordinates": [ 37.5874802, 55.7670144 ] } },
{ "type": "Feature", "properties": { "osm_id": "3314006847", "other_tags": "\"entrance\"=>\"staircase\"" }, "geometry": { "type": "Point", "coordinates": [ 37.5876533, 55.767138 ] } },
{ "type": "Feature", "properties": { "osm_id": "3314008290", "barrier": "kerb", "other_tags": "\"kerb\"=>\"lowered\",\"tactile_paving\"=>\"yes\"" }, "geometry": { "type": "Point", "coordinates": [ 37.5868673, 55.7681265 ] } },
{ "type": "Feature", "properties": { "osm_id": "3314008345", "barrier": "kerb", "other_tags": "\"kerb\"=>\"lowered\",\"tactile_paving\"=>\"no\"" }, "geometry": { "type": "Point", "coordinates": [ 37.5867443, 55.7684006 ] } },
{ "type": "Feature", "properties": { "osm_id": "3314008356", "barrier": "kerb", "other_tags": "\"kerb\"=>\"lowered\",\"tactile_paving\"=>\"no\"" }, "geometry": { "type": "Point", "coordinates": [ 37.5866605, 55.7684766 ] } },
{ "type": "Feature", "properties": { "osm_id": "3387496562", "name": "Дом-музей А.П. Чехова", "other_tags": "\"contact:phone\"=>\"+7 495 6916154\",\"contact:website\"=>\"http://goslitmuz.ru/museums/dom-muzey-a-p-chekhova\",\"museum\"=>\"person\",\"name:en\"=>\"Anton Chekhov House-museum\",\"opening_hours\"=>\"Tu-Su 11:00-17:30; Th 14:00-19:15\",\"tourism\"=>\"museum\",\"wikidata\"=>\"Q54996579\"" }, "geometry": { "type": "Point", "coordinates": [ 37.5860933, 55.7603073 ] } },
{ "type": "Feature", "properties": { "osm_id": "3387496563", "name": "Субботица", "other_tags": "\"amenity\"=>\"restaurant\",\"check_date\"=>\"2022-06-05\",\"contact:phone\"=>\"+7 495 6910810\",\"contact:website\"=>\"http://www.subbotitsa.ru\",\"cuisine\"=>\"serbian\",\"opening_hours\"=>\"Mo-Su 12:00-24:00\"" }, "geometry": { "type": "Point", "coordinates": [ 37.5867789, 55.7613834 ] } },
{ "type": "Feature", "properties": { "osm_id": "3412928573", "barrier": "gate", "other_tags": "\"bicycle\"=>\"yes\",\"foot\"=>\"yes\",\"motor_vehicle\"=>\"private\"" }, "geometry": { "type": "Point", "coordinates": [ 37.5873243, 55.7621287 ] } },
{ "type": "Feature", "properties": { "osm_id": "3421363231", "other_tags": "\"amenity\"=>\"parking_entrance\"" }, "geometry": { "type": "Point", "coordinates": [ 37.5800417, 55.760119 ] } },
{ "type": "Feature", "properties": { "osm_id": "3501050337", "name": "Интерактивный музей \"Лунариум\"", "other_tags": "\"tourism\"=>\"museum\",\"website\"=>\"http://www.planetarium-moscow.ru/in-the-planetarium/lunarium/\"" }, "geometry": { "type": "Point", "coordinates": [ 37.5836102, 55.7610315 ] } },
{ "type": "Feature", "properties": { "osm_id": "3632844215", "name": "Шота Руставели", "other_tags": "\"description\"=>\"великому грузинскому поэту и мыслителю\",\"historic\"=>\"memorial\",\"memorial\"=>\"statue\",\"memorial:subject\"=>\"Шота Руставели\"" }, "geometry": { "type": "Point", "coordinates": [ 37.5779291, 55.7664581 ] } },
{ "type": "Feature", "properties": { "osm_id": "3632844216", "ref": "Ж", "other_tags": "\"amenity\"=>\"toilets\",\"check_date\"=>\"2025-12-20\",\"entrance\"=>\"yes\",\"fee\"=>\"no\",\"female\"=>\"yes\",\"wheelchair\"=>\"limited\"" }, "geometry": { "type": "Point", "coordinates": [ 37.5775989, 55.7658721 ] } },
{ "type": "Feature", "properties": { "osm_id": "3632844217", "ref": "М", "other_tags": "\"amenity\"=>\"toilets\",\"check_date\"=>\"2025-12-20\",\"entrance\"=>\"yes\",\"fee\"=>\"no\",\"male\"=>\"yes\",\"wheelchair\"=>\"limited\"" }, "geometry": { "type": "Point", "coordinates": [ 37.5776883, 55.7658721 ] } },
{ "type": "Feature", "properties": { "osm_id": "3632844220", "other_tags": "\"amenity\"=>\"bench\",\"backrest\"=>\"yes\"" }, "geometry": { "type": "Point", "coordinates": [ 37.5777621, 55.7661723 ] } },
{ "type": "Feature", "properties": { "osm_id": "3632844221", "other_tags": "\"amenity\"=>\"waste_basket\",\"check_date\"=>\"2024-03-20\"" }, "geometry": { "type": "Point", "coordinates": [ 37.5777301, 55.7661867 ] } },
{ "type": "Feature", "properties": { "osm_id": "3632844222", "other_tags": "\"amenity\"=>\"bench\",\"backrest\"=>\"yes\"" }, "geometry": { "type": "Point", "coordinates": [ 37.5774414, 55.7661914 ] } },
{ "type": "Feature", "properties": { "osm_id": "3632844223", "other_tags": "\"amenity\"=>\"waste_basket\",\"check_date\"=>\"2024-03-20\"" }, "geometry": { "type": "Point", "coordinates": [ 37.5774523, 55.7662113 ] } },
{ "type": "Feature", "properties": { "osm_id": "3632844232", "other_tags": "\"amenity\"=>\"bench\",\"backrest\"=>\"no\"" }, "geometry": { "type": "Point", "coordinates": [ 37.5779104, 55.7664107 ] } },
{ "type": "Feature", "properties": { "osm_id": "3632844233", "other_tags": "\"amenity\"=>\"waste_basket\",\"check_date\"=>\"2024-03-20\"" }, "geometry": { "type": "Point", "coordinates": [ 37.577901, 55.7664117 ] } },
{ "type": "Feature", "properties": { "osm_id": "3632844241", "other_tags": "\"amenity\"=>\"bench\",\"backrest\"=>\"no\"" }, "geometry": { "type": "Point", "coordinates": [ 37.5779674, 55.7664422 ] } },
{ "type": "Feature", "properties": { "osm_id": "3632844242", "other_tags": "\"amenity\"=>\"bench\",\"backrest\"=>\"no\"" }, "geometry": { "type": "Point", "coordinates": [ 37.5778747, 55.7664474 ] } },
{ "type": "Feature", "properties": { "osm_id": "3632844243", "other_tags": "\"amenity\"=>\"waste_basket\",\"check_date\"=>\"2024-03-20\"" }, "geometry": { "type": "Point", "coordinates": [ 37.5779723, 55.7664481 ] } },
{ "type": "Feature", "properties": { "osm_id": "3632844244", "other_tags": "\"amenity\"=>\"waste_basket\",\"check_date\"=>\"2024-03-20\"" }, "geometry": { "type": "Point", "coordinates": [ 37.5778731, 55.7664527 ] } },
{ "type": "Feature", "properties": { "osm_id": "3632844250", "other_tags": "\"amenity\"=>\"waste_basket\"" }, "geometry": { "type": "Point", "coordinates": [ 37.5775282, 55.7664268 ] } },
{ "type": "Feature", "properties": { "osm_id": "3632844251", "other_tags": "\"amenity\"=>\"bench\",\"backrest\"=>\"yes\"" }, "geometry": { "type": "Point", "coordinates": [ 37.5775375, 55.7664309 ] } },
{ "type": "Feature", "properties": { "osm_id": "3632844255", "other_tags": "\"amenity\"=>\"bench\",\"backrest\"=>\"yes\"" }, "geometry": { "type": "Point", "coordinates": [ 37.5782, 55.7665871 ] } },
{ "type": "Feature", "properties": { "osm_id": "3632844256", "other_tags": "\"amenity\"=>\"waste_basket\",\"check_date\"=>\"2024-03-20\"" }, "geometry": { "type": "Point", "coordinates": [ 37.5782073, 55.7666077 ] } },
{ "type": "Feature", "properties": { "osm_id": "3632844258", "other_tags": "\"amenity\"=>\"waste_basket\",\"check_date\"=>\"2024-03-20\"" }, "geometry": { "type": "Point", "coordinates": [ 37.577927, 55.7666576 ] } },
{ "type": "Feature", "properties": { "osm_id": "3632844259", "other_tags": "\"amenity\"=>\"bench\",\"backrest\"=>\"yes\"" }, "geometry": { "type": "Point", "coordinates": [ 37.5779456, 55.7666656 ] } },
{ "type": "Feature", "properties": { "osm_id": "3632844263", "other_tags": "\"amenity\"=>\"waste_basket\",\"check_date\"=>\"2024-03-20\"" }, "geometry": { "type": "Point", "coordinates": [ 37.5776646, 55.7668286 ] } },
{ "type": "Feature", "properties": { "osm_id": "3632844264", "other_tags": "\"amenity\"=>\"bench\",\"backrest\"=>\"yes\"" }, "geometry": { "type": "Point", "coordinates": [ 37.577673, 55.7668453 ] } },
{ "type": "Feature", "properties": { "osm_id": "3632844265", "other_tags": "\"amenity\"=>\"waste_basket\",\"check_date\"=>\"2024-03-20\"" }, "geometry": { "type": "Point", "coordinates": [ 37.5784019, 55.7668967 ] } },
{ "type": "Feature", "properties": { "osm_id": "3632844266", "other_tags": "\"playground\"=>\"slide;climbingframe\"" }, "geometry": { "type": "Point", "coordinates": [ 37.5781902, 55.7668971 ] } },
{ "type": "Feature", "properties": { "osm_id": "3632844267", "other_tags": "\"amenity\"=>\"bench\",\"backrest\"=>\"yes\"" }, "geometry": { "type": "Point", "coordinates": [ 37.5784165, 55.7669172 ] } },
{ "type": "Feature", "properties": { "osm_id": "3637249975", "ref": "1", "other_tags": "\"addr:flats\"=>\"1-72\",\"entrance\"=>\"staircase\"" }, "geometry": { "type": "Point", "coordinates": [ 37.5855678, 55.7670614 ] } },
{ "type": "Feature", "properties": { "osm_id": "3656351863", "ref": "2", "other_tags": "\"colour\"=>\"violet\",\"network\"=>\"Московский метрополитен\",\"operator\"=>\"ГУП «Московский метрополитен»\",\"railway\"=>\"subway_entrance\",\"wheelchair\"=>\"no\"" }, "geometry": { "type": "Point", "coordinates": [ 37.5813048, 55.7606478 ] } },
{ "type": "Feature", "properties": { "osm_id": "3656351865", "barrier": "turnstile", "other_tags": "\"foot\"=>\"yes\"" }, "geometry": { "type": "Point", "coordinates": [ 37.5813279, 55.7606898 ] } },
{ "type": "Feature", "properties": { "osm_id": "3656351867", "ref": "2", "other_tags": "\"entrance\"=>\"exit\",\"network\"=>\"Московский метрополитен\",\"operator\"=>\"ГУП «Московский метрополитен»\",\"railway\"=>\"subway_entrance\",\"wheelchair\"=>\"no\"" }, "geometry": { "type": "Point", "coordinates": [ 37.5815455, 55.7607597 ] } },
{ "type": "Feature", "properties": { "osm_id": "3658993469", "name": "Зоологический переулок, 8", "highway": "bus_stop", "other_tags": "\"bench\"=>\"no\",\"bin\"=>\"yes\",\"bus\"=>\"yes\",\"lit\"=>\"yes\",\"name:uk\"=>\"Зоологічний провулок, 8\",\"public_transport\"=>\"platform\",\"shelter\"=>\"no\",\"tactile_paving\"=>\"no\"" }, "geometry": { "type": "Point", "coordinates": [ 37.5746363, 55.7652479 ] } },
{ "type": "Feature", "properties": { "osm_id": "3658993470", "name": "Улица Климашкина", "highway": "bus_stop", "other_tags": "\"bench\"=>\"yes\",\"bin\"=>\"yes\",\"lit\"=>\"yes\",\"name:uk\"=>\"Вулиця Климашкіна\",\"public_transport\"=>\"platform\",\"shelter\"=>\"yes\",\"tactile_paving\"=>\"no\"" }, "geometry": { "type": "Point", "coordinates": [ 37.5785927, 55.7669615 ] } },
{ "type": "Feature", "properties": { "osm_id": "3658993472", "name": "Георгиевское подворье", "other_tags": "\"amenity\"=>\"restaurant\",\"check_date\"=>\"2026-04-25\",\"cuisine\"=>\"georgian\",\"opening_hours\"=>\"11:00-22:00\"" }, "geometry": { "type": "Point", "coordinates": [ 37.5724036, 55.7651208 ] } },
{ "type": "Feature", "properties": { "osm_id": "3658993477", "highway": "crossing", "other_tags": "\"crossing\"=>\"uncontrolled\",\"tactile_paving\"=>\"no\"" }, "geometry": { "type": "Point", "coordinates": [ 37.5719152, 55.7651243 ] } },
{ "type": "Feature", "properties": { "osm_id": "3658993478", "barrier": "kerb", "other_tags": "\"kerb\"=>\"lowered\",\"tactile_paving\"=>\"yes\"" }, "geometry": { "type": "Point", "coordinates": [ 37.5719203, 55.7651567 ] } },
{ "type": "Feature", "properties": { "osm_id": "3658993483", "barrier": "kerb", "other_tags": "\"kerb\"=>\"lowered\",\"tactile_paving\"=>\"yes\"" }, "geometry": { "type": "Point", "coordinates": [ 37.5721787, 55.7651999 ] } },
{ "type": "Feature", "properties": { "osm_id": "3658993484", "barrier": "kerb", "other_tags": "\"kerb\"=>\"lowered\",\"tactile_paving\"=>\"yes\"" }, "geometry": { "type": "Point", "coordinates": [ 37.5741617, 55.7652007 ] } },
{ "type": "Feature", "properties": { "osm_id": "3658993486", "highway": "crossing", "other_tags": "\"crossing\"=>\"uncontrolled\",\"crossing:island\"=>\"no\"" }, "geometry": { "type": "Point", "coordinates": [ 37.5743284, 55.7652158 ] } },
{ "type": "Feature", "properties": { "osm_id": "3658993489", "barrier": "kerb", "other_tags": "\"kerb\"=>\"lowered\",\"tactile_paving\"=>\"yes\"" }, "geometry": { "type": "Point", "coordinates": [ 37.5744302, 55.7652285 ] } },
{ "type": "Feature", "properties": { "osm_id": "3658993491", "highway": "crossing", "other_tags": "\"crossing\"=>\"uncontrolled\"" }, "geometry": { "type": "Point", "coordinates": [ 37.5750872, 55.7652422 ] } },
{ "type": "Feature", "properties": { "osm_id": "3658993493", "highway": "crossing", "other_tags": "\"crossing\"=>\"uncontrolled\",\"crossing:island\"=>\"no\",\"tactile_paving\"=>\"no\"" }, "geometry": { "type": "Point", "coordinates": [ 37.5721853, 55.7652376 ] } },
{ "type": "Feature", "properties": { "osm_id": "3658993495", "barrier": "kerb", "other_tags": "\"kerb\"=>\"lowered\",\"tactile_paving\"=>\"no\"" }, "geometry": { "type": "Point", "coordinates": [ 37.5750718, 55.7652797 ] } },
{ "type": "Feature", "properties": { "osm_id": "3658993496", "barrier": "kerb", "other_tags": "\"kerb\"=>\"lowered\",\"tactile_paving\"=>\"yes\"" }, "geometry": { "type": "Point", "coordinates": [ 37.5721908, 55.7652689 ] } },
{ "type": "Feature", "properties": { "osm_id": "3658993504", "barrier": "lift_gate", "other_tags": "\"bicycle\"=>\"yes\",\"foot\"=>\"yes\",\"motor_vehicle\"=>\"private\"" }, "geometry": { "type": "Point", "coordinates": [ 37.5747815, 55.7653096 ] } },
{ "type": "Feature", "properties": { "osm_id": "3658993512", "barrier": "kerb", "other_tags": "\"kerb\"=>\"lowered\",\"tactile_paving\"=>\"yes\"" }, "geometry": { "type": "Point", "coordinates": [ 37.5779212, 55.7654766 ] } },
{ "type": "Feature", "properties": { "osm_id": "3658993513", "highway": "crossing", "other_tags": "\"crossing\"=>\"uncontrolled\",\"crossing:island\"=>\"no\",\"tactile_paving\"=>\"no\"" }, "geometry": { "type": "Point", "coordinates": [ 37.5779234, 55.7655293 ] } },
{ "type": "Feature", "properties": { "osm_id": "3658993515", "barrier": "kerb", "other_tags": "\"kerb\"=>\"lowered\",\"tactile_paving\"=>\"yes\"" }, "geometry": { "type": "Point", "coordinates": [ 37.5778819, 55.7655923 ] } },
{ "type": "Feature", "properties": { "osm_id": "3658996432", "barrier": "kerb", "other_tags": "\"kerb\"=>\"lowered\",\"tactile_paving\"=>\"yes\"" }, "geometry": { "type": "Point", "coordinates": [ 37.5772784, 55.7656899 ] } },
{ "type": "Feature", "properties": { "osm_id": "3658996434", "highway": "crossing", "other_tags": "\"crossing\"=>\"uncontrolled\",\"crossing:island\"=>\"no\",\"tactile_paving\"=>\"no\"" }, "geometry": { "type": "Point", "coordinates": [ 37.5773206, 55.7656965 ] } },
{ "type": "Feature", "properties": { "osm_id": "3658996435", "barrier": "kerb", "other_tags": "\"kerb\"=>\"lowered\",\"tactile_paving\"=>\"yes\"" }, "geometry": { "type": "Point", "coordinates": [ 37.5773644, 55.7657034 ] } },
{ "type": "Feature", "properties": { "osm_id": "3658996446", "barrier": "kerb", "other_tags": "\"kerb\"=>\"lowered\"" }, "geometry": { "type": "Point", "coordinates": [ 37.5742201, 55.7658422 ] } },
{ "type": "Feature", "properties": { "osm_id": "3658996447", "barrier": "lift_gate", "other_tags": "\"access\"=>\"private\"" }, "geometry": { "type": "Point", "coordinates": [ 37.5742441, 55.7658424 ] } },
{ "type": "Feature", "properties": { "osm_id": "3658996448", "other_tags": "\"entrance\"=>\"yes\"" }, "geometry": { "type": "Point", "coordinates": [ 37.5744837, 55.7658444 ] } },
{ "type": "Feature", "properties": { "osm_id": "3658996453", "barrier": "entrance" }, "geometry": { "type": "Point", "coordinates": [ 37.5780246, 55.7658516 ] } },
{ "type": "Feature", "properties": { "osm_id": "3658996457", "barrier": "entrance" }, "geometry": { "type": "Point", "coordinates": [ 37.5772594, 55.7658886 ] } },
{ "type": "Feature", "properties": { "osm_id": "3658996499", "barrier": "entrance" }, "geometry": { "type": "Point", "coordinates": [ 37.5782747, 55.7664121 ] } },
{ "type": "Feature", "properties": { "osm_id": "3658996519", "barrier": "entrance" }, "geometry": { "type": "Point", "coordinates": [ 37.5786059, 55.7669959 ] } },
{ "type": "Feature", "properties": { "osm_id": "3658996635", "barrier": "entrance" }, "geometry": { "type": "Point", "coordinates": [ 37.5777123, 55.7671165 ] } },
{ "type": "Feature", "properties": { "osm_id": "3658996639", "barrier": "kerb", "other_tags": "\"check_date:kerb\"=>\"2024-03-20\",\"kerb\"=>\"lowered\",\"tactile_paving\"=>\"yes\"" }, "geometry": { "type": "Point", "coordinates": [ 37.5776996, 55.7671204 ] } },
{ "type": "Feature", "properties": { "osm_id": "3658996640", "highway": "crossing", "other_tags": "\"crossing\"=>\"uncontrolled\",\"crossing:island\"=>\"no\",\"tactile_paving\"=>\"incorrect\"" }, "geometry": { "type": "Point", "coordinates": [ 37.5776389, 55.7671216 ] } },
{ "type": "Feature", "properties": { "osm_id": "3658996641", "barrier": "kerb", "other_tags": "\"kerb\"=>\"raised\",\"tactile_paving\"=>\"yes\"" }, "geometry": { "type": "Point", "coordinates": [ 37.5775832, 55.7671227 ] } },
{ "type": "Feature", "properties": { "osm_id": "3661703161", "name": "Аляска", "other_tags": "\"contact:facebook\"=>\"https://www.facebook.com/alaska.moscow\",\"contact:phone\"=>\"+7 495 7432312\",\"contact:website\"=>\"http://www.alaskaman.ru\",\"opening_hours\"=>\"Mo-Su 10:00-22:00\",\"shop\"=>\"hairdresser\",\"wheelchair\"=>\"no\"" }, "geometry": { "type": "Point", "coordinates": [ 37.5737543, 55.7607599 ] } },
{ "type": "Feature", "properties": { "osm_id": "3691123380", "name": "Детский театр \"Тик-Так\"", "other_tags": "\"amenity\"=>\"theatre\"" }, "geometry": { "type": "Point", "coordinates": [ 37.5759407, 55.7616738 ] } },
{ "type": "Feature", "properties": { "osm_id": "3707654815", "barrier": "wicket_gate", "other_tags": "\"access\"=>\"private\"" }, "geometry": { "type": "Point", "coordinates": [ 37.5740582, 55.7659024 ] } },
{ "type": "Feature", "properties": { "osm_id": "3707656428", "barrier": "lift_gate", "other_tags": "\"bicycle\"=>\"yes\",\"foot\"=>\"yes\",\"lift_gate:type\"=>\"single\",\"motor_vehicle\"=>\"private\"" }, "geometry": { "type": "Point", "coordinates": [ 37.573989, 55.7661761 ] } },
{ "type": "Feature", "properties": { "osm_id": "3707656434", "other_tags": "\"amenity\"=>\"waste_disposal\"" }, "geometry": { "type": "Point", "coordinates": [ 37.5735449, 55.7661654 ] } },
{ "type": "Feature", "properties": { "osm_id": "3707656440", "barrier": "lift_gate", "other_tags": "\"access\"=>\"private\",\"foot\"=>\"yes\"" }, "geometry": { "type": "Point", "coordinates": [ 37.5734985, 55.7662691 ] } },
{ "type": "Feature", "properties": { "osm_id": "3707882267", "barrier": "gate", "other_tags": "\"access\"=>\"private\"" }, "geometry": { "type": "Point", "coordinates": [ 37.5740919, 55.7660679 ] } },
{ "type": "Feature", "properties": { "osm_id": "3707971926", "barrier": "lift_gate", "other_tags": "\"bicycle\"=>\"yes\",\"foot\"=>\"yes\",\"motor_vehicle\"=>\"private\"" }, "geometry": { "type": "Point", "coordinates": [ 37.5751276, 55.7653627 ] } },
{ "type": "Feature", "properties": { "osm_id": "3707971933", "barrier": "bollard", "other_tags": "\"access\"=>\"no\",\"bicycle\"=>\"yes\",\"bollard\"=>\"removable\",\"foot\"=>\"yes\"" }, "geometry": { "type": "Point", "coordinates": [ 37.5753597, 55.7656082 ] } },
{ "type": "Feature", "properties": { "osm_id": "3707971939", "barrier": "entrance" }, "geometry": { "type": "Point", "coordinates": [ 37.5761635, 55.7659428 ] } },
{ "type": "Feature", "properties": { "osm_id": "3707971943", "barrier": "entrance" }, "geometry": { "type": "Point", "coordinates": [ 37.5764672, 55.7659922 ] } },
{ "type": "Feature", "properties": { "osm_id": "3707971952", "other_tags": "\"amenity\"=>\"waste_disposal\"" }, "geometry": { "type": "Point", "coordinates": [ 37.5765496, 55.7660388 ] } },
{ "type": "Feature", "properties": { "osm_id": "3707971990", "barrier": "gate", "other_tags": "\"access\"=>\"private\"" }, "geometry": { "type": "Point", "coordinates": [ 37.5749637, 55.7663314 ] } },
{ "type": "Feature", "properties": { "osm_id": "3761259392", "name": "Метро «Баррикадная»", "other_tags": "\"bus\"=>\"yes\",\"public_transport\"=>\"stop_position\"" }, "geometry": { "type": "Point", "coordinates": [ 37.5791873, 55.7615611 ] } },
{ "type": "Feature", "properties": { "osm_id": "3761259393", "highway": "give_way" }, "geometry": { "type": "Point", "coordinates": [ 37.5739669, 55.7650497 ] } },
{ "type": "Feature", "properties": { "osm_id": "3761259395", "highway": "give_way", "other_tags": "\"direction\"=>\"backward\"" }, "geometry": { "type": "Point", "coordinates": [ 37.5778388, 55.7655415 ] } },
{ "type": "Feature", "properties": { "osm_id": "3811161123", "name": "Аквамарин", "other_tags": "\"contact:phone\"=>\"+7 499 2526255\",\"contact:website\"=>\"http://www.salon-akvamarin.com\",\"name:en\"=>\"Aquamarin\",\"shop\"=>\"beauty\"" }, "geometry": { "type": "Point", "coordinates": [ 37.5728122, 55.7606438 ] } },
{ "type": "Feature", "properties": { "osm_id": "3811161125", "barrier": "lift_gate", "other_tags": "\"bicycle\"=>\"yes\",\"foot\"=>\"yes\",\"motor_vehicle\"=>\"private\"" }, "geometry": { "type": "Point", "coordinates": [ 37.5734329, 55.7598765 ] } },
{ "type": "Feature", "properties": { "osm_id": "3811161128", "barrier": "lift_gate", "other_tags": "\"bicycle\"=>\"yes\",\"foot\"=>\"yes\"" }, "geometry": { "type": "Point", "coordinates": [ 37.5727598, 55.7600538 ] } },
{ "type": "Feature", "properties": { "osm_id": "3811161156", "barrier": "lift_gate", "other_tags": "\"bicycle\"=>\"yes\",\"foot\"=>\"yes\"" }, "geometry": { "type": "Point", "coordinates": [ 37.5733995, 55.7605541 ] } },
{ "type": "Feature", "properties": { "osm_id": "3811212901", "name": "Vesna", "other_tags": "\"beauty\"=>\"nails\",\"contact:instagram\"=>\"https://www.instagram.com/vesnanail.studio/\",\"opening_hours\"=>\"Mo-Su 09:00-22:00\",\"shop\"=>\"beauty\"" }, "geometry": { "type": "Point", "coordinates": [ 37.5720023, 55.760032 ] } },
{ "type": "Feature", "properties": { "osm_id": "3811212905", "name": "Дружба", "other_tags": "\"amenity\"=>\"community_centre\",\"contact:website\"=>\"http://www.clubdruzhba.narod.ru/\",\"opening_hours\"=>\"Mo-Su 12:00-22:00\"" }, "geometry": { "type": "Point", "coordinates": [ 37.5737569, 55.7610668 ] } },
{ "type": "Feature", "properties": { "osm_id": "3812446745", "other_tags": "\"amenity\"=>\"atm\",\"brand\"=>\"Сбербанк\",\"contact:phone\"=>\"+7 800 5555550\",\"contact:website\"=>\"https://www.sberbank.ru/\",\"operator\"=>\"ПАО Сбербанк\"" }, "geometry": { "type": "Point", "coordinates": [ 37.5768504, 55.7602338 ] } },
{ "type": "Feature", "properties": { "osm_id": "3812447459", "highway": "traffic_signals", "other_tags": "\"traffic_signals:direction\"=>\"backward\"" }, "geometry": { "type": "Point", "coordinates": [ 37.5759787, 55.7590466 ] } },
{ "type": "Feature", "properties": { "osm_id": "3865004987", "barrier": "gate", "other_tags": "\"access\"=>\"private\"" }, "geometry": { "type": "Point", "coordinates": [ 37.5715683, 55.7663721 ] } },
{ "type": "Feature", "properties": { "osm_id": "3865004989", "barrier": "gate", "other_tags": "\"access\"=>\"private\"" }, "geometry": { "type": "Point", "coordinates": [ 37.5710176, 55.7664077 ] } },
{ "type": "Feature", "properties": { "osm_id": "3865005458", "name": "Я есмь пастырь добрый", "other_tags": "\"historic\"=>\"memorial\",\"memorial\"=>\"statue\",\"name:ru\"=>\"Я есмь пастырь добрый\"" }, "geometry": { "type": "Point", "coordinates": [ 37.57197, 55.76681 ] } },
{ "type": "Feature", "properties": { "osm_id": "3865035070", "ref": "1", "other_tags": "\"addr:flats\"=>\"4-23\",\"entrance\"=>\"staircase\"" }, "geometry": { "type": "Point", "coordinates": [ 37.5753187, 55.7655468 ] } },
{ "type": "Feature", "properties": { "osm_id": "3865035073", "barrier": "gate", "other_tags": "\"access\"=>\"private\"" }, "geometry": { "type": "Point", "coordinates": [ 37.5762322, 55.7655712 ] } },
{ "type": "Feature", "properties": { "osm_id": "3865035076", "ref": "2", "other_tags": "\"addr:flats\"=>\"24-45\",\"entrance\"=>\"staircase\"" }, "geometry": { "type": "Point", "coordinates": [ 37.5756169, 55.7655885 ] } },
{ "type": "Feature", "properties": { "osm_id": "3865035079", "ref": "3", "other_tags": "\"addr:flats\"=>\"46-65\",\"entrance\"=>\"staircase\"" }, "geometry": { "type": "Point", "coordinates": [ 37.575905, 55.7656287 ] } },
{ "type": "Feature", "properties": { "osm_id": "3865035085", "other_tags": "\"information\"=>\"map\",\"tourism\"=>\"information\"" }, "geometry": { "type": "Point", "coordinates": [ 37.5779195, 55.7658748 ] } },
{ "type": "Feature", "properties": { "osm_id": "3865035086", "other_tags": "\"amenity\"=>\"bench\",\"backrest\"=>\"yes\"" }, "geometry": { "type": "Point", "coordinates": [ 37.5761396, 55.7660014 ] } },
{ "type": "Feature", "properties": { "osm_id": "3865035087", "other_tags": "\"check_date\"=>\"2024-03-20\",\"information\"=>\"map\",\"tourism\"=>\"information\"" }, "geometry": { "type": "Point", "coordinates": [ 37.5779391, 55.766056 ] } },
{ "type": "Feature", "properties": { "osm_id": "3865035088", "barrier": "lift_gate", "other_tags": "\"access\"=>\"private\"" }, "geometry": { "type": "Point", "coordinates": [ 37.576587, 55.7660825 ] } },
{ "type": "Feature", "properties": { "osm_id": "3865035089", "other_tags": "\"entrance\"=>\"yes\"" }, "geometry": { "type": "Point", "coordinates": [ 37.577052, 55.7661845 ] } },
{ "type": "Feature", "properties": { "osm_id": "3865035090", "other_tags": "\"entrance\"=>\"yes\"" }, "geometry": { "type": "Point", "coordinates": [ 37.5764891, 55.7661902 ] } },
{ "type": "Feature", "properties": { "osm_id": "3865035091", "ref": "2", "other_tags": "\"addr:flats\"=>\"28-31\",\"entrance\"=>\"staircase\"" }, "geometry": { "type": "Point", "coordinates": [ 37.5762848, 55.7662453 ] } },
{ "type": "Feature", "properties": { "osm_id": "3865035093", "barrier": "gate" }, "geometry": { "type": "Point", "coordinates": [ 37.5771601, 55.7663246 ] } },
{ "type": "Feature", "properties": { "osm_id": "3865035094", "other_tags": "\"entrance\"=>\"yes\"" }, "geometry": { "type": "Point", "coordinates": [ 37.5771981, 55.7664078 ] } },
{ "type": "Feature", "properties": { "osm_id": "3865035095", "other_tags": "\"check_date\"=>\"2024-03-20\",\"information\"=>\"map\",\"tourism\"=>\"information\"" }, "geometry": { "type": "Point", "coordinates": [ 37.5781063, 55.7664385 ] } },
{ "type": "Feature", "properties": { "osm_id": "3865035096", "other_tags": "\"entrance\"=>\"yes\"" }, "geometry": { "type": "Point", "coordinates": [ 37.5773423, 55.7667943 ] } },
{ "type": "Feature", "properties": { "osm_id": "3865035097", "other_tags": "\"entrance\"=>\"yes\"" }, "geometry": { "type": "Point", "coordinates": [ 37.5774373, 55.7669097 ] } },
{ "type": "Feature", "properties": { "osm_id": "3865035105", "ref": "2", "other_tags": "\"addr:flats\"=>\"24-37\",\"entrance\"=>\"staircase\"" }, "geometry": { "type": "Point", "coordinates": [ 37.5760184, 55.7670953 ] } },
{ "type": "Feature", "properties": { "osm_id": "3865035108", "ref": "1", "other_tags": "\"addr:flats\"=>\"1-23\",\"entrance\"=>\"staircase\"" }, "geometry": { "type": "Point", "coordinates": [ 37.5756465, 55.7671524 ] } },
{ "type": "Feature", "properties": { "osm_id": "3865068510", "name": "Пингвины", "other_tags": "\"attraction\"=>\"animal\",\"is_in:zoo\"=>\"Московский зоопарк\"" }, "geometry": { "type": "Point", "coordinates": [ 37.5744912, 55.7648837 ] } },
{ "type": "Feature", "properties": { "osm_id": "3865087861", "other_tags": "\"entrance\"=>\"main\"" }, "geometry": { "type": "Point", "coordinates": [ 37.5719671, 55.7661083 ] } },
{ "type": "Feature", "properties": { "osm_id": "3865090513", "ref": "4", "other_tags": "\"addr:flats\"=>\"147-275\",\"addr:housenumber\"=>\"1\",\"addr:street\"=>\"Кудринская площадь\",\"entrance\"=>\"staircase\"" }, "geometry": { "type": "Point", "coordinates": [ 37.5811107, 55.7595844 ] } },
{ "type": "Feature", "properties": { "osm_id": "3865094589", "name": "Музей истории зоопарка", "other_tags": "\"museum\"=>\"history\",\"name:de\"=>\"Museum der Geschichte des Zoos\",\"name:ru\"=>\"Музей истории зоопарка\",\"tourism\"=>\"museum\"" }, "geometry": { "type": "Point", "coordinates": [ 37.575478, 55.7627819 ] } },
{ "type": "Feature", "properties": { "osm_id": "3865095904", "name": "П14", "other_tags": "\"entrance\"=>\"yes\"" }, "geometry": { "type": "Point", "coordinates": [ 37.5804143, 55.7596164 ] } },
{ "type": "Feature", "properties": { "osm_id": "3865102789", "ref": "1", "other_tags": "\"addr:flats\"=>\"1-78\",\"entrance\"=>\"staircase\"" }, "geometry": { "type": "Point", "coordinates": [ 37.5747102, 55.7655999 ] } },
{ "type": "Feature", "properties": { "osm_id": "3865102790", "other_tags": "\"addr:flats\"=>\"4-11\",\"entrance\"=>\"staircase\"" }, "geometry": { "type": "Point", "coordinates": [ 37.5756261, 55.7658197 ] } },
{ "type": "Feature", "properties": { "osm_id": "3865102791", "ref": "2", "other_tags": "\"addr:flats\"=>\"79-156\",\"entrance\"=>\"staircase\"" }, "geometry": { "type": "Point", "coordinates": [ 37.5747383, 55.7660341 ] } },
{ "type": "Feature", "properties": { "osm_id": "3865102792", "other_tags": "\"amenity\"=>\"waste_disposal\"" }, "geometry": { "type": "Point", "coordinates": [ 37.5750457, 55.7662369 ] } },
{ "type": "Feature", "properties": { "osm_id": "3865102793", "barrier": "wicket_gate" }, "geometry": { "type": "Point", "coordinates": [ 37.5746877, 55.7666032 ] } },
{ "type": "Feature", "properties": { "osm_id": "3865102798", "barrier": "gate" }, "geometry": { "type": "Point", "coordinates": [ 37.5747809, 55.7668427 ] } },
{ "type": "Feature", "properties": { "osm_id": "3865102803", "barrier": "lift_gate", "other_tags": "\"bicycle\"=>\"yes\",\"foot\"=>\"yes\",\"motor_vehicle\"=>\"private\"" }, "geometry": { "type": "Point", "coordinates": [ 37.5747961, 55.7669128 ] } },
{ "type": "Feature", "properties": { "osm_id": "3865102808", "ref": "4", "other_tags": "\"addr:flats\"=>\"27-32;107-108\",\"entrance\"=>\"staircase\"" }, "geometry": { "type": "Point", "coordinates": [ 37.5750106, 55.7669691 ] } },
{ "type": "Feature", "properties": { "osm_id": "3865102812", "ref": "3", "other_tags": "\"addr:flats\"=>\"19-24;105-106\",\"entrance\"=>\"staircase\"" }, "geometry": { "type": "Point", "coordinates": [ 37.5750596, 55.7670907 ] } },
{ "type": "Feature", "properties": { "osm_id": "3865102819", "ref": "2", "other_tags": "\"addr:flats\"=>\"11-16;103-104\",\"entrance\"=>\"staircase\"" }, "geometry": { "type": "Point", "coordinates": [ 37.5751042, 55.7672012 ] } },
{ "type": "Feature", "properties": { "osm_id": "3865102820", "ref": "1", "other_tags": "\"addr:flats\"=>\"3-8;101-102\",\"entrance\"=>\"staircase\"" }, "geometry": { "type": "Point", "coordinates": [ 37.5752838, 55.7672019 ] } },
{ "type": "Feature", "properties": { "osm_id": "3865151367", "name": "Песец", "other_tags": "\"attraction\"=>\"animal\",\"is_in:zoo\"=>\"Московский зоопарк\"" }, "geometry": { "type": "Point", "coordinates": [ 37.5785138, 55.7630086 ] } },
{ "type": "Feature", "properties": { "osm_id": "3865151368", "name": "Бобр", "other_tags": "\"attraction\"=>\"animal\",\"is_in:zoo\"=>\"Московский зоопарк\"" }, "geometry": { "type": "Point", "coordinates": [ 37.5783522, 55.7632594 ] } },
{ "type": "Feature", "properties": { "osm_id": "3865151369", "name": "Обыкновенная лисица", "other_tags": "\"attraction\"=>\"animal\",\"is_in:zoo\"=>\"Московский зоопарк\"" }, "geometry": { "type": "Point", "coordinates": [ 37.5784543, 55.7631702 ] } },
{ "type": "Feature", "properties": { "osm_id": "3865151370", "name": "Врановые птицы", "other_tags": "\"attraction\"=>\"animal\",\"is_in:zoo\"=>\"Московский зоопарк\",\"Врановые птицы\"=>\"Лесной хорь\"" }, "geometry": { "type": "Point", "coordinates": [ 37.5784989, 55.7631109 ] } },
{ "type": "Feature", "properties": { "osm_id": "3865151372", "name": "Лесная куница", "other_tags": "\"attraction\"=>\"animal\",\"is_in:zoo\"=>\"Московский зоопарк\"" }, "geometry": { "type": "Point", "coordinates": [ 37.5784099, 55.7631946 ] } },
{ "type": "Feature", "properties": { "osm_id": "3865151373", "name": "Дальневосточный лесной кот", "other_tags": "\"attraction\"=>\"animal\",\"is_in:zoo\"=>\"Московский зоопарк\"" }, "geometry": { "type": "Point", "coordinates": [ 37.5784825, 55.7631446 ] } },
{ "type": "Feature", "properties": { "osm_id": "3865151374", "name": "Фламинго", "other_tags": "\"attraction\"=>\"animal\",\"is_in:zoo\"=>\"Московский зоопарк\"" }, "geometry": { "type": "Point", "coordinates": [ 37.5764145, 55.762179 ] } },
{ "type": "Feature", "properties": { "osm_id": "3865151377", "other_tags": "\"amenity\"=>\"fast_food\"" }, "geometry": { "type": "Point", "coordinates": [ 37.5776865, 55.7610789 ] } },
{ "type": "Feature", "properties": { "osm_id": "3865151378", "other_tags": "\"amenity\"=>\"fast_food\"" }, "geometry": { "type": "Point", "coordinates": [ 37.5774078, 55.7611105 ] } },
{ "type": "Feature", "properties": { "osm_id": "3865151379", "other_tags": "\"information\"=>\"board\",\"tourism\"=>\"information\"" }, "geometry": { "type": "Point", "coordinates": [ 37.5783398, 55.7613588 ] } },
{ "type": "Feature", "properties": { "osm_id": "3865151382", "other_tags": "\"shop\"=>\"gift\"" }, "geometry": { "type": "Point", "coordinates": [ 37.5785779, 55.7613499 ] } },
{ "type": "Feature", "properties": { "osm_id": "3865151390", "other_tags": "\"amenity\"=>\"bench\"" }, "geometry": { "type": "Point", "coordinates": [ 37.5785924, 55.7617446 ] } },
{ "type": "Feature", "properties": { "osm_id": "3865151391", "other_tags": "\"amenity\"=>\"bench\"" }, "geometry": { "type": "Point", "coordinates": [ 37.578522, 55.7619073 ] } },
{ "type": "Feature", "properties": { "osm_id": "3865151393", "name": "Московский зоопарк", "other_tags": "\"operator\"=>\"ГАУ \\\"Московский зоопарк\\\"\",\"payment:cash\"=>\"yes\",\"payment:maestro\"=>\"yes\",\"payment:mastercard\"=>\"yes\",\"payment:visa\"=>\"yes\",\"payment:visa_electron\"=>\"yes\",\"shop\"=>\"gift\",\"wheelchair\"=>\"yes\"" }, "geometry": { "type": "Point", "coordinates": [ 37.5749768, 55.761984 ] } },
{ "type": "Feature", "properties": { "osm_id": "3865151394", "other_tags": "\"amenity\"=>\"bench\"" }, "geometry": { "type": "Point", "coordinates": [ 37.5785038, 55.7619743 ] } },
{ "type": "Feature", "properties": { "osm_id": "3865151395", "other_tags": "\"amenity\"=>\"shelter\"" }, "geometry": { "type": "Point", "coordinates": [ 37.5786356, 55.7620534 ] } },
{ "type": "Feature", "properties": { "osm_id": "3865151397", "other_tags": "\"information\"=>\"board\",\"tourism\"=>\"information\"" }, "geometry": { "type": "Point", "coordinates": [ 37.578556, 55.7623984 ] } },
{ "type": "Feature", "properties": { "osm_id": "3865151400", "other_tags": "\"amenity\"=>\"fast_food\"" }, "geometry": { "type": "Point", "coordinates": [ 37.5780556, 55.7629488 ] } },
{ "type": "Feature", "properties": { "osm_id": "3865151402", "other_tags": "\"amenity\"=>\"fast_food\"" }, "geometry": { "type": "Point", "coordinates": [ 37.5778549, 55.7632478 ] } },
{ "type": "Feature", "properties": { "osm_id": "3865153057", "name": "Дагестанский тур", "other_tags": "\"attraction\"=>\"animal\",\"is_in:zoo\"=>\"Московский зоопарк\"" }, "geometry": { "type": "Point", "coordinates": [ 37.5823885, 55.7635295 ] } },
{ "type": "Feature", "properties": { "osm_id": "3865153058", "name": "Обыкновенная выдра", "other_tags": "\"attraction\"=>\"animal\",\"is_in:zoo\"=>\"Московский зоопарк\"" }, "geometry": { "type": "Point", "coordinates": [ 37.5802017, 55.7626201 ] } },
{ "type": "Feature", "properties": { "osm_id": "3865153060", "name": "Земляные утки", "other_tags": "\"attraction\"=>\"animal\",\"is_in:zoo\"=>\"Московский зоопарк\",\"name:ru\"=>\"Земляные утки\"" }, "geometry": { "type": "Point", "coordinates": [ 37.5799205, 55.7630796 ] } },
{ "type": "Feature", "properties": { "osm_id": "3865153061", "name": "Красноухая черепаха", "other_tags": "\"attraction\"=>\"animal\",\"is_in:zoo\"=>\"Московский зоопарк\",\"name:de\"=>\"Rotbauchschildkröte\",\"name:ru\"=>\"Красноухая черепаха\"" }, "geometry": { "type": "Point", "coordinates": [ 37.5810008, 55.7632241 ] } },
{ "type": "Feature", "properties": { "osm_id": "3865153062", "name": "Магелланов гусь", "other_tags": "\"attraction\"=>\"animal\",\"is_in:zoo\"=>\"Московский зоопарк\",\"name:de\"=>\"Magellangans\",\"name:ru\"=>\"Магелланов гусь\"" }, "geometry": { "type": "Point", "coordinates": [ 37.5797871, 55.7625994 ] } },
{ "type": "Feature", "properties": { "osm_id": "3865153063", "name": "Лебедь", "other_tags": "\"attraction\"=>\"animal\",\"is_in:zoo\"=>\"Московский зоопарк\"" }, "geometry": { "type": "Point", "coordinates": [ 37.5807672, 55.7630523 ] } },
{ "type": "Feature", "properties": { "osm_id": "3865153064", "name": "Птицы и бабочки тропиков", "other_tags": "\"attraction\"=>\"animal\",\"is_in:zoo\"=>\"Московский зоопарк\"" }, "geometry": { "type": "Point", "coordinates": [ 37.5821113, 55.7639041 ] } },
{ "type": "Feature", "properties": { "osm_id": "3865153065", "name": "Земляная утка", "other_tags": "\"attraction\"=>\"animal\",\"is_in:zoo\"=>\"Московский зоопарк\"" }, "geometry": { "type": "Point", "coordinates": [ 37.5809894, 55.7631112 ] } },
{ "type": "Feature", "properties": { "osm_id": "3865153066", "name": "Чирки Евразии", "other_tags": "\"attraction\"=>\"animal\",\"is_in:zoo\"=>\"Московский зоопарк\"" }, "geometry": { "type": "Point", "coordinates": [ 37.5822422, 55.7637157 ] } },
{ "type": "Feature", "properties": { "osm_id": "3865153067", "name": "Гуси", "other_tags": "\"attraction\"=>\"animal\",\"is_in:zoo\"=>\"Московский зоопарк\"" }, "geometry": { "type": "Point", "coordinates": [ 37.5806402, 55.763224 ] } },
{ "type": "Feature", "properties": { "osm_id": "3865153068", "name": "Синантропные птицы", "other_tags": "\"attraction\"=>\"animal\",\"is_in:zoo\"=>\"Московский зоопарк\"" }, "geometry": { "type": "Point", "coordinates": [ 37.5804011, 55.7626787 ] } },
{ "type": "Feature", "properties": { "osm_id": "3865153069", "name": "Цапля", "other_tags": "\"attraction\"=>\"animal\",\"is_in:zoo\"=>\"Московский зоопарк\"" }, "geometry": { "type": "Point", "coordinates": [ 37.5825091, 55.7639041 ] } },
{ "type": "Feature", "properties": { "osm_id": "3865153093", "barrier": "full-height_turnstile", "other_tags": "\"entrance\"=>\"exit\"" }, "geometry": { "type": "Point", "coordinates": [ 37.5790979, 55.7630047 ] } },
{ "type": "Feature", "properties": { "osm_id": "3865156446", "barrier": "gate" }, "geometry": { "type": "Point", "coordinates": [ 37.5736255, 55.7661342 ] } },
{ "type": "Feature", "properties": { "osm_id": "3865156448", "ref": "2", "other_tags": "\"addr:flats\"=>\"13-24\",\"entrance\"=>\"staircase\"" }, "geometry": { "type": "Point", "coordinates": [ 37.5738192, 55.7663747 ] } },
{ "type": "Feature", "properties": { "osm_id": "3865156449", "other_tags": "\"addr:flats\"=>\"1-16\",\"entrance\"=>\"staircase\"" }, "geometry": { "type": "Point", "coordinates": [ 37.5735332, 55.7664018 ] } },
{ "type": "Feature", "properties": { "osm_id": "3865156451", "ref": "1", "other_tags": "\"addr:flats\"=>\"1-12\",\"entrance\"=>\"staircase\"" }, "geometry": { "type": "Point", "coordinates": [ 37.5738945, 55.766575 ] } },
{ "type": "Feature", "properties": { "osm_id": "3865156452", "ref": "3", "other_tags": "\"addr:flats\"=>\"107-173\",\"entrance\"=>\"staircase\"" }, "geometry": { "type": "Point", "coordinates": [ 37.573857, 55.7668205 ] } },
{ "type": "Feature", "properties": { "osm_id": "3865156453", "ref": "2", "other_tags": "\"access\"=>\"private\",\"addr:flats\"=>\"57-106\",\"entrance\"=>\"staircase\",\"wheelchair\"=>\"yes\"" }, "geometry": { "type": "Point", "coordinates": [ 37.5732008, 55.766862 ] } },
{ "type": "Feature", "properties": { "osm_id": "3865156455", "ref": "1", "other_tags": "\"access\"=>\"private\",\"addr:flats\"=>\"1-56\",\"entrance\"=>\"staircase\",\"wheelchair\"=>\"yes\"" }, "geometry": { "type": "Point", "coordinates": [ 37.5727784, 55.7668776 ] } },
{ "type": "Feature", "properties": { "osm_id": "3865162578", "other_tags": "\"entrance\"=>\"yes\"" }, "geometry": { "type": "Point", "coordinates": [ 37.5725659, 55.7669919 ] } },
{ "type": "Feature", "properties": { "osm_id": "3865175067", "name": "Конюшни", "other_tags": "\"attraction\"=>\"animal\",\"is_in:zoo\"=>\"Московский зоопарк\"" }, "geometry": { "type": "Point", "coordinates": [ 37.5850649, 55.7633686 ] } },
{ "type": "Feature", "properties": { "osm_id": "3865175068", "name": "Домашняя лошадь", "other_tags": "\"attraction\"=>\"animal\",\"is_in:zoo\"=>\"Московский зоопарк\"" }, "geometry": { "type": "Point", "coordinates": [ 37.5846735, 55.762928 ] } },
{ "type": "Feature", "properties": { "osm_id": "3865175069", "name": "Животные Африки", "other_tags": "\"attraction\"=>\"animal\",\"is_in:zoo\"=>\"Московский зоопарк\"" }, "geometry": { "type": "Point", "coordinates": [ 37.5839878, 55.763411 ] } },
{ "type": "Feature", "properties": { "osm_id": "3865175072", "other_tags": "\"amenity\"=>\"toilets\",\"check_date\"=>\"2024-08-01\",\"fee\"=>\"no\"" }, "geometry": { "type": "Point", "coordinates": [ 37.58333, 55.7618003 ] } },
{ "type": "Feature", "properties": { "osm_id": "3865175090", "barrier": "gate", "other_tags": "\"access\"=>\"private\"" }, "geometry": { "type": "Point", "coordinates": [ 37.5845941, 55.7635967 ] } },
{ "type": "Feature", "properties": { "osm_id": "3866210225", "ref": "1", "other_tags": "\"addr:flats\"=>\"1-32\",\"entrance\"=>\"staircase\"" }, "geometry": { "type": "Point", "coordinates": [ 37.572071, 55.7635512 ] } },
{ "type": "Feature", "properties": { "osm_id": "3866210226", "ref": "2", "other_tags": "\"addr:flats\"=>\"33-54\",\"entrance\"=>\"staircase\"" }, "geometry": { "type": "Point", "coordinates": [ 37.5721168, 55.7637024 ] } },
{ "type": "Feature", "properties": { "osm_id": "3866210229", "ref": "3", "other_tags": "\"addr:flats\"=>\"55-96\",\"entrance\"=>\"staircase\"" }, "geometry": { "type": "Point", "coordinates": [ 37.5721686, 55.7638732 ] } },
{ "type": "Feature", "properties": { "osm_id": "3866210233", "other_tags": "\"leisure\"=>\"playground\"" }, "geometry": { "type": "Point", "coordinates": [ 37.5726413, 55.763955 ] } },
{ "type": "Feature", "properties": { "osm_id": "3866210234", "ref": "4", "other_tags": "\"addr:flats\"=>\"97-128\",\"entrance\"=>\"staircase\"" }, "geometry": { "type": "Point", "coordinates": [ 37.5722115, 55.7640149 ] } },
{ "type": "Feature", "properties": { "osm_id": "3866210249", "other_tags": "\"leisure\"=>\"playground\"" }, "geometry": { "type": "Point", "coordinates": [ 37.5727556, 55.7648536 ] } },
{ "type": "Feature", "properties": { "osm_id": "3866210251", "barrier": "lift_gate", "other_tags": "\"bicycle\"=>\"yes\",\"foot\"=>\"yes\",\"motor_vehicle\"=>\"private\"" }, "geometry": { "type": "Point", "coordinates": [ 37.5732316, 55.7649381 ] } },
{ "type": "Feature", "properties": { "osm_id": "3866210253", "ref": "3", "other_tags": "\"addr:flats\"=>\"21-32\",\"entrance\"=>\"staircase\"" }, "geometry": { "type": "Point", "coordinates": [ 37.573145, 55.7649741 ] } },
{ "type": "Feature", "properties": { "osm_id": "3866210254", "ref": "2", "other_tags": "\"addr:flats\"=>\"11-20\",\"entrance\"=>\"staircase\"" }, "geometry": { "type": "Point", "coordinates": [ 37.5729196, 55.764987 ] } },
{ "type": "Feature", "properties": { "osm_id": "3866210255", "ref": "1", "other_tags": "\"addr:flats\"=>\"1-10\",\"entrance\"=>\"staircase\"" }, "geometry": { "type": "Point", "coordinates": [ 37.5726959, 55.7649999 ] } },
{ "type": "Feature", "properties": { "osm_id": "3866215079", "barrier": "lift_gate", "other_tags": "\"bicycle\"=>\"yes\",\"foot\"=>\"yes\",\"motor_vehicle\"=>\"private\"" }, "geometry": { "type": "Point", "coordinates": [ 37.5721699, 55.7633725 ] } },
{ "type": "Feature", "properties": { "osm_id": "3866215080", "barrier": "lift_gate", "other_tags": "\"bicycle\"=>\"yes\",\"foot\"=>\"yes\",\"motor_vehicle\"=>\"private\"" }, "geometry": { "type": "Point", "coordinates": [ 37.5721899, 55.7634396 ] } },
{ "type": "Feature", "properties": { "osm_id": "3866233029", "other_tags": "\"amenity\"=>\"waste_disposal\"" }, "geometry": { "type": "Point", "coordinates": [ 37.5742031, 55.7619575 ] } },
{ "type": "Feature", "properties": { "osm_id": "3866233031", "other_tags": "\"craft\"=>\"dressmaker\",\"entrance\"=>\"yes\"" }, "geometry": { "type": "Point", "coordinates": [ 37.572805, 55.762434 ] } },
{ "type": "Feature", "properties": { "osm_id": "3866233032", "ref": "4", "other_tags": "\"addr:flats\"=>\"31-40\",\"entrance\"=>\"staircase\"" }, "geometry": { "type": "Point", "coordinates": [ 37.573577, 55.762466 ] } },
{ "type": "Feature", "properties": { "osm_id": "3866233033", "ref": "3", "other_tags": "\"addr:flats\"=>\"21-30\",\"entrance\"=>\"staircase\"" }, "geometry": { "type": "Point", "coordinates": [ 37.5727994, 55.7625054 ] } },
{ "type": "Feature", "properties": { "osm_id": "3866233035", "ref": "2", "other_tags": "\"addr:flats\"=>\"11-20\",\"entrance\"=>\"staircase\"" }, "geometry": { "type": "Point", "coordinates": [ 37.572788, 55.762649 ] } },
{ "type": "Feature", "properties": { "osm_id": "3866233036", "ref": "5", "other_tags": "\"addr:flats\"=>\"41-50\",\"entrance\"=>\"staircase\"" }, "geometry": { "type": "Point", "coordinates": [ 37.5735622, 55.7626528 ] } },
{ "type": "Feature", "properties": { "osm_id": "3866233038", "barrier": "lift_gate", "other_tags": "\"access\"=>\"private\",\"bicycle\"=>\"yes\",\"foot\"=>\"yes\"" }, "geometry": { "type": "Point", "coordinates": [ 37.5740525, 55.7627196 ] } },
{ "type": "Feature", "properties": { "osm_id": "3866233039", "other_tags": "\"amenity\"=>\"waste_disposal\"" }, "geometry": { "type": "Point", "coordinates": [ 37.5741202, 55.7627474 ] } },
{ "type": "Feature", "properties": { "osm_id": "3866233042", "ref": "1", "other_tags": "\"addr:flats\"=>\"1-10\",\"entrance\"=>\"staircase\"" }, "geometry": { "type": "Point", "coordinates": [ 37.5727775, 55.7627803 ] } },
{ "type": "Feature", "properties": { "osm_id": "3866233043", "ref": "6", "other_tags": "\"addr:flats\"=>\"51-60\",\"entrance\"=>\"staircase\"" }, "geometry": { "type": "Point", "coordinates": [ 37.573547, 55.762844 ] } },
{ "type": "Feature", "properties": { "osm_id": "3866233044", "ref": "10", "other_tags": "\"addr:flats\"=>\"91-100\",\"entrance\"=>\"staircase\"" }, "geometry": { "type": "Point", "coordinates": [ 37.572741, 55.7630677 ] } },
{ "type": "Feature", "properties": { "osm_id": "3866233045", "ref": "7", "other_tags": "\"addr:flats\"=>\"60-70\",\"entrance\"=>\"staircase\"" }, "geometry": { "type": "Point", "coordinates": [ 37.5735186, 55.7630807 ] } },
{ "type": "Feature", "properties": { "osm_id": "3866233046", "ref": "9", "other_tags": "\"addr:flats\"=>\"81-90\",\"entrance\"=>\"staircase\"" }, "geometry": { "type": "Point", "coordinates": [ 37.5730188, 55.7631552 ] } },
{ "type": "Feature", "properties": { "osm_id": "3866233047", "ref": "8", "other_tags": "\"addr:flats\"=>\"71-80\",\"entrance\"=>\"staircase\"" }, "geometry": { "type": "Point", "coordinates": [ 37.57326, 55.7631608 ] } },
{ "type": "Feature", "properties": { "osm_id": "3871088029", "barrier": "gate", "other_tags": "\"entrance\"=>\"service\",\"motor_vehicle\"=>\"private\"" }, "geometry": { "type": "Point", "coordinates": [ 37.5753077, 55.7612642 ] } },
{ "type": "Feature", "properties": { "osm_id": "3871104696", "barrier": "turnstile", "other_tags": "\"access\"=>\"customers\",\"bicycle\"=>\"no\",\"entrance\"=>\"main\",\"exit\"=>\"no\",\"fee\"=>\"yes\",\"foot\"=>\"yes\"" }, "geometry": { "type": "Point", "coordinates": [ 37.5784395, 55.7612103 ] } },
{ "type": "Feature", "properties": { "osm_id": "3871104698", "other_tags": "\"entrance\"=>\"main\"" }, "geometry": { "type": "Point", "coordinates": [ 37.5788331, 55.7610204 ] } },
{ "type": "Feature", "properties": { "osm_id": "3876290268", "barrier": "gate", "other_tags": "\"access\"=>\"no\"" }, "geometry": { "type": "Point", "coordinates": [ 37.5763574, 55.7611599 ] } },
{ "type": "Feature", "properties": { "osm_id": "3876290308", "other_tags": "\"information\"=>\"board\",\"tourism\"=>\"information\"" }, "geometry": { "type": "Point", "coordinates": [ 37.57623, 55.7619489 ] } },
{ "type": "Feature", "properties": { "osm_id": "3884865556", "barrier": "full-height_turnstile", "other_tags": "\"entrance\"=>\"exit\"" }, "geometry": { "type": "Point", "coordinates": [ 37.5763105, 55.7611644 ] } },
{ "type": "Feature", "properties": { "osm_id": "3884865858", "barrier": "full-height_turnstile", "other_tags": "\"entrance\"=>\"exit\"" }, "geometry": { "type": "Point", "coordinates": [ 37.5764029, 55.7611555 ] } },
{ "type": "Feature", "properties": { "osm_id": "3910728596", "barrier": "gate", "other_tags": "\"access\"=>\"private\"" }, "geometry": { "type": "Point", "coordinates": [ 37.5870857, 55.7598229 ] } },
{ "type": "Feature", "properties": { "osm_id": "3910770345", "name": "Dad", "other_tags": "\"shop\"=>\"clothes\"" }, "geometry": { "type": "Point", "coordinates": [ 37.5869547, 55.7616323 ] } },
{ "type": "Feature", "properties": { "osm_id": "3910770350", "name": "Ломбард", "other_tags": "\"shop\"=>\"pawnbroker\"" }, "geometry": { "type": "Point", "coordinates": [ 37.5865888, 55.7611511 ] } },
{ "type": "Feature", "properties": { "osm_id": "3910770351", "name": "Rot Punkt", "other_tags": "\"shop\"=>\"kitchen\"" }, "geometry": { "type": "Point", "coordinates": [ 37.5866093, 55.7611785 ] } },
{ "type": "Feature", "properties": { "osm_id": "3910770352", "name": "Ирис", "other_tags": "\"shop\"=>\"florist\"" }, "geometry": { "type": "Point", "coordinates": [ 37.5864418, 55.7609609 ] } },
{ "type": "Feature", "properties": { "osm_id": "3910785469", "barrier": "gate", "other_tags": "\"bicycle\"=>\"yes\",\"foot\"=>\"yes\",\"motor_vehicle\"=>\"private\"" }, "geometry": { "type": "Point", "coordinates": [ 37.5861684, 55.7606005 ] } },
{ "type": "Feature", "properties": { "osm_id": "3910810503", "barrier": "gate", "other_tags": "\"bicycle\"=>\"yes\",\"foot\"=>\"yes\",\"motor_vehicle\"=>\"private\"" }, "geometry": { "type": "Point", "coordinates": [ 37.586867, 55.7615561 ] } },
{ "type": "Feature", "properties": { "osm_id": "3915666055", "barrier": "gate", "other_tags": "\"bicycle\"=>\"yes\",\"foot\"=>\"yes\",\"motor_vehicle\"=>\"private\"" }, "geometry": { "type": "Point", "coordinates": [ 37.5867006, 55.7613057 ] } },
{ "type": "Feature", "properties": { "osm_id": "3984124980", "ref": "1", "other_tags": "\"colour\"=>\"brown\",\"entrance\"=>\"exit\",\"network\"=>\"Московский метрополитен\",\"operator\"=>\"ГУП «Московский метрополитен»\",\"railway\"=>\"subway_entrance\"" }, "geometry": { "type": "Point", "coordinates": [ 37.5773768, 55.7602369 ] } },
{ "type": "Feature", "properties": { "osm_id": "3984124992", "barrier": "turnstile" }, "geometry": { "type": "Point", "coordinates": [ 37.5771947, 55.7601546 ] } },
{ "type": "Feature", "properties": { "osm_id": "3984124993", "barrier": "turnstile" }, "geometry": { "type": "Point", "coordinates": [ 37.5771285, 55.7601548 ] } },
{ "type": "Feature", "properties": { "osm_id": "3984125970", "highway": "crossing", "other_tags": "\"crossing\"=>\"traffic_signals\"" }, "geometry": { "type": "Point", "coordinates": [ 37.5789418, 55.7629782 ] } },
{ "type": "Feature", "properties": { "osm_id": "3984125973", "barrier": "gate", "other_tags": "\"access\"=>\"private\"" }, "geometry": { "type": "Point", "coordinates": [ 37.5787278, 55.7629797 ] } },
{ "type": "Feature", "properties": { "osm_id": "3986351048", "barrier": "lift_gate" }, "geometry": { "type": "Point", "coordinates": [ 37.5795874, 55.7589883 ] } },
{ "type": "Feature", "properties": { "osm_id": "3986353612", "other_tags": "\"kerb\"=>\"no\"" }, "geometry": { "type": "Point", "coordinates": [ 37.5797361, 55.7593288 ] } },
{ "type": "Feature", "properties": { "osm_id": "3986353767", "barrier": "lift_gate" }, "geometry": { "type": "Point", "coordinates": [ 37.5799393, 55.7596282 ] } },
{ "type": "Feature", "properties": { "osm_id": "3986353982", "other_tags": "\"noexit\"=>\"yes\"" }, "geometry": { "type": "Point", "coordinates": [ 37.5800854, 55.7598792 ] } },
{ "type": "Feature", "properties": { "osm_id": "3986354045", "other_tags": "\"entrance\"=>\"main\"" }, "geometry": { "type": "Point", "coordinates": [ 37.579648, 55.7599637 ] } },
{ "type": "Feature", "properties": { "osm_id": "3986354046", "other_tags": "\"kerb\"=>\"no\",\"tactile_paving\"=>\"no\"" }, "geometry": { "type": "Point", "coordinates": [ 37.5798664, 55.759964 ] } },
{ "type": "Feature", "properties": { "osm_id": "3986354203", "other_tags": "\"amenity\"=>\"parking_entrance\"" }, "geometry": { "type": "Point", "coordinates": [ 37.5796972, 55.7600287 ] } },
{ "type": "Feature", "properties": { "osm_id": "3986354221", "barrier": "kerb", "other_tags": "\"kerb\"=>\"lowered\",\"tactile_paving\"=>\"no\"" }, "geometry": { "type": "Point", "coordinates": [ 37.5809503, 55.7600941 ] } },
{ "type": "Feature", "properties": { "osm_id": "3986354245", "barrier": "kerb", "other_tags": "\"kerb\"=>\"raised\",\"tactile_paving\"=>\"no\"" }, "geometry": { "type": "Point", "coordinates": [ 37.5800965, 55.7600853 ] } },
{ "type": "Feature", "properties": { "osm_id": "3986354378", "other_tags": "\"entrance\"=>\"yes\"" }, "geometry": { "type": "Point", "coordinates": [ 37.5801388, 55.76012 ] } },
{ "type": "Feature", "properties": { "osm_id": "3986354380", "other_tags": "\"entrance\"=>\"yes\"" }, "geometry": { "type": "Point", "coordinates": [ 37.5799198, 55.7601208 ] } },
{ "type": "Feature", "properties": { "osm_id": "3986354392", "barrier": "kerb", "other_tags": "\"kerb\"=>\"lowered\",\"tactile_paving\"=>\"no\"" }, "geometry": { "type": "Point", "coordinates": [ 37.5811062, 55.760185 ] } },
{ "type": "Feature", "properties": { "osm_id": "3986354409", "barrier": "lift_gate", "other_tags": "\"bicycle\"=>\"yes\",\"foot\"=>\"yes\",\"motor_vehicle\"=>\"private\"" }, "geometry": { "type": "Point", "coordinates": [ 37.5788774, 55.7601911 ] } },
{ "type": "Feature", "properties": { "osm_id": "3986354422", "barrier": "kerb", "other_tags": "\"kerb\"=>\"lowered\",\"tactile_paving\"=>\"no\"" }, "geometry": { "type": "Point", "coordinates": [ 37.5806619, 55.7602041 ] } },
{ "type": "Feature", "properties": { "osm_id": "3986354433", "barrier": "kerb", "other_tags": "\"kerb\"=>\"lowered\",\"tactile_paving\"=>\"no\"" }, "geometry": { "type": "Point", "coordinates": [ 37.5805986, 55.7602332 ] } },
{ "type": "Feature", "properties": { "osm_id": "3986354439", "other_tags": "\"entrance\"=>\"yes\"" }, "geometry": { "type": "Point", "coordinates": [ 37.5787411, 55.7603187 ] } },
{ "type": "Feature", "properties": { "osm_id": "4059995146", "name": "Диана", "other_tags": "\"contact:email\"=>\"diana@dryclean.ru\",\"contact:phone\"=>\"+7 800 2228226;+7 916 2403710\",\"contact:website\"=>\"https://dryclean.ru/\",\"opening_hours\"=>\"Mo-Su 10:00-21:00\",\"shop\"=>\"dry_cleaning\"" }, "geometry": { "type": "Point", "coordinates": [ 37.5826511, 55.7646215 ] } },
{ "type": "Feature", "properties": { "osm_id": "4059995149", "other_tags": "\"entrance\"=>\"yes\"" }, "geometry": { "type": "Point", "coordinates": [ 37.5858065, 55.7665524 ] } },
{ "type": "Feature", "properties": { "osm_id": "4060533561", "name": "Чай-кофе", "other_tags": "\"shop\"=>\"tea\"" }, "geometry": { "type": "Point", "coordinates": [ 37.5865741, 55.7611279 ] } },
{ "type": "Feature", "properties": { "osm_id": "4073387256", "barrier": "lift_gate" }, "geometry": { "type": "Point", "coordinates": [ 37.5794194, 55.7649297 ] } },
{ "type": "Feature", "properties": { "osm_id": "4073389096", "other_tags": "\"amenity\"=>\"parking_entrance\"" }, "geometry": { "type": "Point", "coordinates": [ 37.5799851, 55.7652268 ] } },
{ "type": "Feature", "properties": { "osm_id": "4073389101", "barrier": "lift_gate", "other_tags": "\"access\"=>\"private\"" }, "geometry": { "type": "Point", "coordinates": [ 37.5805303, 55.7652752 ] } },
{ "type": "Feature", "properties": { "osm_id": "4073416796", "barrier": "lift_gate", "other_tags": "\"access\"=>\"private\"" }, "geometry": { "type": "Point", "coordinates": [ 37.5832828, 55.7656953 ] } },
{ "type": "Feature", "properties": { "osm_id": "4073471304", "barrier": "gate", "other_tags": "\"access\"=>\"private\"" }, "geometry": { "type": "Point", "coordinates": [ 37.5836703, 55.7656735 ] } },
{ "type": "Feature", "properties": { "osm_id": "4073471326", "other_tags": "\"amenity\"=>\"parking_entrance\"" }, "geometry": { "type": "Point", "coordinates": [ 37.5829273, 55.7659495 ] } },
{ "type": "Feature", "properties": { "osm_id": "4073471361", "barrier": "gate", "other_tags": "\"access\"=>\"private\"" }, "geometry": { "type": "Point", "coordinates": [ 37.5841683, 55.7661866 ] } },
{ "type": "Feature", "properties": { "osm_id": "4073471377", "barrier": "lift_gate", "other_tags": "\"access\"=>\"private\"" }, "geometry": { "type": "Point", "coordinates": [ 37.5837295, 55.7664273 ] } },
{ "type": "Feature", "properties": { "osm_id": "4073471383", "highway": "crossing", "other_tags": "\"crossing\"=>\"uncontrolled\"" }, "geometry": { "type": "Point", "coordinates": [ 37.5853005, 55.7663922 ] } },
{ "type": "Feature", "properties": { "osm_id": "4073471698", "other_tags": "\"entrance\"=>\"yes\"" }, "geometry": { "type": "Point", "coordinates": [ 37.5835155, 55.76659 ] } },
{ "type": "Feature", "properties": { "osm_id": "4073471713", "other_tags": "\"entrance\"=>\"yes\"" }, "geometry": { "type": "Point", "coordinates": [ 37.5838762, 55.7666945 ] } },
{ "type": "Feature", "properties": { "osm_id": "4073529300", "other_tags": "\"entrance\"=>\"yes\"" }, "geometry": { "type": "Point", "coordinates": [ 37.5833138, 55.7666636 ] } },
{ "type": "Feature", "properties": { "osm_id": "4073536510", "other_tags": "\"entrance\"=>\"main\"" }, "geometry": { "type": "Point", "coordinates": [ 37.581374, 55.7644296 ] } },
{ "type": "Feature", "properties": { "osm_id": "4073536522", "barrier": "lift_gate", "other_tags": "\"access\"=>\"private\"" }, "geometry": { "type": "Point", "coordinates": [ 37.5823038, 55.7658081 ] } },
{ "type": "Feature", "properties": { "osm_id": "4073548091", "other_tags": "\"entrance\"=>\"service\"" }, "geometry": { "type": "Point", "coordinates": [ 37.5832282, 55.7655458 ] } },
{ "type": "Feature", "properties": { "osm_id": "4073557343", "barrier": "gate", "other_tags": "\"access\"=>\"private\"" }, "geometry": { "type": "Point", "coordinates": [ 37.5861492, 55.7669512 ] } },
{ "type": "Feature", "properties": { "osm_id": "4073557348", "other_tags": "\"entrance\"=>\"yes\"" }, "geometry": { "type": "Point", "coordinates": [ 37.587694, 55.7669962 ] } },
{ "type": "Feature", "properties": { "osm_id": "4073557353", "barrier": "gate", "other_tags": "\"access\"=>\"private\"" }, "geometry": { "type": "Point", "coordinates": [ 37.5861764, 55.7671325 ] } },
{ "type": "Feature", "properties": { "osm_id": "4073557356", "barrier": "kerb", "other_tags": "\"kerb\"=>\"lowered\"" }, "geometry": { "type": "Point", "coordinates": [ 37.5861375, 55.7671428 ] } },
{ "type": "Feature", "properties": { "osm_id": "4073558419", "ref": "4", "other_tags": "\"addr:flats\"=>\"121-160\",\"entrance\"=>\"staircase\"" }, "geometry": { "type": "Point", "coordinates": [ 37.5807693, 55.7646471 ] } },
{ "type": "Feature", "properties": { "osm_id": "4073558421", "ref": "3", "other_tags": "\"addr:flats\"=>\"81-120\",\"entrance\"=>\"staircase\"" }, "geometry": { "type": "Point", "coordinates": [ 37.5804149, 55.7647766 ] } },
{ "type": "Feature", "properties": { "osm_id": "4073558422", "ref": "2", "other_tags": "\"addr:flats\"=>\"41-80\",\"entrance\"=>\"staircase\"" }, "geometry": { "type": "Point", "coordinates": [ 37.5800605, 55.7649061 ] } },
{ "type": "Feature", "properties": { "osm_id": "4073558424", "ref": "1", "other_tags": "\"addr:flats\"=>\"1-40\",\"entrance\"=>\"staircase\"" }, "geometry": { "type": "Point", "coordinates": [ 37.5797061, 55.7650356 ] } },
{ "type": "Feature", "properties": { "osm_id": "4073558425", "other_tags": "\"amenity\"=>\"bicycle_parking\"" }, "geometry": { "type": "Point", "coordinates": [ 37.5802618, 55.7650714 ] } },
{ "type": "Feature", "properties": { "osm_id": "4073564491", "other_tags": "\"entrance\"=>\"yes\"" }, "geometry": { "type": "Point", "coordinates": [ 37.5787057, 55.7647346 ] } },
{ "type": "Feature", "properties": { "osm_id": "4073564494", "other_tags": "\"entrance\"=>\"main\"" }, "geometry": { "type": "Point", "coordinates": [ 37.5789124, 55.764869 ] } },
{ "type": "Feature", "properties": { "osm_id": "4073821789", "name": "\"НИ и ПИ Генплана Москвы\"", "other_tags": "\"office\"=>\"company\"" }, "geometry": { "type": "Point", "coordinates": [ 37.5834378, 55.7666217 ] } },
{ "type": "Feature", "properties": { "osm_id": "4074727689", "name": "Цех", "other_tags": "\"addr:housenumber\"=>\"13 с2\",\"addr:street\"=>\"Зоологическая улица\",\"amenity\"=>\"cafe\",\"cuisine\"=>\"international\",\"opening_hours\"=>\"Mo-Fr 11:00-23:00; Sa-Su 12:00-23:00\",\"phone\"=>\"+7 499 7662776\"" }, "geometry": { "type": "Point", "coordinates": [ 37.5811776, 55.764374 ] } },
{ "type": "Feature", "properties": { "osm_id": "4075086984", "barrier": "gate" }, "geometry": { "type": "Point", "coordinates": [ 37.5840657, 55.7660824 ] } },
{ "type": "Feature", "properties": { "osm_id": "4075555990", "name": "Клиника глазных болезней", "other_tags": "\"amenity\"=>\"clinic\",\"healthcare\"=>\"clinic\",\"name:uk\"=>\"Клініка очних хвороб\"" }, "geometry": { "type": "Point", "coordinates": [ 37.5823688, 55.7660462 ] } },
{ "type": "Feature", "properties": { "osm_id": "4076392758", "barrier": "gate", "other_tags": "\"access\"=>\"private\"" }, "geometry": { "type": "Point", "coordinates": [ 37.5850471, 55.7674735 ] } },
{ "type": "Feature", "properties": { "osm_id": "4076702860", "other_tags": "\"amenity\"=>\"atm\",\"brand\"=>\"ВТБ\",\"check_date\"=>\"2026-01-17\",\"contact:phone\"=>\"+7 800 1002424\",\"contact:website\"=>\"https://www.vtb.ru/\",\"operator\"=>\"Банк ВТБ (ПАО)\"" }, "geometry": { "type": "Point", "coordinates": [ 37.5772789, 55.7600649 ] } },
{ "type": "Feature", "properties": { "osm_id": "4086101489", "name": "Консультативный центр", "other_tags": "\"amenity\"=>\"clinic\",\"opening_hours\"=>\"Mo-Fr 08:30-20:00\"" }, "geometry": { "type": "Point", "coordinates": [ 37.5853989, 55.7660839 ] } },
{ "type": "Feature", "properties": { "osm_id": "4086188969", "other_tags": "\"entrance\"=>\"main\"" }, "geometry": { "type": "Point", "coordinates": [ 37.5852921, 55.7661118 ] } },
{ "type": "Feature", "properties": { "osm_id": "4086188981", "barrier": "gate" }, "geometry": { "type": "Point", "coordinates": [ 37.5855809, 55.7663503 ] } },
{ "type": "Feature", "properties": { "osm_id": "4086195612", "other_tags": "\"entrance\"=>\"yes\"" }, "geometry": { "type": "Point", "coordinates": [ 37.5873547, 55.7665154 ] } },
{ "type": "Feature", "properties": { "osm_id": "4086195628", "other_tags": "\"entrance\"=>\"yes\"" }, "geometry": { "type": "Point", "coordinates": [ 37.5876066, 55.7666098 ] } },
{ "type": "Feature", "properties": { "osm_id": "4086195631", "other_tags": "\"entrance\"=>\"staircase\"" }, "geometry": { "type": "Point", "coordinates": [ 37.5873581, 55.7666231 ] } },
{ "type": "Feature", "properties": { "osm_id": "4086195643", "other_tags": "\"entrance\"=>\"staircase\"" }, "geometry": { "type": "Point", "coordinates": [ 37.5875273, 55.7667442 ] } },
{ "type": "Feature", "properties": { "osm_id": "4086195654", "other_tags": "\"entrance\"=>\"staircase\"" }, "geometry": { "type": "Point", "coordinates": [ 37.5876885, 55.7668627 ] } },
{ "type": "Feature", "properties": { "osm_id": "4086195665", "other_tags": "\"entrance\"=>\"staircase\"" }, "geometry": { "type": "Point", "coordinates": [ 37.5878593, 55.7669856 ] } },
{ "type": "Feature", "properties": { "osm_id": "4086195673", "other_tags": "\"entrance\"=>\"main\"" }, "geometry": { "type": "Point", "coordinates": [ 37.5868872, 55.7670164 ] } },
{ "type": "Feature", "properties": { "osm_id": "4086219345", "barrier": "gate" }, "geometry": { "type": "Point", "coordinates": [ 37.5851681, 55.7664458 ] } },
{ "type": "Feature", "properties": { "osm_id": "4086219346", "other_tags": "\"entrance\"=>\"main\"" }, "geometry": { "type": "Point", "coordinates": [ 37.585085, 55.7664796 ] } },
{ "type": "Feature", "properties": { "osm_id": "4086469967", "barrier": "lift_gate", "other_tags": "\"access\"=>\"private\"" }, "geometry": { "type": "Point", "coordinates": [ 37.5817357, 55.7645186 ] } },
{ "type": "Feature", "properties": { "osm_id": "4086469968", "barrier": "block" }, "geometry": { "type": "Point", "coordinates": [ 37.5819679, 55.7648456 ] } },
{ "type": "Feature", "properties": { "osm_id": "4086469970", "highway": "street_lamp" }, "geometry": { "type": "Point", "coordinates": [ 37.5835256, 55.7650084 ] } },
{ "type": "Feature", "properties": { "osm_id": "4086469971", "barrier": "lift_gate", "other_tags": "\"access\"=>\"private\"" }, "geometry": { "type": "Point", "coordinates": [ 37.5819607, 55.7650372 ] } },
{ "type": "Feature", "properties": { "osm_id": "4086469975", "other_tags": "\"shop\"=>\"newsagent\"" }, "geometry": { "type": "Point", "coordinates": [ 37.583365, 55.7650737 ] } },
{ "type": "Feature", "properties": { "osm_id": "4086469985", "highway": "street_lamp" }, "geometry": { "type": "Point", "coordinates": [ 37.5834772, 55.7651213 ] } },
{ "type": "Feature", "properties": { "osm_id": "4086469997", "barrier": "lift_gate", "other_tags": "\"access\"=>\"private\"" }, "geometry": { "type": "Point", "coordinates": [ 37.5835182, 55.7651543 ] } },
{ "type": "Feature", "properties": { "osm_id": "4086470015", "other_tags": "\"entrance\"=>\"main\"" }, "geometry": { "type": "Point", "coordinates": [ 37.5833176, 55.7653524 ] } },
{ "type": "Feature", "properties": { "osm_id": "4086470017", "other_tags": "\"amenity\"=>\"parking_entrance\"" }, "geometry": { "type": "Point", "coordinates": [ 37.5822559, 55.7653581 ] } },
{ "type": "Feature", "properties": { "osm_id": "4086470030", "other_tags": "\"entrance\"=>\"service\"" }, "geometry": { "type": "Point", "coordinates": [ 37.5836558, 55.7653899 ] } },
{ "type": "Feature", "properties": { "osm_id": "4086470065", "highway": "street_lamp" }, "geometry": { "type": "Point", "coordinates": [ 37.5839423, 55.765524 ] } },
{ "type": "Feature", "properties": { "osm_id": "4086470094", "barrier": "gate", "other_tags": "\"access\"=>\"private\"" }, "geometry": { "type": "Point", "coordinates": [ 37.5829419, 55.7656273 ] } },
{ "type": "Feature", "properties": { "osm_id": "4086470145", "other_tags": "\"entrance\"=>\"main\"" }, "geometry": { "type": "Point", "coordinates": [ 37.5841602, 55.7657289 ] } },
{ "type": "Feature", "properties": { "osm_id": "4086470152", "barrier": "gate", "other_tags": "\"access\"=>\"private\"" }, "geometry": { "type": "Point", "coordinates": [ 37.5830371, 55.7657591 ] } },
{ "type": "Feature", "properties": { "osm_id": "4086470155", "other_tags": "\"entrance\"=>\"yes\"" }, "geometry": { "type": "Point", "coordinates": [ 37.5834037, 55.7657702 ] } },
{ "type": "Feature", "properties": { "osm_id": "4086470232", "other_tags": "\"entrance\"=>\"service\"" }, "geometry": { "type": "Point", "coordinates": [ 37.5836048, 55.7659426 ] } },
{ "type": "Feature", "properties": { "osm_id": "4086470268", "other_tags": "\"entrance\"=>\"yes\"" }, "geometry": { "type": "Point", "coordinates": [ 37.5836864, 55.7661274 ] } },
{ "type": "Feature", "properties": { "osm_id": "4086470280", "other_tags": "\"entrance\"=>\"yes\"" }, "geometry": { "type": "Point", "coordinates": [ 37.584213, 55.766229 ] } },
{ "type": "Feature", "properties": { "osm_id": "4086470288", "name": "Банкхаус Эрбе", "other_tags": "\"amenity\"=>\"bank\"" }, "geometry": { "type": "Point", "coordinates": [ 37.5836431, 55.766141 ] } },
{ "type": "Feature", "properties": { "osm_id": "4086470289", "name": "Рана", "other_tags": "\"amenity\"=>\"clinic\",\"healthcare\"=>\"clinic\",\"name:uk\"=>\"Рана\",\"opening_hours\"=>\"Mo-Su 10:00-21:00\",\"phone\"=>\"+7 499 7662210\"" }, "geometry": { "type": "Point", "coordinates": [ 37.5821268, 55.7659572 ] } },
{ "type": "Feature", "properties": { "osm_id": "4086470290", "name": "Хна", "other_tags": "\"opening_hours\"=>\"Mo-Su 10:00-22:00\",\"phone\"=>\"+7 495 7557615\",\"shop\"=>\"beauty\"" }, "geometry": { "type": "Point", "coordinates": [ 37.5834185, 55.7657862 ] } },
{ "type": "Feature", "properties": { "osm_id": "4086614649", "other_tags": "\"entrance\"=>\"yes\"" }, "geometry": { "type": "Point", "coordinates": [ 37.5811152, 55.7644604 ] } },
{ "type": "Feature", "properties": { "osm_id": "4086614669", "other_tags": "\"entrance\"=>\"yes\"" }, "geometry": { "type": "Point", "coordinates": [ 37.5808262, 55.7646264 ] } },
{ "type": "Feature", "properties": { "osm_id": "4086614791", "barrier": "lift_gate", "other_tags": "\"access\"=>\"private\"" }, "geometry": { "type": "Point", "coordinates": [ 37.5807363, 55.7648413 ] } },
{ "type": "Feature", "properties": { "osm_id": "4086614826", "highway": "street_lamp" }, "geometry": { "type": "Point", "coordinates": [ 37.5801854, 55.7650515 ] } },
{ "type": "Feature", "properties": { "osm_id": "4086614831", "other_tags": "\"natural\"=>\"tree\"" }, "geometry": { "type": "Point", "coordinates": [ 37.5801778, 55.7650735 ] } },
{ "type": "Feature", "properties": { "osm_id": "4086614833", "other_tags": "\"natural\"=>\"tree\"" }, "geometry": { "type": "Point", "coordinates": [ 37.5801429, 55.7650874 ] } },
{ "type": "Feature", "properties": { "osm_id": "4086614844", "other_tags": "\"natural\"=>\"tree\"" }, "geometry": { "type": "Point", "coordinates": [ 37.580088, 55.7651093 ] } },
{ "type": "Feature", "properties": { "osm_id": "4086614845", "other_tags": "\"entrance\"=>\"service\"" }, "geometry": { "type": "Point", "coordinates": [ 37.5802872, 55.7651102 ] } },
{ "type": "Feature", "properties": { "osm_id": "4086614851", "other_tags": "\"natural\"=>\"tree\"" }, "geometry": { "type": "Point", "coordinates": [ 37.5800243, 55.7651304 ] } },
{ "type": "Feature", "properties": { "osm_id": "4086614862", "other_tags": "\"amenity\"=>\"parking_entrance\"" }, "geometry": { "type": "Point", "coordinates": [ 37.5803899, 55.7651715 ] } },
{ "type": "Feature", "properties": { "osm_id": "4086614864", "other_tags": "\"entrance\"=>\"service\"" }, "geometry": { "type": "Point", "coordinates": [ 37.5800761, 55.7651804 ] } },
{ "type": "Feature", "properties": { "osm_id": "4086614865", "highway": "street_lamp" }, "geometry": { "type": "Point", "coordinates": [ 37.5798467, 55.765182 ] } },
{ "type": "Feature", "properties": { "osm_id": "4086614867", "other_tags": "\"entrance\"=>\"service\"" }, "geometry": { "type": "Point", "coordinates": [ 37.5800591, 55.7651983 ] } },
{ "type": "Feature", "properties": { "osm_id": "4086614868", "other_tags": "\"natural\"=>\"tree\"" }, "geometry": { "type": "Point", "coordinates": [ 37.5797963, 55.7652014 ] } },
{ "type": "Feature", "properties": { "osm_id": "4086614877", "other_tags": "\"natural\"=>\"tree\"" }, "geometry": { "type": "Point", "coordinates": [ 37.5796883, 55.7652398 ] } },
{ "type": "Feature", "properties": { "osm_id": "4086614886", "highway": "street_lamp" }, "geometry": { "type": "Point", "coordinates": [ 37.5796556, 55.7652711 ] } },
{ "type": "Feature", "properties": { "osm_id": "4086614893", "name": "Dental dream", "other_tags": "\"amenity\"=>\"dentist\",\"check_date\"=>\"2023-04-02\",\"health_facility:type\"=>\"clinic\",\"health_specialty:dentistry\"=>\"yes\",\"healthcare\"=>\"dentist\",\"medical_system:western\"=>\"yes\",\"name:uk\"=>\"Dental dream\",\"opening_hours\"=>\"Mo-Fr 09:00-21:00; Sa-Su 09:00-18:00\",\"payment:mastercard\"=>\"yes\",\"payment:visa\"=>\"yes\",\"phone\"=>\"+74997662512\",\"provided_for:child\"=>\"yes\",\"provided_for:infant\"=>\"yes\",\"provided_for:toddler\"=>\"yes\",\"website\"=>\"https://extrodent.ru\",\"wheelchair\"=>\"no\"" }, "geometry": { "type": "Point", "coordinates": [ 37.5810065, 55.7657775 ] } },
{ "type": "Feature", "properties": { "osm_id": "4087910220", "other_tags": "\"amenity\"=>\"waste_disposal\",\"waste\"=>\"trash\"" }, "geometry": { "type": "Point", "coordinates": [ 37.584099, 55.7661179 ] } },
{ "type": "Feature", "properties": { "osm_id": "4100014726", "barrier": "gate", "other_tags": "\"access\"=>\"private\"" }, "geometry": { "type": "Point", "coordinates": [ 37.5821149, 55.7641054 ] } },
{ "type": "Feature", "properties": { "osm_id": "4100014729", "barrier": "turnstile", "other_tags": "\"access\"=>\"private\"" }, "geometry": { "type": "Point", "coordinates": [ 37.5824108, 55.7641744 ] } },
{ "type": "Feature", "properties": { "osm_id": "4100014735", "barrier": "gate" }, "geometry": { "type": "Point", "coordinates": [ 37.5816199, 55.7643415 ] } },
{ "type": "Feature", "properties": { "osm_id": "4100014740", "other_tags": "\"entrance\"=>\"yes\"" }, "geometry": { "type": "Point", "coordinates": [ 37.5819222, 55.7644675 ] } },
{ "type": "Feature", "properties": { "osm_id": "4100014742", "barrier": "gate", "other_tags": "\"access\"=>\"private\"" }, "geometry": { "type": "Point", "coordinates": [ 37.5829587, 55.7645143 ] } },
{ "type": "Feature", "properties": { "osm_id": "4100014746", "other_tags": "\"kerb\"=>\"lowered\"" }, "geometry": { "type": "Point", "coordinates": [ 37.582885, 55.764546 ] } },
{ "type": "Feature", "properties": { "osm_id": "4100014748", "other_tags": "\"entrance\"=>\"yes\"" }, "geometry": { "type": "Point", "coordinates": [ 37.5826541, 55.7645793 ] } },
{ "type": "Feature", "properties": { "osm_id": "4100014750", "barrier": "gate", "other_tags": "\"access\"=>\"private\"" }, "geometry": { "type": "Point", "coordinates": [ 37.5833524, 55.7647981 ] } },
{ "type": "Feature", "properties": { "osm_id": "4100014752", "other_tags": "\"kerb\"=>\"lowered\"" }, "geometry": { "type": "Point", "coordinates": [ 37.5832689, 55.7648337 ] } },
{ "type": "Feature", "properties": { "osm_id": "4100014754", "other_tags": "\"entrance\"=>\"yes\"" }, "geometry": { "type": "Point", "coordinates": [ 37.5807939, 55.7652079 ] } },
{ "type": "Feature", "properties": { "osm_id": "4104287389", "name": "Метро «Баррикадная»", "highway": "bus_stop", "other_tags": "\"alt_name\"=>\"Станция метро «Баррикадная»\",\"name:uk\"=>\"Метро «Барикадна»\",\"public_transport\"=>\"platform\",\"shelter\"=>\"yes\"" }, "geometry": { "type": "Point", "coordinates": [ 37.579475, 55.7619156 ] } },
{ "type": "Feature", "properties": { "osm_id": "4104291089", "name": "Зоологическая улица", "highway": "bus_stop", "other_tags": "\"name:uk\"=>\"Зоологічна вулиця\",\"public_transport\"=>\"platform\"" }, "geometry": { "type": "Point", "coordinates": [ 37.578376, 55.764782 ] } },
{ "type": "Feature", "properties": { "osm_id": "4104722688", "barrier": "gate", "other_tags": "\"access\"=>\"permissive\"" }, "geometry": { "type": "Point", "coordinates": [ 37.5855171, 55.7610032 ] } },
{ "type": "Feature", "properties": { "osm_id": "4120407190", "name": "Копи Центр", "other_tags": "\"check_date\"=>\"2025-12-20\",\"shop\"=>\"copyshop\",\"wheelchair\"=>\"no\"" }, "geometry": { "type": "Point", "coordinates": [ 37.5793243, 55.7668375 ] } },
{ "type": "Feature", "properties": { "osm_id": "4121436082", "name": "Диана", "other_tags": "\"shop\"=>\"dry_cleaning\"" }, "geometry": { "type": "Point", "coordinates": [ 37.5788156, 55.7647628 ] } },
{ "type": "Feature", "properties": { "osm_id": "4121440214", "name": "MedAssist", "other_tags": "\"amenity\"=>\"clinic\"" }, "geometry": { "type": "Point", "coordinates": [ 37.5810845, 55.7654352 ] } },
{ "type": "Feature", "properties": { "osm_id": "4121440902", "other_tags": "\"craft\"=>\"tailor\"" }, "geometry": { "type": "Point", "coordinates": [ 37.5811393, 55.7655059 ] } },
{ "type": "Feature", "properties": { "osm_id": "4123982255", "other_tags": "\"natural\"=>\"tree\"" }, "geometry": { "type": "Point", "coordinates": [ 37.5797516, 55.7625117 ] } },
{ "type": "Feature", "properties": { "osm_id": "4123982280", "other_tags": "\"entrance\"=>\"yes\"" }, "geometry": { "type": "Point", "coordinates": [ 37.5790155, 55.7625481 ] } },
{ "type": "Feature", "properties": { "osm_id": "4123982502", "other_tags": "\"amenity\"=>\"bench\"" }, "geometry": { "type": "Point", "coordinates": [ 37.578177, 55.762848 ] } },
{ "type": "Feature", "properties": { "osm_id": "4123982552", "other_tags": "\"natural\"=>\"tree\"" }, "geometry": { "type": "Point", "coordinates": [ 37.58338, 55.762901 ] } },
{ "type": "Feature", "properties": { "osm_id": "4123982558", "other_tags": "\"natural\"=>\"tree\"" }, "geometry": { "type": "Point", "coordinates": [ 37.5839446, 55.7629078 ] } },
{ "type": "Feature", "properties": { "osm_id": "4123982568", "other_tags": "\"natural\"=>\"tree\"" }, "geometry": { "type": "Point", "coordinates": [ 37.58373, 55.7629154 ] } },
{ "type": "Feature", "properties": { "osm_id": "4123982575", "other_tags": "\"natural\"=>\"tree\"" }, "geometry": { "type": "Point", "coordinates": [ 37.5835946, 55.7629207 ] } },
{ "type": "Feature", "properties": { "osm_id": "4123982733", "other_tags": "\"natural\"=>\"tree\"" }, "geometry": { "type": "Point", "coordinates": [ 37.5831587, 55.7629954 ] } },
{ "type": "Feature", "properties": { "osm_id": "4123982737", "other_tags": "\"natural\"=>\"tree\"" }, "geometry": { "type": "Point", "coordinates": [ 37.5839687, 55.7629976 ] } },
{ "type": "Feature", "properties": { "osm_id": "4123982739", "other_tags": "\"natural\"=>\"tree\"" }, "geometry": { "type": "Point", "coordinates": [ 37.5841377, 55.7629991 ] } },
{ "type": "Feature", "properties": { "osm_id": "4123982740", "other_tags": "\"natural\"=>\"tree\"" }, "geometry": { "type": "Point", "coordinates": [ 37.5829964, 55.7630014 ] } },
{ "type": "Feature", "properties": { "osm_id": "4123982757", "other_tags": "\"natural\"=>\"tree\"" }, "geometry": { "type": "Point", "coordinates": [ 37.5836871, 55.7630293 ] } },
{ "type": "Feature", "properties": { "osm_id": "4123982760", "other_tags": "\"natural\"=>\"tree\"" }, "geometry": { "type": "Point", "coordinates": [ 37.5830823, 55.7630384 ] } },
{ "type": "Feature", "properties": { "osm_id": "4123982764", "other_tags": "\"natural\"=>\"tree\"" }, "geometry": { "type": "Point", "coordinates": [ 37.5829871, 55.7630421 ] } },
{ "type": "Feature", "properties": { "osm_id": "4123982765", "other_tags": "\"natural\"=>\"tree\"" }, "geometry": { "type": "Point", "coordinates": [ 37.5835678, 55.7630444 ] } },
{ "type": "Feature", "properties": { "osm_id": "4123982768", "other_tags": "\"natural\"=>\"tree\"" }, "geometry": { "type": "Point", "coordinates": [ 37.5841464, 55.7630486 ] } },
{ "type": "Feature", "properties": { "osm_id": "4123982894", "other_tags": "\"natural\"=>\"tree\"" }, "geometry": { "type": "Point", "coordinates": [ 37.5843201, 55.7630965 ] } },
{ "type": "Feature", "properties": { "osm_id": "4123982900", "other_tags": "\"natural\"=>\"tree\"" }, "geometry": { "type": "Point", "coordinates": [ 37.5832298, 55.7631048 ] } },
{ "type": "Feature", "properties": { "osm_id": "4123982902", "other_tags": "\"natural\"=>\"tree\"" }, "geometry": { "type": "Point", "coordinates": [ 37.5844328, 55.7631206 ] } },
{ "type": "Feature", "properties": { "osm_id": "4123982904", "other_tags": "\"natural\"=>\"tree\"" }, "geometry": { "type": "Point", "coordinates": [ 37.583152, 55.7631221 ] } },
{ "type": "Feature", "properties": { "osm_id": "4123982910", "other_tags": "\"natural\"=>\"tree\"" }, "geometry": { "type": "Point", "coordinates": [ 37.5845427, 55.7631289 ] } },
{ "type": "Feature", "properties": { "osm_id": "4123982923", "other_tags": "\"natural\"=>\"tree\"" }, "geometry": { "type": "Point", "coordinates": [ 37.5845012, 55.7631787 ] } },
{ "type": "Feature", "properties": { "osm_id": "4123982926", "other_tags": "\"entrance\"=>\"yes\"" }, "geometry": { "type": "Point", "coordinates": [ 37.5838284, 55.7631802 ] } },
{ "type": "Feature", "properties": { "osm_id": "4123982931", "other_tags": "\"natural\"=>\"tree\"" }, "geometry": { "type": "Point", "coordinates": [ 37.5846058, 55.7631938 ] } },
{ "type": "Feature", "properties": { "osm_id": "4123982938", "other_tags": "\"natural\"=>\"tree\"" }, "geometry": { "type": "Point", "coordinates": [ 37.5844475, 55.763224 ] } },
{ "type": "Feature", "properties": { "osm_id": "4123982943", "other_tags": "\"natural\"=>\"tree\"" }, "geometry": { "type": "Point", "coordinates": [ 37.5846742, 55.7632504 ] } },
{ "type": "Feature", "properties": { "osm_id": "4123982944", "other_tags": "\"natural\"=>\"tree\"" }, "geometry": { "type": "Point", "coordinates": [ 37.584524, 55.7632617 ] } },
{ "type": "Feature", "properties": { "osm_id": "4123982945", "other_tags": "\"natural\"=>\"tree\"" }, "geometry": { "type": "Point", "coordinates": [ 37.5828308, 55.7632723 ] } },
{ "type": "Feature", "properties": { "osm_id": "4123982962", "other_tags": "\"natural\"=>\"tree\"" }, "geometry": { "type": "Point", "coordinates": [ 37.5846661, 55.7633658 ] } },
{ "type": "Feature", "properties": { "osm_id": "4123982964", "other_tags": "\"natural\"=>\"tree\"" }, "geometry": { "type": "Point", "coordinates": [ 37.5828469, 55.7633692 ] } },
{ "type": "Feature", "properties": { "osm_id": "4123982965", "other_tags": "\"natural\"=>\"tree\"" }, "geometry": { "type": "Point", "coordinates": [ 37.5845977, 55.7633764 ] } },
{ "type": "Feature", "properties": { "osm_id": "4123982968", "other_tags": "\"natural\"=>\"tree\"" }, "geometry": { "type": "Point", "coordinates": [ 37.5846299, 55.7634051 ] } },
{ "type": "Feature", "properties": { "osm_id": "4123982969", "other_tags": "\"natural\"=>\"tree\"" }, "geometry": { "type": "Point", "coordinates": [ 37.5844556, 55.7634066 ] } },
{ "type": "Feature", "properties": { "osm_id": "4123982972", "other_tags": "\"natural\"=>\"tree\"" }, "geometry": { "type": "Point", "coordinates": [ 37.5847359, 55.7634254 ] } },
{ "type": "Feature", "properties": { "osm_id": "4123982979", "other_tags": "\"natural\"=>\"tree\"" }, "geometry": { "type": "Point", "coordinates": [ 37.5847117, 55.7634813 ] } },
{ "type": "Feature", "properties": { "osm_id": "4123982984", "other_tags": "\"natural\"=>\"tree\"" }, "geometry": { "type": "Point", "coordinates": [ 37.5845186, 55.7635069 ] } },
{ "type": "Feature", "properties": { "osm_id": "4123982985", "other_tags": "\"natural\"=>\"tree\"" }, "geometry": { "type": "Point", "coordinates": [ 37.5846608, 55.7635092 ] } },
{ "type": "Feature", "properties": { "osm_id": "4123982986", "other_tags": "\"natural\"=>\"tree\"" }, "geometry": { "type": "Point", "coordinates": [ 37.5836308, 55.7635152 ] } },
{ "type": "Feature", "properties": { "osm_id": "4123982987", "other_tags": "\"natural\"=>\"tree\"" }, "geometry": { "type": "Point", "coordinates": [ 37.5844502, 55.7635205 ] } },
{ "type": "Feature", "properties": { "osm_id": "4123983395", "other_tags": "\"natural\"=>\"tree\"" }, "geometry": { "type": "Point", "coordinates": [ 37.5839285, 55.7635748 ] } },
{ "type": "Feature", "properties": { "osm_id": "4123983397", "other_tags": "\"natural\"=>\"tree\"" }, "geometry": { "type": "Point", "coordinates": [ 37.5847405, 55.763573 ] } },
{ "type": "Feature", "properties": { "osm_id": "4123983398", "other_tags": "\"natural\"=>\"tree\"" }, "geometry": { "type": "Point", "coordinates": [ 37.5842517, 55.7635982 ] } },
{ "type": "Feature", "properties": { "osm_id": "4123983399", "other_tags": "\"natural\"=>\"tree\"" }, "geometry": { "type": "Point", "coordinates": [ 37.5837783, 55.7636118 ] } },
{ "type": "Feature", "properties": { "osm_id": "4123983401", "other_tags": "\"natural\"=>\"tree\"" }, "geometry": { "type": "Point", "coordinates": [ 37.5836724, 55.7636254 ] } },
{ "type": "Feature", "properties": { "osm_id": "4123983403", "other_tags": "\"natural\"=>\"tree\"" }, "geometry": { "type": "Point", "coordinates": [ 37.5841619, 55.7636427 ] } },
{ "type": "Feature", "properties": { "osm_id": "4123983407", "other_tags": "\"natural\"=>\"tree\"" }, "geometry": { "type": "Point", "coordinates": [ 37.5835383, 55.7636691 ] } },
{ "type": "Feature", "properties": { "osm_id": "4123983413", "other_tags": "\"natural\"=>\"tree\"" }, "geometry": { "type": "Point", "coordinates": [ 37.5843094, 55.7637099 ] } },
{ "type": "Feature", "properties": { "osm_id": "4123983414", "other_tags": "\"natural\"=>\"tree\"" }, "geometry": { "type": "Point", "coordinates": [ 37.5837756, 55.7637227 ] } },
{ "type": "Feature", "properties": { "osm_id": "4123983415", "other_tags": "\"natural\"=>\"tree\"" }, "geometry": { "type": "Point", "coordinates": [ 37.5839352, 55.7637227 ] } },
{ "type": "Feature", "properties": { "osm_id": "4123983416", "other_tags": "\"natural\"=>\"tree\"" }, "geometry": { "type": "Point", "coordinates": [ 37.5844784, 55.763731 ] } },
{ "type": "Feature", "properties": { "osm_id": "4123983425", "other_tags": "\"natural\"=>\"tree\"" }, "geometry": { "type": "Point", "coordinates": [ 37.5833847, 55.7638687 ] } },
{ "type": "Feature", "properties": { "osm_id": "4123983426", "other_tags": "\"natural\"=>\"tree\"" }, "geometry": { "type": "Point", "coordinates": [ 37.5847003, 55.7638831 ] } },
{ "type": "Feature", "properties": { "osm_id": "4123983428", "other_tags": "\"natural\"=>\"tree\"" }, "geometry": { "type": "Point", "coordinates": [ 37.5832761, 55.7639049 ] } },
{ "type": "Feature", "properties": { "osm_id": "4123983431", "other_tags": "\"natural\"=>\"tree\"" }, "geometry": { "type": "Point", "coordinates": [ 37.5847473, 55.7639555 ] } },
{ "type": "Feature", "properties": { "osm_id": "4123983446", "other_tags": "\"natural\"=>\"tree\"" }, "geometry": { "type": "Point", "coordinates": [ 37.5828737, 55.7640875 ] } },
{ "type": "Feature", "properties": { "osm_id": "4123983451", "other_tags": "\"natural\"=>\"tree\"" }, "geometry": { "type": "Point", "coordinates": [ 37.5847003, 55.7641539 ] } },
{ "type": "Feature", "properties": { "osm_id": "4123983454", "other_tags": "\"natural\"=>\"tree\"" }, "geometry": { "type": "Point", "coordinates": [ 37.5846601, 55.7642611 ] } },
{ "type": "Feature", "properties": { "osm_id": "4123983461", "other_tags": "\"natural\"=>\"tree\"" }, "geometry": { "type": "Point", "coordinates": [ 37.5847459, 55.7643124 ] } },
{ "type": "Feature", "properties": { "osm_id": "4123983477", "other_tags": "\"natural\"=>\"tree\"" }, "geometry": { "type": "Point", "coordinates": [ 37.5845106, 55.7643388 ] } },
{ "type": "Feature", "properties": { "osm_id": "4123983717", "other_tags": "\"natural\"=>\"tree\"" }, "geometry": { "type": "Point", "coordinates": [ 37.5849498, 55.7644029 ] } },
{ "type": "Feature", "properties": { "osm_id": "4123983753", "other_tags": "\"natural\"=>\"tree\"" }, "geometry": { "type": "Point", "coordinates": [ 37.584247, 55.7644723 ] } },
{ "type": "Feature", "properties": { "osm_id": "4123983760", "other_tags": "\"natural\"=>\"tree\"" }, "geometry": { "type": "Point", "coordinates": [ 37.5845488, 55.7644927 ] } },
{ "type": "Feature", "properties": { "osm_id": "4123983767", "other_tags": "\"natural\"=>\"tree\"" }, "geometry": { "type": "Point", "coordinates": [ 37.5839667, 55.7645078 ] } },
{ "type": "Feature", "properties": { "osm_id": "4123983774", "other_tags": "\"natural\"=>\"tree\"" }, "geometry": { "type": "Point", "coordinates": [ 37.584526, 55.7645251 ] } },
{ "type": "Feature", "properties": { "osm_id": "4123983775", "other_tags": "\"natural\"=>\"tree\"" }, "geometry": { "type": "Point", "coordinates": [ 37.5843194, 55.7645266 ] } },
{ "type": "Feature", "properties": { "osm_id": "4123983780", "other_tags": "\"natural\"=>\"tree\"" }, "geometry": { "type": "Point", "coordinates": [ 37.5842779, 55.7645546 ] } },
{ "type": "Feature", "properties": { "osm_id": "4123983782", "other_tags": "\"natural\"=>\"tree\"" }, "geometry": { "type": "Point", "coordinates": [ 37.5839869, 55.7645697 ] } },
{ "type": "Feature", "properties": { "osm_id": "4123983784", "other_tags": "\"natural\"=>\"tree\"" }, "geometry": { "type": "Point", "coordinates": [ 37.5838366, 55.7647288 ] } },
{ "type": "Feature", "properties": { "osm_id": "4136288997", "other_tags": "\"amenity\"=>\"bench\"" }, "geometry": { "type": "Point", "coordinates": [ 37.581664, 55.7657554 ] } },
{ "type": "Feature", "properties": { "osm_id": "4136288998", "other_tags": "\"amenity\"=>\"bench\"" }, "geometry": { "type": "Point", "coordinates": [ 37.5822637, 55.7655709 ] } },
{ "type": "Feature", "properties": { "osm_id": "4136314291", "other_tags": "\"amenity\"=>\"bench\"" }, "geometry": { "type": "Point", "coordinates": [ 37.581795, 55.7657428 ] } },
{ "type": "Feature", "properties": { "osm_id": "4136314292", "other_tags": "\"amenity\"=>\"bench\"" }, "geometry": { "type": "Point", "coordinates": [ 37.5809834, 55.7659974 ] } },
{ "type": "Feature", "properties": { "osm_id": "4136427990", "other_tags": "\"amenity\"=>\"bench\"" }, "geometry": { "type": "Point", "coordinates": [ 37.5821469, 55.7655852 ] } },
{ "type": "Feature", "properties": { "osm_id": "4136427991", "other_tags": "\"amenity\"=>\"bench\"" }, "geometry": { "type": "Point", "coordinates": [ 37.5823306, 55.7655178 ] } },
{ "type": "Feature", "properties": { "osm_id": "4136427992", "other_tags": "\"amenity\"=>\"bench\"" }, "geometry": { "type": "Point", "coordinates": [ 37.5808376, 55.7660605 ] } },
{ "type": "Feature", "properties": { "osm_id": "4136438389", "other_tags": "\"amenity\"=>\"bench\"" }, "geometry": { "type": "Point", "coordinates": [ 37.581855, 55.7656846 ] } },
{ "type": "Feature", "properties": { "osm_id": "4136463689", "other_tags": "\"amenity\"=>\"bench\"" }, "geometry": { "type": "Point", "coordinates": [ 37.580939, 55.7660627 ] } },
{ "type": "Feature", "properties": { "osm_id": "4169665041", "barrier": "lift_gate", "other_tags": "\"access\"=>\"private\"" }, "geometry": { "type": "Point", "coordinates": [ 37.5806672, 55.7666609 ] } },
{ "type": "Feature", "properties": { "osm_id": "4204319289", "highway": "speed_camera", "other_tags": "\"maxspeed\"=>\"RU:urban\"" }, "geometry": { "type": "Point", "coordinates": [ 37.5866383, 55.7620904 ] } },
{ "type": "Feature", "properties": { "osm_id": "4219117390", "other_tags": "\"amenity\"=>\"toilets\"" }, "geometry": { "type": "Point", "coordinates": [ 37.5829403, 55.7643241 ] } },
{ "type": "Feature", "properties": { "osm_id": "4265885635", "other_tags": "\"amenity\"=>\"drinking_water\"" }, "geometry": { "type": "Point", "coordinates": [ 37.5779482, 55.7612232 ] } },
{ "type": "Feature", "properties": { "osm_id": "4265952190", "other_tags": "\"amenity\"=>\"drinking_water\",\"fee\"=>\"no\"" }, "geometry": { "type": "Point", "coordinates": [ 37.5763187, 55.7621021 ] } },
{ "type": "Feature", "properties": { "osm_id": "4266212573", "other_tags": "\"amenity\"=>\"toilets\",\"fee\"=>\"no\",\"male\"=>\"yes\",\"wheelchair\"=>\"yes\"" }, "geometry": { "type": "Point", "coordinates": [ 37.5762917, 55.7641385 ] } },
{ "type": "Feature", "properties": { "osm_id": "4266212574", "other_tags": "\"amenity\"=>\"toilets\",\"fee\"=>\"no\",\"female\"=>\"yes\",\"wheelchair\"=>\"limited\"" }, "geometry": { "type": "Point", "coordinates": [ 37.5763409, 55.764115 ] } },
{ "type": "Feature", "properties": { "osm_id": "4266214961", "other_tags": "\"amenity\"=>\"toilets\",\"fee\"=>\"no\",\"female\"=>\"yes\",\"wheelchair\"=>\"yes\"" }, "geometry": { "type": "Point", "coordinates": [ 37.5741875, 55.7644514 ] } },
{ "type": "Feature", "properties": { "osm_id": "4283883392", "other_tags": "\"amenity\"=>\"waste_disposal\"" }, "geometry": { "type": "Point", "coordinates": [ 37.5821879, 55.7648982 ] } },
{ "type": "Feature", "properties": { "osm_id": "4283899489", "other_tags": "\"amenity\"=>\"waste_disposal\"" }, "geometry": { "type": "Point", "coordinates": [ 37.5791491, 55.7631677 ] } },
{ "type": "Feature", "properties": { "osm_id": "4285644707", "name": "Росомахи", "other_tags": "\"attraction\"=>\"animal\",\"is_in:zoo\"=>\"Московский зоопарк\"" }, "geometry": { "type": "Point", "coordinates": [ 37.5823348, 55.7626342 ] } },
{ "type": "Feature", "properties": { "osm_id": "4285644900", "name": "Олени Давида", "other_tags": "\"attraction\"=>\"animal\",\"is_in:zoo\"=>\"Московский зоопарк\"" }, "geometry": { "type": "Point", "coordinates": [ 37.5843783, 55.7645122 ] } },
{ "type": "Feature", "properties": { "osm_id": "4285650404", "name": "Сычуаньский такин", "other_tags": "\"attraction\"=>\"animal\",\"is_in:zoo\"=>\"Московский зоопарк\"" }, "geometry": { "type": "Point", "coordinates": [ 37.5842394, 55.7644952 ] } },
{ "type": "Feature", "properties": { "osm_id": "4285653619", "name": "Орел", "other_tags": "\"attraction\"=>\"animal\",\"is_in:zoo\"=>\"Московский зоопарк\"" }, "geometry": { "type": "Point", "coordinates": [ 37.5821129, 55.7627501 ] } },
{ "type": "Feature", "properties": { "osm_id": "4285662489", "name": "Лошади Пржевальского", "other_tags": "\"attraction\"=>\"animal\",\"is_in:zoo\"=>\"Московский зоопарк\",\"name:de\"=>\"Przewalski-Wildpferd\",\"name:en\"=>\"Przewalski's wild horse\",\"name:ru\"=>\"Лошади Пржевальского\",\"species\"=>\"Equus przewalskii\"" }, "geometry": { "type": "Point", "coordinates": [ 37.5834685, 55.7645509 ] } },
{ "type": "Feature", "properties": { "osm_id": "4285662589", "name": "Сурикаты", "other_tags": "\"attraction\"=>\"animal\",\"is_in:zoo\"=>\"Московский зоопарк\"" }, "geometry": { "type": "Point", "coordinates": [ 37.5834525, 55.7631373 ] } },
{ "type": "Feature", "properties": { "osm_id": "4285731291", "name": "Бурый медведь", "other_tags": "\"attraction\"=>\"animal\",\"is_in:zoo\"=>\"Московский зоопарк\"" }, "geometry": { "type": "Point", "coordinates": [ 37.5834404, 55.7641396 ] } },
{ "type": "Feature", "properties": { "osm_id": "4285731292", "name": "Львы", "other_tags": "\"attraction\"=>\"animal\",\"is_in:zoo\"=>\"Московский зоопарк\"" }, "geometry": { "type": "Point", "coordinates": [ 37.583891, 55.7639258 ] } },
{ "type": "Feature", "properties": { "osm_id": "4285752290", "name": "Тигры", "other_tags": "\"animal\"=>\"tiger\",\"attraction\"=>\"animal\",\"is_in:zoo\"=>\"Московский зоопарк\"" }, "geometry": { "type": "Point", "coordinates": [ 37.5842219, 55.764296 ] } },
{ "type": "Feature", "properties": { "osm_id": "4286072392", "name": "Уссурийский медведь", "other_tags": "\"attraction\"=>\"animal\",\"is_in:zoo\"=>\"Московский зоопарк\"" }, "geometry": { "type": "Point", "coordinates": [ 37.5839111, 55.7643775 ] } },
{ "type": "Feature", "properties": { "osm_id": "4286089691", "name": "Пеликаны", "other_tags": "\"attraction\"=>\"animal\",\"is_in:zoo\"=>\"Московский зоопарк\"" }, "geometry": { "type": "Point", "coordinates": [ 37.5815967, 55.7635042 ] } },
{ "type": "Feature", "properties": { "osm_id": "4286097196", "name": "Жирафы", "other_tags": "\"attraction\"=>\"animal\",\"is_in:zoo\"=>\"Московский зоопарк\"" }, "geometry": { "type": "Point", "coordinates": [ 37.5832442, 55.7637092 ] } },
{ "type": "Feature", "properties": { "osm_id": "4286097197", "name": "Лемур", "other_tags": "\"attraction\"=>\"animal\",\"is_in:zoo\"=>\"Московский зоопарк\"" }, "geometry": { "type": "Point", "coordinates": [ 37.5830897, 55.7627656 ] } },
{ "type": "Feature", "properties": { "osm_id": "4286108490", "name": "Шакалы", "other_tags": "\"attraction\"=>\"animal\",\"is_in:zoo\"=>\"Московский зоопарк\"" }, "geometry": { "type": "Point", "coordinates": [ 37.5833813, 55.7642547 ] } },
{ "type": "Feature", "properties": { "osm_id": "4286109689", "name": "Гуанако", "other_tags": "\"attraction\"=>\"animal\",\"is_in:zoo\"=>\"Московский зоопарк\"" }, "geometry": { "type": "Point", "coordinates": [ 37.5787989, 55.7616388 ] } },
{ "type": "Feature", "properties": { "osm_id": "4286109789", "name": "Винторогий козёл", "other_tags": "\"attraction\"=>\"animal\",\"is_in:zoo\"=>\"Московский зоопарк\"" }, "geometry": { "type": "Point", "coordinates": [ 37.5825122, 55.7634062 ] } },
{ "type": "Feature", "properties": { "osm_id": "4286110489", "other_tags": "\"amenity\"=>\"veterinary\"" }, "geometry": { "type": "Point", "coordinates": [ 37.5850228, 55.7640173 ] } },
{ "type": "Feature", "properties": { "osm_id": "4286199037", "name": "Студия цветов 69", "other_tags": "\"check_date\"=>\"2026-04-25\",\"name:ru\"=>\"Студия цветов 69\",\"opening_hours\"=>\"24/7\",\"shop\"=>\"florist\",\"wheelchair\"=>\"no\"" }, "geometry": { "type": "Point", "coordinates": [ 37.5751032, 55.7612959 ] } },
{ "type": "Feature", "properties": { "osm_id": "4287107390", "other_tags": "\"amenity\"=>\"waste_basket\"" }, "geometry": { "type": "Point", "coordinates": [ 37.5836382, 55.764495 ] } },
{ "type": "Feature", "properties": { "osm_id": "4287118391", "other_tags": "\"amenity\"=>\"waste_basket\"" }, "geometry": { "type": "Point", "coordinates": [ 37.5838088, 55.7644233 ] } },
{ "type": "Feature", "properties": { "osm_id": "4287118490", "other_tags": "\"amenity\"=>\"bench\"" }, "geometry": { "type": "Point", "coordinates": [ 37.5837237, 55.7645308 ] } },
{ "type": "Feature", "properties": { "osm_id": "4287130590", "name": "Зебры", "other_tags": "\"attraction\"=>\"animal\",\"is_in:zoo\"=>\"Московский зоопарк\"" }, "geometry": { "type": "Point", "coordinates": [ 37.5837837, 55.7636878 ] } },
{ "type": "Feature", "properties": { "osm_id": "4287131089", "name": "Чёрные антилопы", "other_tags": "\"attraction\"=>\"animal\",\"is_in:zoo\"=>\"Московский зоопарк\"" }, "geometry": { "type": "Point", "coordinates": [ 37.584168, 55.763681 ] } },
{ "type": "Feature", "properties": { "osm_id": "4287294148", "name": "Гривистый волк", "other_tags": "\"attraction\"=>\"animal\",\"is_in:zoo\"=>\"Московский зоопарк\"" }, "geometry": { "type": "Point", "coordinates": [ 37.5750876, 55.7636941 ] } },
{ "type": "Feature", "properties": { "osm_id": "4287413393", "name": "Дальневосточная нерпа", "other_tags": "\"attraction\"=>\"animal\",\"is_in:zoo\"=>\"Московский зоопарк\"" }, "geometry": { "type": "Point", "coordinates": [ 37.575127, 55.7640551 ] } },
{ "type": "Feature", "properties": { "osm_id": "4287413493", "name": "Бурая гиена", "other_tags": "\"attraction\"=>\"animal\",\"is_in:zoo\"=>\"Московский зоопарк\"" }, "geometry": { "type": "Point", "coordinates": [ 37.5752283, 55.7634687 ] } },
{ "type": "Feature", "properties": { "osm_id": "4287433790", "name": "Касса круга катания", "other_tags": "\"shop\"=>\"ticket\"" }, "geometry": { "type": "Point", "coordinates": [ 37.5770022, 55.7628558 ] } },
{ "type": "Feature", "properties": { "osm_id": "4287485492", "name": "Zoo Парк Экспресс", "other_tags": "\"amenity\"=>\"cafe\",\"name:ru\"=>\"Zoo Парк Экспресс\"" }, "geometry": { "type": "Point", "coordinates": [ 37.5808484, 55.7627854 ] } },
{ "type": "Feature", "properties": { "osm_id": "4287485891", "other_tags": "\"amenity\"=>\"drinking_water\"" }, "geometry": { "type": "Point", "coordinates": [ 37.5814066, 55.7630266 ] } },
{ "type": "Feature", "properties": { "osm_id": "4287503589", "name": "Центр юного анималиста \"Art Zebra\"", "other_tags": "\"office\"=>\"government\"" }, "geometry": { "type": "Point", "coordinates": [ 37.5762824, 55.7650988 ] } },
{ "type": "Feature", "properties": { "osm_id": "4287508477", "name": "Пятнистая гиена", "other_tags": "\"attraction\"=>\"animal\",\"is_in:zoo\"=>\"Московский зоопарк\"" }, "geometry": { "type": "Point", "coordinates": [ 37.5842526, 55.7639425 ] } },
{ "type": "Feature", "properties": { "osm_id": "4297533186", "barrier": "lift_gate", "other_tags": "\"access\"=>\"private\"" }, "geometry": { "type": "Point", "coordinates": [ 37.5836227, 55.7671296 ] } },
{ "type": "Feature", "properties": { "osm_id": "4297535286", "barrier": "lift_gate", "other_tags": "\"access\"=>\"private\"" }, "geometry": { "type": "Point", "coordinates": [ 37.5827062, 55.7665185 ] } },
{ "type": "Feature", "properties": { "osm_id": "4297535305", "other_tags": "\"entrance\"=>\"yes\"" }, "geometry": { "type": "Point", "coordinates": [ 37.5819132, 55.7665606 ] } },
{ "type": "Feature", "properties": { "osm_id": "4297535365", "barrier": "gate" }, "geometry": { "type": "Point", "coordinates": [ 37.5829191, 55.7667998 ] } },
{ "type": "Feature", "properties": { "osm_id": "4297535372", "other_tags": "\"entrance\"=>\"yes\"" }, "geometry": { "type": "Point", "coordinates": [ 37.5815199, 55.7668229 ] } },
{ "type": "Feature", "properties": { "osm_id": "4297535374", "barrier": "gate", "other_tags": "\"access\"=>\"private\"" }, "geometry": { "type": "Point", "coordinates": [ 37.5820076, 55.7668333 ] } },
{ "type": "Feature", "properties": { "osm_id": "4297535409", "other_tags": "\"entrance\"=>\"yes\"" }, "geometry": { "type": "Point", "coordinates": [ 37.5818051, 55.7670791 ] } },
{ "type": "Feature", "properties": { "osm_id": "4297535410", "other_tags": "\"entrance\"=>\"yes\"" }, "geometry": { "type": "Point", "coordinates": [ 37.5821153, 55.7670795 ] } },
{ "type": "Feature", "properties": { "osm_id": "4297535424", "other_tags": "\"entrance\"=>\"yes\"" }, "geometry": { "type": "Point", "coordinates": [ 37.582072, 55.767289 ] } },
{ "type": "Feature", "properties": { "osm_id": "4297535425", "other_tags": "\"entrance\"=>\"yes\"" }, "geometry": { "type": "Point", "coordinates": [ 37.5826989, 55.767321 ] } },
{ "type": "Feature", "properties": { "osm_id": "4297535428", "barrier": "entrance" }, "geometry": { "type": "Point", "coordinates": [ 37.5828296, 55.7673706 ] } },
{ "type": "Feature", "properties": { "osm_id": "4309129992", "other_tags": "\"amenity\"=>\"drinking_water\"" }, "geometry": { "type": "Point", "coordinates": [ 37.5837406, 55.7630317 ] } },
{ "type": "Feature", "properties": { "osm_id": "4309144690", "other_tags": "\"amenity\"=>\"drinking_water\"" }, "geometry": { "type": "Point", "coordinates": [ 37.5833742, 55.7628682 ] } },
{ "type": "Feature", "properties": { "osm_id": "4310443375", "other_tags": "\"natural\"=>\"tree\"" }, "geometry": { "type": "Point", "coordinates": [ 37.5756041, 55.7619871 ] } },
{ "type": "Feature", "properties": { "osm_id": "4310443572", "other_tags": "\"amenity\"=>\"cafe\"" }, "geometry": { "type": "Point", "coordinates": [ 37.5742852, 55.7642921 ] } },
{ "type": "Feature", "properties": { "osm_id": "4310488703", "other_tags": "\"amenity\"=>\"fountain\"" }, "geometry": { "type": "Point", "coordinates": [ 37.5787727, 55.7619543 ] } },
{ "type": "Feature", "properties": { "osm_id": "4336825695", "other_tags": "\"amenity\"=>\"drinking_water\"" }, "geometry": { "type": "Point", "coordinates": [ 37.5771125, 55.762762 ] } },
{ "type": "Feature", "properties": { "osm_id": "4355444998", "other_tags": "\"amenity\"=>\"waste_disposal\"" }, "geometry": { "type": "Point", "coordinates": [ 37.5785315, 55.7653725 ] } },
{ "type": "Feature", "properties": { "osm_id": "4373411059", "other_tags": "\"amenity\"=>\"drinking_water\"" }, "geometry": { "type": "Point", "coordinates": [ 37.5828291, 55.7624351 ] } },
{ "type": "Feature", "properties": { "osm_id": "4374245731", "other_tags": "\"amenity\"=>\"drinking_water\"" }, "geometry": { "type": "Point", "coordinates": [ 37.5783154, 55.7613427 ] } },
{ "type": "Feature", "properties": { "osm_id": "4374247326", "other_tags": "\"amenity\"=>\"drinking_water\"" }, "geometry": { "type": "Point", "coordinates": [ 37.5784993, 55.7619682 ] } },
{ "type": "Feature", "properties": { "osm_id": "4374254483", "other_tags": "\"amenity\"=>\"drinking_water\"" }, "geometry": { "type": "Point", "coordinates": [ 37.5755732, 55.7639807 ] } },
{ "type": "Feature", "properties": { "osm_id": "4411158696", "other_tags": "\"kerb\"=>\"lowered\"" }, "geometry": { "type": "Point", "coordinates": [ 37.5875875, 55.7635564 ] } },
{ "type": "Feature", "properties": { "osm_id": "4411182025", "other_tags": "\"kerb\"=>\"lowered\"" }, "geometry": { "type": "Point", "coordinates": [ 37.5868106, 55.7625367 ] } },
{ "type": "Feature", "properties": { "osm_id": "4418685089", "name": "Верблюд", "other_tags": "\"attraction\"=>\"animal\",\"is_in:zoo\"=>\"Московский зоопарк\"" }, "geometry": { "type": "Point", "coordinates": [ 37.5834573, 55.7645088 ] } },
{ "type": "Feature", "properties": { "osm_id": "4453628427", "name": "Камчатка", "other_tags": "\"contact:phone\"=>\"+7 495 8856040\",\"contact:website\"=>\"https://kamchatka-grill.ru/\",\"opening_hours\"=>\"Mo-Su 12:00-24:00\",\"operator\"=>\"Novikov Group\",\"was:amenity\"=>\"restaurant\"" }, "geometry": { "type": "Point", "coordinates": [ 37.5788601, 55.7604299 ] } },
{ "type": "Feature", "properties": { "osm_id": "4519136782", "barrier": "lift_gate", "other_tags": "\"bicycle\"=>\"yes\",\"foot\"=>\"yes\",\"motor_vehicle\"=>\"private\"" }, "geometry": { "type": "Point", "coordinates": [ 37.5716618, 55.7627705 ] } },
{ "type": "Feature", "properties": { "osm_id": "4523598410", "other_tags": "\"access\"=>\"customers\",\"amenity\"=>\"drinking_water\",\"fee\"=>\"no\",\"indoor\"=>\"no\"" }, "geometry": { "type": "Point", "coordinates": [ 37.5835881, 55.7619254 ] } },
{ "type": "Feature", "properties": { "osm_id": "4523598735", "name": "Baskin-Robbins", "other_tags": "\"amenity\"=>\"ice_cream\",\"brand\"=>\"Baskin-Robbins\",\"brand:wikidata\"=>\"Q584601\",\"brand:wikipedia\"=>\"en:Baskin-Robbins\",\"contact:facebook\"=>\"https://www.facebook.com/BaskinRobbinsRussia\",\"contact:website\"=>\"http://baskinrobbins.ru\",\"cuisine\"=>\"ice_cream\",\"diet:vegan\"=>\"no\",\"diet:vegetarian\"=>\"yes\",\"name:en\"=>\"Baskin-Robbins\",\"operator:wikidata\"=>\"Q584601\",\"operator:wikipedia\"=>\"en:Baskin-Robbins\"" }, "geometry": { "type": "Point", "coordinates": [ 37.583018, 55.7609293 ] } },
{ "type": "Feature", "properties": { "osm_id": "4523598736", "barrier": "gate" }, "geometry": { "type": "Point", "coordinates": [ 37.5829402, 55.7611349 ] } },
{ "type": "Feature", "properties": { "osm_id": "4523601546", "name": "Гуси", "other_tags": "\"attraction\"=>\"animal\",\"is_in:zoo\"=>\"Московский зоопарк\",\"name:ru\"=>\"Гуси\"" }, "geometry": { "type": "Point", "coordinates": [ 37.5834297, 55.7604011 ] } },
{ "type": "Feature", "properties": { "osm_id": "4523601547", "name": "Фазаны", "other_tags": "\"attraction\"=>\"animal\",\"is_in:zoo\"=>\"Московский зоопарк\",\"name:ru\"=>\"Фазаны\"" }, "geometry": { "type": "Point", "coordinates": [ 37.5831186, 55.7604901 ] } },
{ "type": "Feature", "properties": { "osm_id": "4523604269", "name": "Домашние птицы", "other_tags": "\"attraction\"=>\"animal\",\"is_in:zoo\"=>\"Московский зоопарк\"" }, "geometry": { "type": "Point", "coordinates": [ 37.5835075, 55.7607474 ] } },
{ "type": "Feature", "properties": { "osm_id": "4523605216", "name": "Шиншиллы", "other_tags": "\"attraction\"=>\"animal\",\"is_in:zoo\"=>\"Московский зоопарк\",\"name:ru\"=>\"Шиншиллы\"" }, "geometry": { "type": "Point", "coordinates": [ 37.5845106, 55.7605165 ] } },
{ "type": "Feature", "properties": { "osm_id": "4528480350", "barrier": "gate", "other_tags": "\"access\"=>\"private\"" }, "geometry": { "type": "Point", "coordinates": [ 37.5839038, 55.7617012 ] } },
{ "type": "Feature", "properties": { "osm_id": "4528480353", "other_tags": "\"access\"=>\"customers\",\"entrance\"=>\"main\"" }, "geometry": { "type": "Point", "coordinates": [ 37.5839896, 55.7621596 ] } },
{ "type": "Feature", "properties": { "osm_id": "4528480360", "other_tags": "\"access\"=>\"private\",\"entrance\"=>\"service\"" }, "geometry": { "type": "Point", "coordinates": [ 37.5837704, 55.7618712 ] } },
{ "type": "Feature", "properties": { "osm_id": "4528639042", "barrier": "gate", "other_tags": "\"access\"=>\"customers\"" }, "geometry": { "type": "Point", "coordinates": [ 37.5811044, 55.7628255 ] } },
{ "type": "Feature", "properties": { "osm_id": "4528639044", "barrier": "cattle_grid" }, "geometry": { "type": "Point", "coordinates": [ 37.5810705, 55.7626495 ] } },
{ "type": "Feature", "properties": { "osm_id": "4528639046", "other_tags": "\"access\"=>\"customers\",\"entrance\"=>\"main\"" }, "geometry": { "type": "Point", "coordinates": [ 37.5812129, 55.762622 ] } },
{ "type": "Feature", "properties": { "osm_id": "4528645585", "barrier": "gate", "other_tags": "\"access\"=>\"private\"" }, "geometry": { "type": "Point", "coordinates": [ 37.5768141, 55.7654158 ] } },
{ "type": "Feature", "properties": { "osm_id": "4528647798", "barrier": "gate", "other_tags": "\"access\"=>\"private\",\"entrance\"=>\"yes\"" }, "geometry": { "type": "Point", "coordinates": [ 37.5780045, 55.7650353 ] } },
{ "type": "Feature", "properties": { "osm_id": "4528647805", "barrier": "gate", "other_tags": "\"access\"=>\"private\"" }, "geometry": { "type": "Point", "coordinates": [ 37.5763933, 55.7653413 ] } },
{ "type": "Feature", "properties": { "osm_id": "4528647814", "name": "Экзотические лягушки", "other_tags": "\"attraction\"=>\"animal\",\"name:de\"=>\"Exotische Frösche\",\"name:en\"=>\"Exotic frogs\"" }, "geometry": { "type": "Point", "coordinates": [ 37.57671, 55.7653519 ] } },
{ "type": "Feature", "properties": { "osm_id": "4529881972", "other_tags": "\"entrance\"=>\"yes\"" }, "geometry": { "type": "Point", "coordinates": [ 37.5770302, 55.7610938 ] } },
{ "type": "Feature", "properties": { "osm_id": "4544542365", "name": "Аквариум осетровых рыб", "other_tags": "\"attraction\"=>\"animal\",\"is_in:zoo\"=>\"Московский зоопарк\",\"name:de\"=>\"Aquarium der Störe\",\"name:en\"=>\"Sturgeons\",\"name:ru\"=>\"Аквариум осетровых рыб\"" }, "geometry": { "type": "Point", "coordinates": [ 37.5815817, 55.7632369 ] } },
{ "type": "Feature", "properties": { "osm_id": "4555761668", "name": "ВТБ", "ref": "2825", "other_tags": "\"amenity\"=>\"bank\",\"atm\"=>\"yes\",\"bic\"=>\"VTBRRUMM\",\"brand\"=>\"ВТБ\",\"brand:en\"=>\"VTB Bank\",\"brand:wikidata\"=>\"Q1549389\",\"brand:wikipedia\"=>\"en:VTB Bank\",\"check_date\"=>\"2026-04-25\",\"contact:email\"=>\"info@vtb.ru\",\"contact:facebook\"=>\"https://www.facebook.com/vtbgroup\",\"contact:phone\"=>\"+7 800 1002424\",\"contact:twitter\"=>\"https://twitter.com/vtb\",\"contact:vk\"=>\"https://vk.com/vtb\",\"contact:website\"=>\"https://www.vtb.ru\",\"contact:youtube\"=>\"https://www.youtube.com/user/vtbgroup\",\"name:en\"=>\"VTB\",\"name:ru\"=>\"ВТБ\",\"official_name\"=>\"ДО \\\"Краснопресненский\\\" Филиала № 7701 Банка ВТБ (ПАО)\",\"opening_hours\"=>\"Mo-Fr 10:00-19:00\",\"operator\"=>\"Банк ВТБ (публичное акционерное общество)\",\"operator:wikidata\"=>\"Q1549389\",\"operator:wikipedia\"=>\"ru:Банк ВТБ\",\"wheelchair\"=>\"yes\"" }, "geometry": { "type": "Point", "coordinates": [ 37.5726978, 55.7612215 ] } },
{ "type": "Feature", "properties": { "osm_id": "4555761676", "name": "Азбука Вкуса", "other_tags": "\"addr:floor\"=>\"1\",\"addr:housenumber\"=>\"14\",\"addr:street\"=>\"улица Красная Пресня\",\"brand\"=>\"Азбука Вкуса\",\"brand:en\"=>\"Azbuka Vkusa\",\"brand:ru\"=>\"Азбука Вкуса\",\"brand:wikidata\"=>\"Q4058209\",\"brand:wikipedia\"=>\"ru:Азбука вкуса\",\"check_date\"=>\"2026-04-25\",\"contact:phone\"=>\"+7 495 2230200;+7 495 5043478;+7 800 7003487\",\"contact:website\"=>\"https://av.ru/\",\"level\"=>\"0\",\"name:en\"=>\"Azbuka Vkusa\",\"name:ru\"=>\"Азбука Вкуса\",\"opening_hours\"=>\"24/7\",\"operator\"=>\"ООО «Городской супермаркет»\",\"ref:av\"=>\"267631\",\"shop\"=>\"supermarket\",\"wheelchair\"=>\"yes\"" }, "geometry": { "type": "Point", "coordinates": [ 37.5723195, 55.7616689 ] } },
{ "type": "Feature", "properties": { "osm_id": "4603893140", "name": "Flava", "other_tags": "\"amenity\"=>\"nightclub\"" }, "geometry": { "type": "Point", "coordinates": [ 37.586075, 55.7601648 ] } },
{ "type": "Feature", "properties": { "osm_id": "4603996902", "barrier": "gate", "other_tags": "\"access\"=>\"private\"" }, "geometry": { "type": "Point", "coordinates": [ 37.5840676, 55.759573 ] } },
{ "type": "Feature", "properties": { "osm_id": "4625880607", "barrier": "gate" }, "geometry": { "type": "Point", "coordinates": [ 37.5799142, 55.762266 ] } },
{ "type": "Feature", "properties": { "osm_id": "4625880608", "name": "Министерство природных ресурсов и экологии Российской Федерации", "other_tags": "\"contact:phone\"=>\"+7 499 2544800\",\"contact:website\"=>\"http://www.mnr.gov.ru\",\"government\"=>\"ministry\",\"office\"=>\"government\"" }, "geometry": { "type": "Point", "coordinates": [ 37.5806529, 55.7614847 ] } },
{ "type": "Feature", "properties": { "osm_id": "4625880609", "barrier": "lift_gate", "other_tags": "\"bicycle\"=>\"yes\",\"foot\"=>\"yes\"" }, "geometry": { "type": "Point", "coordinates": [ 37.5802182, 55.7608082 ] } },
{ "type": "Feature", "properties": { "osm_id": "4625880617", "name": "Coffee Hub", "other_tags": "\"amenity\"=>\"cafe\",\"brand\"=>\"Coffeeport\",\"check_date\"=>\"2025-12-20\",\"contact:email\"=>\"help@coffeeport.ru\",\"contact:facebook\"=>\"https://www.facebook.com/coffeeportoriginal\",\"contact:instagram\"=>\"https://www.instagram.com/coffeeportoriginal\",\"contact:phone\"=>\"+7 800 7770218\",\"contact:twitter\"=>\"https://twitter.com/COFFEEPORT\",\"contact:vk\"=>\"https://vk.com/coffeeport\",\"contact:website\"=>\"http://www.coffeeport.ru\",\"cuisine\"=>\"coffee_shop\",\"drink:coffee\"=>\"served\",\"drink:hot_chocolate\"=>\"served\",\"drink:milk\"=>\"served\",\"drink:tea\"=>\"served\",\"name:en\"=>\"Coffee Hub\",\"opening_hours\"=>\"Mo-Fr 09:00-19:30\",\"takeaway\"=>\"yes\"" }, "geometry": { "type": "Point", "coordinates": [ 37.5803433, 55.7603537 ] } },
{ "type": "Feature", "properties": { "osm_id": "4672611191", "name": "Старс Дентал", "other_tags": "\"amenity\"=>\"dentist\",\"healthcare\"=>\"dentist\",\"name:en\"=>\"Stars Dental\",\"name:uk\"=>\"Старс Дентал\",\"opening_hours\"=>\"Mo-Su 09:00-21:00\",\"phone\"=>\"+7 495 3746035\"" }, "geometry": { "type": "Point", "coordinates": [ 37.580088, 55.7654873 ] } },
{ "type": "Feature", "properties": { "osm_id": "4692951467", "highway": "crossing" }, "geometry": { "type": "Point", "coordinates": [ 37.5831963, 55.7648263 ] } },
{ "type": "Feature", "properties": { "osm_id": "4743235075", "barrier": "lift_gate", "other_tags": "\"access\"=>\"private\"" }, "geometry": { "type": "Point", "coordinates": [ 37.5784199, 55.765475 ] } },
{ "type": "Feature", "properties": { "osm_id": "4743235076", "barrier": "lift_gate", "other_tags": "\"foot\"=>\"yes\",\"motor_vehicle\"=>\"private\"" }, "geometry": { "type": "Point", "coordinates": [ 37.578426, 55.7653808 ] } },
{ "type": "Feature", "properties": { "osm_id": "4743281093", "other_tags": "\"leisure\"=>\"pitch\",\"sport\"=>\"basketball\"" }, "geometry": { "type": "Point", "coordinates": [ 37.5801229, 55.7661841 ] } },
{ "type": "Feature", "properties": { "osm_id": "4794854117" }, "geometry": { "type": "Point", "coordinates": [ 37.5922966, 55.7641649 ] } },
{ "type": "Feature", "properties": { "osm_id": "4870176965", "barrier": "kerb", "other_tags": "\"kerb\"=>\"flush\",\"tactile_paving\"=>\"no\"" }, "geometry": { "type": "Point", "coordinates": [ 37.5770871, 55.765525 ] } },
{ "type": "Feature", "properties": { "osm_id": "4870176966", "barrier": "kerb", "other_tags": "\"kerb\"=>\"flush\",\"tactile_paving\"=>\"no\"" }, "geometry": { "type": "Point", "coordinates": [ 37.5770774, 55.7655972 ] } },
{ "type": "Feature", "properties": { "osm_id": "4870176967", "highway": "crossing", "other_tags": "\"crossing\"=>\"uncontrolled\",\"crossing:island\"=>\"no\",\"tactile_paving\"=>\"no\"" }, "geometry": { "type": "Point", "coordinates": [ 37.5770823, 55.7655605 ] } },
{ "type": "Feature", "properties": { "osm_id": "4870176969", "name": "Хлебная Лавка", "other_tags": "\"amenity\"=>\"cafe\",\"check_date\"=>\"2025-12-20\",\"contact:phone\"=>\"+7 499 2541103\",\"contact:website\"=>\"http://georgianfood.ru\",\"cuisine\"=>\"georgian\",\"opening_hours\"=>\"Mo-Sa 10:00-21:00; Su 12:00-21:00\",\"wheelchair\"=>\"yes\"" }, "geometry": { "type": "Point", "coordinates": [ 37.5770161, 55.7656625 ] } },
{ "type": "Feature", "properties": { "osm_id": "4877412624", "name": "Голубой баран", "other_tags": "\"attraction\"=>\"animal\",\"is_in:zoo\"=>\"Московский зоопарк\",\"name:ru\"=>\"Голубой баран\"" }, "geometry": { "type": "Point", "coordinates": [ 37.5826105, 55.7632616 ] } },
{ "type": "Feature", "properties": { "osm_id": "4877791221", "name": "Бакланы", "other_tags": "\"attraction\"=>\"animal\",\"is_in:zoo\"=>\"Московский зоопарк\"" }, "geometry": { "type": "Point", "coordinates": [ 37.5814994, 55.7635684 ] } },
{ "type": "Feature", "properties": { "osm_id": "4888949755", "other_tags": "\"amenity\"=>\"bench\"" }, "geometry": { "type": "Point", "coordinates": [ 37.5777044, 55.7630184 ] } },
{ "type": "Feature", "properties": { "osm_id": "4953263321", "other_tags": "\"amenity\"=>\"fast_food\"" }, "geometry": { "type": "Point", "coordinates": [ 37.5836071, 55.763726 ] } },
{ "type": "Feature", "properties": { "osm_id": "4953263322", "other_tags": "\"amenity\"=>\"fast_food\"" }, "geometry": { "type": "Point", "coordinates": [ 37.5832959, 55.763961 ] } },
{ "type": "Feature", "properties": { "osm_id": "4953263421", "other_tags": "\"amenity\"=>\"fast_food\"" }, "geometry": { "type": "Point", "coordinates": [ 37.5824815, 55.7616556 ] } },
{ "type": "Feature", "properties": { "osm_id": "4953263422", "other_tags": "\"amenity\"=>\"bench\"" }, "geometry": { "type": "Point", "coordinates": [ 37.5824268, 55.7618283 ] } },
{ "type": "Feature", "properties": { "osm_id": "4953263423", "other_tags": "\"amenity\"=>\"drinking_water\"" }, "geometry": { "type": "Point", "coordinates": [ 37.5824672, 55.7618691 ] } },
{ "type": "Feature", "properties": { "osm_id": "4953263621", "other_tags": "\"amenity\"=>\"bench\"" }, "geometry": { "type": "Point", "coordinates": [ 37.5827691, 55.7622714 ] } },
{ "type": "Feature", "properties": { "osm_id": "4953263622", "other_tags": "\"amenity\"=>\"bench\"" }, "geometry": { "type": "Point", "coordinates": [ 37.5829351, 55.7624579 ] } },
{ "type": "Feature", "properties": { "osm_id": "4989569821", "name": "В. С. Высоцкому", "other_tags": "\"historic\"=>\"memorial\",\"inscription\"=>\"Поэт и артист жил в этом доме с 1975 года по 1980 год\",\"memorial\"=>\"plaque\",\"memorial:subject\"=>\"Владимир Семёнович Высоцкий\",\"name:en\"=>\"Vladimir Vysotsky\",\"name:pl\"=>\"Władimirowi Wysockimu\"" }, "geometry": { "type": "Point", "coordinates": [ 37.5725603, 55.7669503 ] } },
{ "type": "Feature", "properties": { "osm_id": "4997602207", "other_tags": "\"amenity\"=>\"fountain\"" }, "geometry": { "type": "Point", "coordinates": [ 37.587264, 55.7611282 ] } },
{ "type": "Feature", "properties": { "osm_id": "5133542482", "highway": "crossing", "other_tags": "\"crossing\"=>\"uncontrolled\",\"crossing:markings\"=>\"zebra\",\"tactile_paving\"=>\"no\"" }, "geometry": { "type": "Point", "coordinates": [ 37.5945148, 55.7590333 ] } },
{ "type": "Feature", "properties": { "osm_id": "5138024443", "name": "ШинкаПро", "other_tags": "\"description\"=>\"Мобильный шиномонтаж, хранение шин, снятие секреток\",\"service\"=>\"tyres\",\"shop\"=>\"car_repair\"" }, "geometry": { "type": "Point", "coordinates": [ 37.5797404, 55.7612178 ] } },
{ "type": "Feature", "properties": { "osm_id": "5153689322", "name": "Му-му", "other_tags": "\"amenity\"=>\"cafe\",\"check_date\"=>\"2025-12-20\",\"opening_hours\"=>\"Mo-Su 09:00-23:00\",\"phone\"=>\"+7 499 6784037\",\"website\"=>\"https://cafemumu.ru/contacts/kafe-na-barrikadnoy/\"" }, "geometry": { "type": "Point", "coordinates": [ 37.5794969, 55.7605664 ] } },
{ "type": "Feature", "properties": { "osm_id": "5170196684", "name": "Кописфера", "other_tags": "\"check_date\"=>\"2023-04-02\",\"contact:phone\"=>\"+7 495 7826373; +7 925 727-79-76\",\"contact:website\"=>\"http://copysphere.ru\",\"opening_hours\"=>\"24/7\",\"shop\"=>\"copyshop\",\"wheelchair\"=>\"no\"" }, "geometry": { "type": "Point", "coordinates": [ 37.5860216, 55.7642713 ] } },
{ "type": "Feature", "properties": { "osm_id": "5177221895", "barrier": "kerb", "other_tags": "\"kerb\"=>\"flush\",\"tactile_paving\"=>\"no\"" }, "geometry": { "type": "Point", "coordinates": [ 37.5939223, 55.7598128 ] } },
{ "type": "Feature", "properties": { "osm_id": "5177221916", "barrier": "kerb", "other_tags": "\"kerb\"=>\"flush\",\"tactile_paving\"=>\"no\"" }, "geometry": { "type": "Point", "coordinates": [ 37.5932, 55.7607048 ] } },
{ "type": "Feature", "properties": { "osm_id": "5230086722", "name": "Fit x Body Zoologicheskaya", "other_tags": "\"addr:postcode\"=>\"123242\",\"email\"=>\"Zoologicheskaya@fitxbody.ru\",\"internet_access\"=>\"wlan\",\"leisure\"=>\"fitness_centre\",\"opening_hours\"=>\"Mo-Su 09:00-22:00\",\"phone\"=>\"+7 495 5327373\",\"website\"=>\"http://www.fitxbody.ru\"" }, "geometry": { "type": "Point", "coordinates": [ 37.5807791, 55.7653262 ] } },
{ "type": "Feature", "properties": { "osm_id": "5279925073", "name": "Rostic's", "other_tags": "\"addr:floor\"=>\"1\",\"addr:housenumber\"=>\"4\",\"addr:street\"=>\"улица Красная Пресня\",\"amenity\"=>\"fast_food\",\"brand\"=>\"Rostic's\",\"brand:wikidata\"=>\"Q524757\",\"brand:wikipedia\"=>\"ru:Ростикс\",\"check_date\"=>\"2026-04-25\",\"contact:vk\"=>\"https://vk.com/rostics_official\",\"contact:website\"=>\"https://rostics.ru\",\"cuisine\"=>\"chicken\",\"diet:vegetarian\"=>\"no\",\"level\"=>\"0\",\"name:en\"=>\"Rostic's\",\"old_name\"=>\"KFC\",\"opening_hours\"=>\"24/7\",\"takeaway\"=>\"yes\"" }, "geometry": { "type": "Point", "coordinates": [ 37.5761103, 55.761208 ] } },
{ "type": "Feature", "properties": { "osm_id": "5285734739", "barrier": "kerb", "other_tags": "\"kerb\"=>\"lowered\",\"tactile_paving\"=>\"no\"" }, "geometry": { "type": "Point", "coordinates": [ 37.5789454, 55.7611039 ] } },
{ "type": "Feature", "properties": { "osm_id": "5285734740", "highway": "crossing", "other_tags": "\"button_operated\"=>\"no\",\"crossing\"=>\"traffic_signals\",\"crossing:island\"=>\"no\",\"tactile_paving\"=>\"no\",\"traffic_signals:sound\"=>\"no\",\"traffic_signals:vibration\"=>\"no\"" }, "geometry": { "type": "Point", "coordinates": [ 37.5790524, 55.7611049 ] } },
{ "type": "Feature", "properties": { "osm_id": "5285734741", "highway": "crossing", "other_tags": "\"button_operated\"=>\"no\",\"crossing\"=>\"traffic_signals\",\"tactile_paving\"=>\"no\",\"traffic_signals:sound\"=>\"no\",\"traffic_signals:vibration\"=>\"no\"" }, "geometry": { "type": "Point", "coordinates": [ 37.5791244, 55.7611055 ] } },
{ "type": "Feature", "properties": { "osm_id": "5285734742", "barrier": "kerb", "other_tags": "\"kerb\"=>\"lowered\",\"tactile_paving\"=>\"no\"" }, "geometry": { "type": "Point", "coordinates": [ 37.5791859, 55.761106 ] } },
{ "type": "Feature", "properties": { "osm_id": "5285734744", "barrier": "kerb", "other_tags": "\"kerb\"=>\"lowered\",\"tactile_paving\"=>\"no\"" }, "geometry": { "type": "Point", "coordinates": [ 37.5793116, 55.7610117 ] } },
{ "type": "Feature", "properties": { "osm_id": "5285734765", "barrier": "kerb", "other_tags": "\"kerb\"=>\"lowered\",\"tactile_paving\"=>\"no\"" }, "geometry": { "type": "Point", "coordinates": [ 37.5792292, 55.7609604 ] } },
{ "type": "Feature", "properties": { "osm_id": "5285734767", "highway": "crossing", "other_tags": "\"button_operated\"=>\"no\",\"crossing\"=>\"traffic_signals\",\"crossing:island\"=>\"no\",\"traffic_signals:sound\"=>\"yes\",\"traffic_signals:vibration\"=>\"no\"" }, "geometry": { "type": "Point", "coordinates": [ 37.5790821, 55.7607737 ] } },
{ "type": "Feature", "properties": { "osm_id": "5370510062", "name": "Прана", "other_tags": "\"amenity\"=>\"cafe\",\"diet:vegan\"=>\"yes\",\"diet:vegetarian\"=>\"only\",\"opening_hours\"=>\"Mo-Fr 08:30-23:00, Sa-Su 11:00-19:00\",\"website\"=>\"https://pranayoga.ru/bar/\"" }, "geometry": { "type": "Point", "coordinates": [ 37.5808588, 55.7652391 ] } },
{ "type": "Feature", "properties": { "osm_id": "5452276349", "other_tags": "\"shop\"=>\"gift\"" }, "geometry": { "type": "Point", "coordinates": [ 37.5835754, 55.7615157 ] } },
{ "type": "Feature", "properties": { "osm_id": "5452276350", "other_tags": "\"amenity\"=>\"vending_machine\",\"vending\"=>\"coin\"" }, "geometry": { "type": "Point", "coordinates": [ 37.5838081, 55.7615289 ] } },
{ "type": "Feature", "properties": { "osm_id": "5452276351", "other_tags": "\"amenity\"=>\"vending_machine\",\"vending\"=>\"coin\"" }, "geometry": { "type": "Point", "coordinates": [ 37.5836425, 55.7614867 ] } },
{ "type": "Feature", "properties": { "osm_id": "5452276352", "other_tags": "\"amenity\"=>\"vending_machine\",\"covered\"=>\"yes\",\"description\"=>\"Снаружи у выхода\",\"vending\"=>\"coin\"" }, "geometry": { "type": "Point", "coordinates": [ 37.5837358, 55.7609101 ] } },
{ "type": "Feature", "properties": { "osm_id": "5452276353", "name": "Телескоп", "other_tags": "\"amenity\"=>\"cafe\",\"level\"=>\"-1\"" }, "geometry": { "type": "Point", "coordinates": [ 37.5835499, 55.7614872 ] } },
{ "type": "Feature", "properties": { "osm_id": "5452276354", "other_tags": "\"amenity\"=>\"toilets\",\"fee\"=>\"no\",\"female\"=>\"yes\",\"male\"=>\"yes\"" }, "geometry": { "type": "Point", "coordinates": [ 37.5835343, 55.7615982 ] } },
{ "type": "Feature", "properties": { "osm_id": "5452276355", "other_tags": "\"amenity\"=>\"toilets\",\"fee\"=>\"no\",\"female\"=>\"yes\",\"male\"=>\"yes\"" }, "geometry": { "type": "Point", "coordinates": [ 37.5838594, 55.7616141 ] } },
{ "type": "Feature", "properties": { "osm_id": "5452276356", "ref": "780111", "other_tags": "\"amenity\"=>\"atm\",\"brand\"=>\"Сбербанк\",\"brand:en\"=>\"Sberbank\",\"brand:ru\"=>\"Сбербанк\",\"brand:wikidata\"=>\"Q205012\",\"brand:wikipedia\"=>\"en:Sberbank of Russia\",\"contact:phone\"=>\"+7 800 5555550\",\"contact:website\"=>\"https://www.sberbank.ru/\",\"operator\"=>\"ПАО Сбербанк\",\"operator:wikidata\"=>\"Q205012\",\"operator:wikipedia\"=>\"en:Sberbank of Russia\",\"wheelchair\"=>\"yes\"" }, "geometry": { "type": "Point", "coordinates": [ 37.5838129, 55.7615338 ] } },
{ "type": "Feature", "properties": { "osm_id": "5552508654", "name": "Метро «Баррикадная»", "highway": "bus_stop", "other_tags": "\"bench\"=>\"yes\",\"bin\"=>\"yes\",\"bus\"=>\"yes\",\"lit\"=>\"yes\",\"name:uk\"=>\"Метро «Барикадна»\",\"public_transport\"=>\"platform\",\"shelter\"=>\"yes\",\"tactile_paving\"=>\"no\"" }, "geometry": { "type": "Point", "coordinates": [ 37.5811413, 55.7599515 ] } },
{ "type": "Feature", "properties": { "osm_id": "5552508655", "name": "Метро «Баррикадная»", "highway": "bus_stop", "other_tags": "\"bench\"=>\"yes\",\"bin\"=>\"yes\",\"bus\"=>\"yes\",\"lit\"=>\"yes\",\"name:uk\"=>\"Метро «Барикадна»\",\"public_transport\"=>\"platform\",\"shelter\"=>\"yes\",\"tactile_paving\"=>\"no\"" }, "geometry": { "type": "Point", "coordinates": [ 37.5807926, 55.7604103 ] } },
{ "type": "Feature", "properties": { "osm_id": "5563034386", "barrier": "lift_gate", "other_tags": "\"bicycle\"=>\"yes\",\"foot\"=>\"yes\",\"motorcar\"=>\"private\"" }, "geometry": { "type": "Point", "coordinates": [ 37.5725678, 55.7616296 ] } },
{ "type": "Feature", "properties": { "osm_id": "5566445680", "barrier": "lift_gate", "other_tags": "\"motor_vehicle\"=>\"private\"" }, "geometry": { "type": "Point", "coordinates": [ 37.5725572, 55.7667864 ] } },
{ "type": "Feature", "properties": { "osm_id": "5580143922", "name": "Азбука daily", "other_tags": "\"brand\"=>\"Азбука daily\",\"check_date\"=>\"2025-12-20\",\"contact:email\"=>\"welcome@azbukavkusa.ru\",\"contact:phone\"=>\"+7 800 7003487\",\"contact:twitter\"=>\"https://twitter.com/azbukavkusa\",\"contact:vk\"=>\"https://vk.com/azbukavkusa\",\"contact:website\"=>\"https://av.ru/\",\"contact:youtube\"=>\"https://www.youtube.com/user/azbukav\",\"name:ru\"=>\"Азбука дейли\",\"opening_hours\"=>\"24/7\",\"operator\"=>\"ООО «Городской супермаркет»\",\"ref:av\"=>\"358949\",\"shop\"=>\"convenience\"" }, "geometry": { "type": "Point", "coordinates": [ 37.5786742, 55.7647611 ] } },
{ "type": "Feature", "properties": { "osm_id": "5670000334", "name": "Privee", "other_tags": "\"clothes\"=>\"men;women;wedding;suits;leather;accessories;costumes\",\"craft\"=>\"tailor\",\"email\"=>\"info@atelierprivee.ru\",\"official_name\"=>\"Бутик-ателье Privee\",\"opening_hours\"=>\"Mo-Fr 11:00-20:00\",\"operator\"=>\"ООО \\\"Бутик-Ателье\\\"\",\"phone\"=>\"+7 495 1501441\",\"shop\"=>\"boutique\",\"website\"=>\"https://atelierprivee.ru/\"" }, "geometry": { "type": "Point", "coordinates": [ 37.5867364, 55.7597364 ] } },
{ "type": "Feature", "properties": { "osm_id": "5677605564", "name": "Lima studio", "other_tags": "\"contact:instagram\"=>\"https://www.instagram.com/lima_studio_msk/\",\"opening_hours\"=>\"Mo-Su 10:00-22:00\",\"shop\"=>\"beauty\"" }, "geometry": { "type": "Point", "coordinates": [ 37.5720915, 55.7595576 ] } },
{ "type": "Feature", "properties": { "osm_id": "5679489150", "other_tags": "\"leisure\"=>\"playground\"" }, "geometry": { "type": "Point", "coordinates": [ 37.5791001, 55.7597598 ] } },
{ "type": "Feature", "properties": { "osm_id": "5679489156", "name": "Khan.Cashmere", "other_tags": "\"check_date\"=>\"2026-05-01\",\"contact:phone\"=>\"+7 499 2524277\",\"contact:website\"=>\"http://karakorumcashmere.ru/\",\"opening_hours\"=>\"Mo-Su 10:00-21:00\",\"shop\"=>\"clothes\"" }, "geometry": { "type": "Point", "coordinates": [ 37.5787789, 55.7596803 ] } },
{ "type": "Feature", "properties": { "osm_id": "5679489157", "name": "Chop-Chop", "other_tags": "\"check_date\"=>\"2026-05-01\",\"contact:email\"=>\"info@chopchop.me\",\"male\"=>\"yes\",\"opening_hours\"=>\"Mo-Fr 10:00-22:00; Sa,Su 12:00-22:00\",\"phone\"=>\"+7 495 1500282\",\"shop\"=>\"hairdresser\",\"website\"=>\"https://chopchop.me/\"" }, "geometry": { "type": "Point", "coordinates": [ 37.5787764, 55.7597674 ] } },
{ "type": "Feature", "properties": { "osm_id": "5679489158", "name": "Инвитро", "other_tags": "\"amenity\"=>\"doctors\",\"brand\"=>\"Инвитро\",\"brand:wikidata\"=>\"Q4200546\",\"brand:wikipedia\"=>\"ru:Инвитро (компания)\",\"check_date\"=>\"2026-05-01\",\"contact:email\"=>\"info@invitro.ru\",\"contact:phone\"=>\"+7 495 3630363\",\"contact:vk\"=>\"https://vk.com/invitro\",\"contact:website\"=>\"https://www.invitro.ru/\",\"health_facility:type\"=>\"laboratory\",\"health_specialty:microbiology\"=>\"yes\",\"healthcare\"=>\"laboratory\",\"medical_system:western\"=>\"yes\",\"name:de\"=>\"Invitro\",\"name:en\"=>\"Invitro\",\"name:uk\"=>\"Інвітро\",\"opening_hours\"=>\"Mo-Fr 07:00-18:00; Sa 07:30-15:00\"" }, "geometry": { "type": "Point", "coordinates": [ 37.5787764, 55.7598795 ] } },
{ "type": "Feature", "properties": { "osm_id": "5679489161", "barrier": "gate", "other_tags": "\"access\"=>\"private\"" }, "geometry": { "type": "Point", "coordinates": [ 37.5787545, 55.7599533 ] } },
{ "type": "Feature", "properties": { "osm_id": "5679489169", "man_made": "mast", "other_tags": "\"communication:mobile_phone\"=>\"yes\",\"tower:type\"=>\"communication\"" }, "geometry": { "type": "Point", "coordinates": [ 37.5784437, 55.7601461 ] } },
{ "type": "Feature", "properties": { "osm_id": "5679489174", "barrier": "gate" }, "geometry": { "type": "Point", "coordinates": [ 37.5784641, 55.7600978 ] } },
{ "type": "Feature", "properties": { "osm_id": "5679489203", "highway": "crossing", "other_tags": "\"crossing\"=>\"uncontrolled\"" }, "geometry": { "type": "Point", "coordinates": [ 37.5785956, 55.7596991 ] } },
{ "type": "Feature", "properties": { "osm_id": "5679489210", "barrier": "gate", "other_tags": "\"access\"=>\"private\"" }, "geometry": { "type": "Point", "coordinates": [ 37.5781178, 55.7589836 ] } },
{ "type": "Feature", "properties": { "osm_id": "5679489215", "barrier": "kerb", "other_tags": "\"kerb\"=>\"lowered\",\"tactile_paving\"=>\"no\"" }, "geometry": { "type": "Point", "coordinates": [ 37.577132, 55.759403 ] } },
{ "type": "Feature", "properties": { "osm_id": "5679489225", "barrier": "kerb", "other_tags": "\"kerb\"=>\"lowered\",\"tactile_paving\"=>\"no\"" }, "geometry": { "type": "Point", "coordinates": [ 37.5760748, 55.7589883 ] } },
{ "type": "Feature", "properties": { "osm_id": "5679489229", "barrier": "kerb", "other_tags": "\"kerb\"=>\"lowered\",\"tactile_paving\"=>\"no\"" }, "geometry": { "type": "Point", "coordinates": [ 37.5761528, 55.7588826 ] } },
{ "type": "Feature", "properties": { "osm_id": "5712428839", "barrier": "lift_gate", "other_tags": "\"bicycle\"=>\"yes\",\"foot\"=>\"yes\",\"motor_vehicle\"=>\"private\"" }, "geometry": { "type": "Point", "coordinates": [ 37.5741917, 55.7621003 ] } },
{ "type": "Feature", "properties": { "osm_id": "5712428840", "barrier": "lift_gate", "other_tags": "\"bicycle\"=>\"yes\",\"foot\"=>\"yes\",\"motor_vehicle\"=>\"private\"" }, "geometry": { "type": "Point", "coordinates": [ 37.573579, 55.7621427 ] } },
{ "type": "Feature", "properties": { "osm_id": "5712428843", "barrier": "block", "other_tags": "\"bicycle\"=>\"yes\",\"foot\"=>\"yes\",\"motor_vehicle\"=>\"no\"" }, "geometry": { "type": "Point", "coordinates": [ 37.5727801, 55.7622508 ] } },
{ "type": "Feature", "properties": { "osm_id": "5856085385", "name": "Большая панда", "other_tags": "\"animal\"=>\"panda\",\"attraction\"=>\"animal\"" }, "geometry": { "type": "Point", "coordinates": [ 37.5750438, 55.762282 ] } },
{ "type": "Feature", "properties": { "osm_id": "5856103747", "name": "Беркут", "other_tags": "\"attraction\"=>\"animal\",\"name:en\"=>\"Golden Eagle\",\"name:ru\"=>\"Беркут\",\"species\"=>\"Aquila chrysaetos\"" }, "geometry": { "type": "Point", "coordinates": [ 37.5750993, 55.7624348 ] } },
{ "type": "Feature", "properties": { "osm_id": "5856107531", "name": "Манул", "other_tags": "\"attraction\"=>\"animal\",\"name:ru\"=>\"Манул\",\"species\"=>\"Felis manul\"" }, "geometry": { "type": "Point", "coordinates": [ 37.575069, 55.7624135 ] } },
{ "type": "Feature", "properties": { "osm_id": "5856249585", "other_tags": "\"amenity\"=>\"fast_food\",\"fast_food\"=>\"cafeteria\",\"outdoor_seating\"=>\"yes\",\"self_service\"=>\"yes\",\"takeaway\"=>\"yes\"" }, "geometry": { "type": "Point", "coordinates": [ 37.5773172, 55.7642138 ] } },
{ "type": "Feature", "properties": { "osm_id": "5861690813", "barrier": "gate", "other_tags": "\"access\"=>\"private\",\"maxwidth\"=>\"5\"" }, "geometry": { "type": "Point", "coordinates": [ 37.5781425, 55.7637454 ] } },
{ "type": "Feature", "properties": { "osm_id": "5861690814", "barrier": "gate", "other_tags": "\"access\"=>\"private\",\"maxwidth\"=>\"5\"" }, "geometry": { "type": "Point", "coordinates": [ 37.5781495, 55.7638993 ] } },
{ "type": "Feature", "properties": { "osm_id": "5861705032", "other_tags": "\"access\"=>\"yes\",\"entrance\"=>\"main\"" }, "geometry": { "type": "Point", "coordinates": [ 37.5773912, 55.7642327 ] } },
{ "type": "Feature", "properties": { "osm_id": "5861708696", "barrier": "gate", "other_tags": "\"access\"=>\"private\"" }, "geometry": { "type": "Point", "coordinates": [ 37.5760983, 55.7649609 ] } },
{ "type": "Feature", "properties": { "osm_id": "5942476957", "name": "Школа Фатимы Хадуевой", "other_tags": "\"amenity\"=>\"training\",\"contact:website\"=>\"https://www.fatimachaduevaschool.com/\"" }, "geometry": { "type": "Point", "coordinates": [ 37.5722578, 55.763273 ] } },
{ "type": "Feature", "properties": { "osm_id": "5948821040", "name": "ВкусВилл", "other_tags": "\"brand\"=>\"ВкусВилл\",\"brand:wikidata\"=>\"Q57271676\",\"brand:wikipedia\"=>\"ru:Вкусвилл\",\"check_date\"=>\"2026-04-25\",\"contact:email\"=>\"info@izbenka.msk.ru\",\"contact:facebook\"=>\"https://www.facebook.com/vkusvill.ru\",\"contact:instagram\"=>\"https://www.instagram.com/vkusvill_ru/\",\"contact:phone\"=>\"+7 495 6638602\",\"contact:telegram\"=>\"https://telegram.me/vkusvillbot\",\"contact:twitter\"=>\"https://twitter.com/we_are_vkusvill\",\"contact:vk\"=>\"https://vk.com/vkusvill_ru\",\"contact:website\"=>\"https://vkusvill.ru\",\"name:ru\"=>\"ВкусВилл\",\"opening_hours\"=>\"Mo-Su 09:00-22:00\",\"shop\"=>\"convenience\"" }, "geometry": { "type": "Point", "coordinates": [ 37.5720446, 55.7640068 ] } },
{ "type": "Feature", "properties": { "osm_id": "5969780525", "barrier": "gate", "other_tags": "\"access\"=>\"private\"" }, "geometry": { "type": "Point", "coordinates": [ 37.5860812, 55.7594252 ] } },
{ "type": "Feature", "properties": { "osm_id": "5969780581", "barrier": "kerb", "other_tags": "\"kerb\"=>\"lowered\",\"tactile_paving\"=>\"no\"" }, "geometry": { "type": "Point", "coordinates": [ 37.5867865, 55.7592641 ] } },
{ "type": "Feature", "properties": { "osm_id": "5971928414", "barrier": "lift_gate" }, "geometry": { "type": "Point", "coordinates": [ 37.5790856, 55.7649842 ] } },
{ "type": "Feature", "properties": { "osm_id": "5971928415", "other_tags": "\"opening_hours\"=>\"Mo-Su 10:00-20:00\",\"operator\"=>\"ИП Сафарова Н.Г.\",\"shop\"=>\"optician\"" }, "geometry": { "type": "Point", "coordinates": [ 37.5808166, 55.764605 ] } },
{ "type": "Feature", "properties": { "osm_id": "5972230329", "barrier": "gate", "other_tags": "\"foot\"=>\"yes\",\"motor_vehicle\"=>\"private\"" }, "geometry": { "type": "Point", "coordinates": [ 37.5860205, 55.7602853 ] } },
{ "type": "Feature", "properties": { "osm_id": "5972230335", "barrier": "gate", "other_tags": "\"access\"=>\"private\"" }, "geometry": { "type": "Point", "coordinates": [ 37.5873334, 55.7606113 ] } },
{ "type": "Feature", "properties": { "osm_id": "5972230351", "name": "Кубань Кредит", "other_tags": "\"amenity\"=>\"bank\",\"atm\"=>\"yes\",\"contact:email\"=>\"contact@kk.bank\",\"contact:phone\"=>\"+7 800 5552518;2518\",\"contact:website\"=>\"https://kk.bank\",\"opening_hours\"=>\"Mo-Fr 09:00-17:30\"" }, "geometry": { "type": "Point", "coordinates": [ 37.5870234, 55.760242 ] } },
{ "type": "Feature", "properties": { "osm_id": "5972230352", "barrier": "lift_gate", "other_tags": "\"bicycle\"=>\"yes\",\"foot\"=>\"yes\",\"motor_vehicle\"=>\"private\"" }, "geometry": { "type": "Point", "coordinates": [ 37.5870932, 55.7602973 ] } },
{ "type": "Feature", "properties": { "osm_id": "5972230353", "other_tags": "\"amenity\"=>\"waste_disposal\",\"covered\"=>\"yes\"" }, "geometry": { "type": "Point", "coordinates": [ 37.5867753, 55.7603907 ] } },
{ "type": "Feature", "properties": { "osm_id": "5972230357", "barrier": "gate", "other_tags": "\"access\"=>\"private\"" }, "geometry": { "type": "Point", "coordinates": [ 37.5870432, 55.7601089 ] } },
{ "type": "Feature", "properties": { "osm_id": "5972230362", "barrier": "lift_gate", "other_tags": "\"bicycle\"=>\"yes\",\"foot\"=>\"yes\",\"motor_vehicle\"=>\"private\"" }, "geometry": { "type": "Point", "coordinates": [ 37.5868623, 55.7598396 ] } },
{ "type": "Feature", "properties": { "osm_id": "5972230365", "barrier": "gate", "other_tags": "\"bicycle\"=>\"yes\",\"foot\"=>\"yes\",\"motor_vehicle\"=>\"no\"" }, "geometry": { "type": "Point", "coordinates": [ 37.5861819, 55.7599729 ] } },
{ "type": "Feature", "properties": { "osm_id": "5972230382", "barrier": "kerb", "other_tags": "\"kerb\"=>\"lowered\"" }, "geometry": { "type": "Point", "coordinates": [ 37.5853713, 55.7594933 ] } },
{ "type": "Feature", "properties": { "osm_id": "5972247434", "barrier": "gate", "other_tags": "\"bicycle\"=>\"yes\",\"foot\"=>\"yes\"" }, "geometry": { "type": "Point", "coordinates": [ 37.5736241, 55.7615 ] } },
{ "type": "Feature", "properties": { "osm_id": "5972247436", "ref": "1", "other_tags": "\"addr:flats\"=>\"1-68\",\"entrance\"=>\"staircase\"" }, "geometry": { "type": "Point", "coordinates": [ 37.5730672, 55.7617581 ] } },
{ "type": "Feature", "properties": { "osm_id": "5972686291", "other_tags": "\"leaf_cycle\"=>\"deciduous\",\"leaf_type\"=>\"broadleaved\",\"natural\"=>\"tree\"" }, "geometry": { "type": "Point", "coordinates": [ 37.5872863, 55.7623159 ] } },
{ "type": "Feature", "properties": { "osm_id": "5972686317", "other_tags": "\"leaf_cycle\"=>\"deciduous\",\"leaf_type\"=>\"broadleaved\",\"natural\"=>\"tree\"" }, "geometry": { "type": "Point", "coordinates": [ 37.5871011, 55.7620924 ] } },
{ "type": "Feature", "properties": { "osm_id": "5972686318", "other_tags": "\"leaf_cycle\"=>\"deciduous\",\"leaf_type\"=>\"broadleaved\",\"natural\"=>\"tree\"" }, "geometry": { "type": "Point", "coordinates": [ 37.587031, 55.7620029 ] } },
{ "type": "Feature", "properties": { "osm_id": "5972686319", "other_tags": "\"leaf_cycle\"=>\"deciduous\",\"leaf_type\"=>\"broadleaved\",\"natural\"=>\"tree\"" }, "geometry": { "type": "Point", "coordinates": [ 37.5870644, 55.7620455 ] } },
{ "type": "Feature", "properties": { "osm_id": "5972686336", "other_tags": "\"leaf_cycle\"=>\"deciduous\",\"leaf_type\"=>\"broadleaved\",\"natural\"=>\"tree\"" }, "geometry": { "type": "Point", "coordinates": [ 37.5868344, 55.7617396 ] } },
{ "type": "Feature", "properties": { "osm_id": "5972686337", "other_tags": "\"leaf_cycle\"=>\"deciduous\",\"leaf_type\"=>\"broadleaved\",\"natural\"=>\"tree\"" }, "geometry": { "type": "Point", "coordinates": [ 37.5867665, 55.7616495 ] } },
{ "type": "Feature", "properties": { "osm_id": "5972686338", "other_tags": "\"leaf_cycle\"=>\"deciduous\",\"leaf_type\"=>\"broadleaved\",\"natural\"=>\"tree\"" }, "geometry": { "type": "Point", "coordinates": [ 37.5867988, 55.7616924 ] } },
{ "type": "Feature", "properties": { "osm_id": "5972686348", "name": "Snegiri", "other_tags": "\"contact:phone\"=>\"+7 965 1411416\",\"contact:website\"=>\"http://www.snegirigym.ru/\",\"leisure\"=>\"fitness_centre\",\"opening_hours\"=>\"Mo-Su 08:00-22:00\"" }, "geometry": { "type": "Point", "coordinates": [ 37.5872286, 55.7615436 ] } },
{ "type": "Feature", "properties": { "osm_id": "5972686360", "other_tags": "\"leaf_cycle\"=>\"deciduous\",\"leaf_type\"=>\"broadleaved\",\"natural\"=>\"tree\"" }, "geometry": { "type": "Point", "coordinates": [ 37.5866681, 55.761523 ] } },
{ "type": "Feature", "properties": { "osm_id": "5972686361", "other_tags": "\"leaf_cycle\"=>\"deciduous\",\"leaf_type\"=>\"broadleaved\",\"natural\"=>\"tree\"" }, "geometry": { "type": "Point", "coordinates": [ 37.5866002, 55.7614329 ] } },
{ "type": "Feature", "properties": { "osm_id": "5972686362", "other_tags": "\"leaf_cycle\"=>\"deciduous\",\"leaf_type\"=>\"broadleaved\",\"natural\"=>\"tree\"" }, "geometry": { "type": "Point", "coordinates": [ 37.5866325, 55.7614758 ] } },
{ "type": "Feature", "properties": { "osm_id": "5972686375", "other_tags": "\"leaf_cycle\"=>\"deciduous\",\"leaf_type\"=>\"broadleaved\",\"natural\"=>\"tree\"" }, "geometry": { "type": "Point", "coordinates": [ 37.5864555, 55.7612363 ] } },
{ "type": "Feature", "properties": { "osm_id": "5972686376", "other_tags": "\"leaf_cycle\"=>\"deciduous\",\"leaf_type\"=>\"broadleaved\",\"natural\"=>\"tree\"" }, "geometry": { "type": "Point", "coordinates": [ 37.5863876, 55.7611462 ] } },
{ "type": "Feature", "properties": { "osm_id": "5972686377", "other_tags": "\"leaf_cycle\"=>\"deciduous\",\"leaf_type\"=>\"broadleaved\",\"natural\"=>\"tree\"" }, "geometry": { "type": "Point", "coordinates": [ 37.5864199, 55.7611891 ] } },
{ "type": "Feature", "properties": { "osm_id": "5972686393", "other_tags": "\"leaf_cycle\"=>\"deciduous\",\"leaf_type\"=>\"broadleaved\",\"natural\"=>\"tree\"" }, "geometry": { "type": "Point", "coordinates": [ 37.586333, 55.7610826 ] } },
{ "type": "Feature", "properties": { "osm_id": "5972686404", "other_tags": "\"leaf_cycle\"=>\"deciduous\",\"leaf_type\"=>\"broadleaved\",\"natural\"=>\"tree\"" }, "geometry": { "type": "Point", "coordinates": [ 37.5863035, 55.7610389 ] } },
{ "type": "Feature", "properties": { "osm_id": "5972686409", "other_tags": "\"leaf_cycle\"=>\"deciduous\",\"leaf_type\"=>\"broadleaved\",\"natural\"=>\"tree\"" }, "geometry": { "type": "Point", "coordinates": [ 37.58627, 55.7609928 ] } },
{ "type": "Feature", "properties": { "osm_id": "5972686432", "other_tags": "\"leaf_cycle\"=>\"deciduous\",\"leaf_type\"=>\"broadleaved\",\"natural\"=>\"tree\"" }, "geometry": { "type": "Point", "coordinates": [ 37.5862298, 55.7609315 ] } },
{ "type": "Feature", "properties": { "osm_id": "5972686433", "other_tags": "\"leaf_cycle\"=>\"deciduous\",\"leaf_type\"=>\"broadleaved\",\"natural\"=>\"tree\"" }, "geometry": { "type": "Point", "coordinates": [ 37.5861653, 55.7608406 ] } },
{ "type": "Feature", "properties": { "osm_id": "5972686434", "other_tags": "\"leaf_cycle\"=>\"deciduous\",\"leaf_type\"=>\"broadleaved\",\"natural\"=>\"tree\"" }, "geometry": { "type": "Point", "coordinates": [ 37.586196, 55.7608838 ] } },
{ "type": "Feature", "properties": { "osm_id": "5972686435", "other_tags": "\"leaf_cycle\"=>\"deciduous\",\"leaf_type\"=>\"broadleaved\",\"natural\"=>\"tree\"" }, "geometry": { "type": "Point", "coordinates": [ 37.5857991, 55.7602649 ] } },
{ "type": "Feature", "properties": { "osm_id": "5972686436", "other_tags": "\"leaf_cycle\"=>\"deciduous\",\"leaf_type\"=>\"broadleaved\",\"natural\"=>\"tree\"" }, "geometry": { "type": "Point", "coordinates": [ 37.5857372, 55.7601734 ] } },
{ "type": "Feature", "properties": { "osm_id": "5972686437", "other_tags": "\"leaf_cycle\"=>\"deciduous\",\"leaf_type\"=>\"broadleaved\",\"natural\"=>\"tree\"" }, "geometry": { "type": "Point", "coordinates": [ 37.5857666, 55.7602169 ] } },
{ "type": "Feature", "properties": { "osm_id": "5972686438", "other_tags": "\"advertising\"=>\"column\"" }, "geometry": { "type": "Point", "coordinates": [ 37.5861181, 55.7607747 ] } },
{ "type": "Feature", "properties": { "osm_id": "5972686441", "other_tags": "\"leaf_cycle\"=>\"deciduous\",\"leaf_type\"=>\"broadleaved\",\"natural\"=>\"tree\"" }, "geometry": { "type": "Point", "coordinates": [ 37.5860688, 55.7607091 ] } },
{ "type": "Feature", "properties": { "osm_id": "5972686452", "other_tags": "\"shop\"=>\"florist\"" }, "geometry": { "type": "Point", "coordinates": [ 37.5866747, 55.7611181 ] } },
{ "type": "Feature", "properties": { "osm_id": "5972686453", "name": "Тайрай", "other_tags": "\"contact:website\"=>\"https://tairai.ru/\",\"shop\"=>\"massage\"" }, "geometry": { "type": "Point", "coordinates": [ 37.5868209, 55.760992 ] } },
{ "type": "Feature", "properties": { "osm_id": "5972686454", "name": "IQкофе2018", "other_tags": "\"amenity\"=>\"fast_food\",\"contact:instagram\"=>\"https://www.instagram.com/iqcoffe_barikadnaya_2018/\",\"cuisine\"=>\"coffee_shop\",\"takeaway\"=>\"yes\"" }, "geometry": { "type": "Point", "coordinates": [ 37.5866586, 55.7611656 ] } },
{ "type": "Feature", "properties": { "osm_id": "5972686455", "name": "AppleMan", "other_tags": "\"contact:website\"=>\"https://www.appleman24.ru/\",\"craft\"=>\"electronics_repair\",\"electronics_repair\"=>\"phone\",\"opening_hours\"=>\"24/7\"" }, "geometry": { "type": "Point", "coordinates": [ 37.586605, 55.7611045 ] } },
{ "type": "Feature", "properties": { "osm_id": "5972686456", "name": "Brand Story", "other_tags": "\"contact:phone\"=>\"+7 985 7787755\",\"contact:website\"=>\"http://www.brandstoryshop.ru/\",\"opening_hours\"=>\"Mo-Su 11:00-20:00\",\"shop\"=>\"second_hand\"" }, "geometry": { "type": "Point", "coordinates": [ 37.5866217, 55.7611313 ] } },
{ "type": "Feature", "properties": { "osm_id": "5972686457", "other_tags": "\"craft\"=>\"key_cutter\"" }, "geometry": { "type": "Point", "coordinates": [ 37.586318, 55.7604959 ] } },
{ "type": "Feature", "properties": { "osm_id": "5972686461", "name": "ВкусВилл", "other_tags": "\"brand\"=>\"ВкусВилл\",\"brand:wikidata\"=>\"Q57271676\",\"brand:wikipedia\"=>\"ru:Вкусвилл\",\"check_date\"=>\"2022-06-05\",\"contact:email\"=>\"info@izbenka.msk.ru\",\"contact:facebook\"=>\"https://www.facebook.com/vkusvill.ru\",\"contact:instagram\"=>\"https://www.instagram.com/vkusvill_ru/\",\"contact:phone\"=>\"+7 495 6638602\",\"contact:telegram\"=>\"https://telegram.me/vkusvillbot\",\"contact:twitter\"=>\"https://twitter.com/we_are_vkusvill\",\"contact:vk\"=>\"https://vk.com/vkusvill_ru\",\"contact:website\"=>\"https://vkusvill.ru\",\"name:ru\"=>\"ВкусВилл\",\"opening_hours\"=>\"Mo-Su 09:00-22:00\",\"shop\"=>\"convenience\"" }, "geometry": { "type": "Point", "coordinates": [ 37.5863193, 55.7607883 ] } },
{ "type": "Feature", "properties": { "osm_id": "5972686514", "other_tags": "\"leaf_cycle\"=>\"deciduous\",\"leaf_type\"=>\"broadleaved\",\"natural\"=>\"tree\"" }, "geometry": { "type": "Point", "coordinates": [ 37.585356, 55.7595795 ] } },
{ "type": "Feature", "properties": { "osm_id": "5972686525", "other_tags": "\"leaf_cycle\"=>\"deciduous\",\"leaf_type\"=>\"broadleaved\",\"natural\"=>\"tree\"" }, "geometry": { "type": "Point", "coordinates": [ 37.5854097, 55.7596674 ] } },
{ "type": "Feature", "properties": { "osm_id": "5972686548", "other_tags": "\"leaf_cycle\"=>\"deciduous\",\"leaf_type\"=>\"broadleaved\",\"natural\"=>\"tree\"" }, "geometry": { "type": "Point", "coordinates": [ 37.5859454, 55.7604878 ] } },
{ "type": "Feature", "properties": { "osm_id": "5972686549", "other_tags": "\"leaf_cycle\"=>\"deciduous\",\"leaf_type\"=>\"broadleaved\",\"natural\"=>\"tree\"" }, "geometry": { "type": "Point", "coordinates": [ 37.5858856, 55.7603958 ] } },
{ "type": "Feature", "properties": { "osm_id": "5972686550", "other_tags": "\"leaf_cycle\"=>\"deciduous\",\"leaf_type\"=>\"broadleaved\",\"natural\"=>\"tree\"" }, "geometry": { "type": "Point", "coordinates": [ 37.5859141, 55.7604396 ] } },
{ "type": "Feature", "properties": { "osm_id": "5972686551", "other_tags": "\"leaf_cycle\"=>\"deciduous\",\"leaf_type\"=>\"broadleaved\",\"natural\"=>\"tree\"" }, "geometry": { "type": "Point", "coordinates": [ 37.5859753, 55.7605338 ] } },
{ "type": "Feature", "properties": { "osm_id": "5972686552", "other_tags": "\"leaf_cycle\"=>\"deciduous\",\"leaf_type\"=>\"broadleaved\",\"natural\"=>\"tree\"" }, "geometry": { "type": "Point", "coordinates": [ 37.5860041, 55.7605781 ] } },
{ "type": "Feature", "properties": { "osm_id": "5972686583", "barrier": "swing_gate", "other_tags": "\"bicycle\"=>\"yes\",\"foot\"=>\"yes\",\"motor_vehicle\"=>\"private\",\"swing_gate:type\"=>\"single\"" }, "geometry": { "type": "Point", "coordinates": [ 37.5876829, 55.7612143 ] } },
{ "type": "Feature", "properties": { "osm_id": "5972686599", "other_tags": "\"entrance\"=>\"yes\"" }, "geometry": { "type": "Point", "coordinates": [ 37.5867033, 55.7595417 ] } },
{ "type": "Feature", "properties": { "osm_id": "5972686600", "other_tags": "\"entrance\"=>\"yes\"" }, "geometry": { "type": "Point", "coordinates": [ 37.5867859, 55.7596718 ] } },
{ "type": "Feature", "properties": { "osm_id": "5972686601", "other_tags": "\"entrance\"=>\"yes\"" }, "geometry": { "type": "Point", "coordinates": [ 37.5869138, 55.7598845 ] } },
{ "type": "Feature", "properties": { "osm_id": "5975384055", "barrier": "kerb", "other_tags": "\"kerb\"=>\"lowered\",\"tactile_paving\"=>\"no\"" }, "geometry": { "type": "Point", "coordinates": [ 37.5891003, 55.7628262 ] } },
{ "type": "Feature", "properties": { "osm_id": "5975384057", "barrier": "kerb", "other_tags": "\"kerb\"=>\"lowered\",\"tactile_paving\"=>\"no\"" }, "geometry": { "type": "Point", "coordinates": [ 37.5888005, 55.7629581 ] } },
{ "type": "Feature", "properties": { "osm_id": "5975384059", "barrier": "kerb", "other_tags": "\"kerb\"=>\"lowered\",\"tactile_paving\"=>\"no\"" }, "geometry": { "type": "Point", "coordinates": [ 37.5889484, 55.7628482 ] } },
{ "type": "Feature", "properties": { "osm_id": "5975384060", "barrier": "kerb", "other_tags": "\"kerb\"=>\"lowered\",\"tactile_paving\"=>\"no\"" }, "geometry": { "type": "Point", "coordinates": [ 37.5888632, 55.7628927 ] } },
{ "type": "Feature", "properties": { "osm_id": "5994115688", "other_tags": "\"entrance\"=>\"yes\"" }, "geometry": { "type": "Point", "coordinates": [ 37.5873955, 55.7600227 ] } },
{ "type": "Feature", "properties": { "osm_id": "6009754293", "name": "ООО \"Межрегиональный центр охраны труда \"ЭКСПЕРТИЗА\"", "other_tags": "\"addr:city\"=>\"Москва\",\"addr:housenumber\"=>\"8 с5А\",\"addr:postcode\"=>\"123242\",\"addr:street\"=>\"Баррикадная улица\",\"description\"=>\"ООО \\\"Межрегиональный центр охраны труда \\\"ЭКСПЕРТИЗА\\\" — это организация, основной специализацией которой является спецоценка условий труда.\",\"email\"=>\"info@mcotexpertiza.ru\",\"office\"=>\"company\",\"phone\"=>\"+7 495 6176272\",\"website\"=>\"https://mcotexpertiza.ru/\"" }, "geometry": { "type": "Point", "coordinates": [ 37.5816231, 55.7613769 ] } },
{ "type": "Feature", "properties": { "osm_id": "6255703771", "man_made": "telescope", "other_tags": "\"telescope:type\"=>\"optical\",\"tower:construction\"=>\"dome\"" }, "geometry": { "type": "Point", "coordinates": [ 37.5832283, 55.7612521 ] } },
{ "type": "Feature", "properties": { "osm_id": "6255703772", "man_made": "telescope", "other_tags": "\"telescope:type\"=>\"optical\",\"tower:construction\"=>\"dome\"" }, "geometry": { "type": "Point", "coordinates": [ 37.5830665, 55.761012 ] } },
{ "type": "Feature", "properties": { "osm_id": "6333393373", "other_tags": "\"entrance\"=>\"main\"" }, "geometry": { "type": "Point", "coordinates": [ 37.5829828, 55.7594707 ] } },
{ "type": "Feature", "properties": { "osm_id": "6333393374", "name": "Российская медицинская академия непрерывного профессионального образования", "other_tags": "\"alt_name\"=>\"ФГБОУ ДПО РМАНПО\",\"amenity\"=>\"university\",\"check_date\"=>\"2025-12-20\",\"name:ca\"=>\"Acadèmia Mèdica Russa de Postgrau\",\"name:en\"=>\"Russian Medical Postgraduate Academy\",\"name:ru\"=>\"Российская медицинская академия непрерывного профессионального образования\",\"official_name\"=>\"Федеральное государственное бюджетное образовательное учреждение дополнительного профессионального образования \\\"Российская медицинская академия непрерывного профессионального образования\\\"\",\"short_name\"=>\"Ректорат РМАНПО\",\"website\"=>\"https://rmapo.ru\",\"wikidata\"=>\"Q4397981\",\"wikipedia\"=>\"ru:Российская медицинская академия последипломного образования\"" }, "geometry": { "type": "Point", "coordinates": [ 37.5828928, 55.7596248 ] } },
{ "type": "Feature", "properties": { "osm_id": "6345935517", "name": "Fifa Beauty", "other_tags": "\"contact:instagram\"=>\"https://www.instagram.com/FIFA_BEAUTY_MSK/\",\"contact:phone\"=>\"+7 928 0313000\",\"opening_hours\"=>\"Mo-Su 10:00-21:00\",\"shop\"=>\"beauty\"" }, "geometry": { "type": "Point", "coordinates": [ 37.581262, 55.7649058 ] } },
{ "type": "Feature", "properties": { "osm_id": "6369718414", "barrier": "kerb", "other_tags": "\"kerb\"=>\"lowered\",\"tactile_paving\"=>\"no\"" }, "geometry": { "type": "Point", "coordinates": [ 37.594592, 55.7591185 ] } },
{ "type": "Feature", "properties": { "osm_id": "6421076720", "other_tags": "\"artwork_type\"=>\"graffiti\",\"tourism\"=>\"artwork\"" }, "geometry": { "type": "Point", "coordinates": [ 37.5795837, 55.7613823 ] } },
{ "type": "Feature", "properties": { "osm_id": "6470651854", "other_tags": "\"amenity\"=>\"fountain\",\"description\"=>\"Гранитный шар\",\"lit\"=>\"yes\",\"material\"=>\"granite\"" }, "geometry": { "type": "Point", "coordinates": [ 37.5856418, 55.762135 ] } },
{ "type": "Feature", "properties": { "osm_id": "6472408507", "other_tags": "\"artwork_type\"=>\"sculpture\",\"description\"=>\"Скульптура \\\"Я люблю МГЮА\\\"\",\"tourism\"=>\"artwork\"" }, "geometry": { "type": "Point", "coordinates": [ 37.5855615, 55.7620149 ] } },
{ "type": "Feature", "properties": { "osm_id": "6472963752", "other_tags": "\"access\"=>\"private\",\"entrance\"=>\"main\"" }, "geometry": { "type": "Point", "coordinates": [ 37.5862505, 55.7619889 ] } },
{ "type": "Feature", "properties": { "osm_id": "6473514372", "name": "Библиотека Университета имени О. Е. Кутафина (МГЮА)", "other_tags": "\"access\"=>\"private\",\"addr:housenumber\"=>\"9\",\"addr:street\"=>\"Садовая-Кудринская улица\",\"amenity\"=>\"library\",\"contact:facebook\"=>\"https://www.facebook.com/Bibliotekamsal/\",\"contact:vk\"=>\"https://vk.com/bibliotekamsal\",\"description\"=>\"Доступ открыт для учащихся, сотрудников и гостей Университета\",\"internet_access\"=>\"yes\",\"internet_access:fee\"=>\"no\",\"internet_access:ssid\"=>\"msal_free\",\"phone\"=>\"+7 499 2448888\",\"website\"=>\"https://msal.ru/lib\"" }, "geometry": { "type": "Point", "coordinates": [ 37.5862503, 55.762249 ] } },
{ "type": "Feature", "properties": { "osm_id": "6485794822", "barrier": "gate", "other_tags": "\"access\"=>\"private\"" }, "geometry": { "type": "Point", "coordinates": [ 37.585937, 55.7616687 ] } },
{ "type": "Feature", "properties": { "osm_id": "6485813090", "barrier": "lift_gate", "other_tags": "\"bicycle\"=>\"yes\",\"foot\"=>\"yes\",\"motor_vehicle\"=>\"private\"" }, "geometry": { "type": "Point", "coordinates": [ 37.5849545, 55.7617327 ] } },
{ "type": "Feature", "properties": { "osm_id": "6485879329", "other_tags": "\"entrance\"=>\"yes\"" }, "geometry": { "type": "Point", "coordinates": [ 37.5858384, 55.7620815 ] } },
{ "type": "Feature", "properties": { "osm_id": "6485879330", "other_tags": "\"entrance\"=>\"yes\"" }, "geometry": { "type": "Point", "coordinates": [ 37.5855484, 55.762311 ] } },
{ "type": "Feature", "properties": { "osm_id": "6485879331", "other_tags": "\"entrance\"=>\"yes\"" }, "geometry": { "type": "Point", "coordinates": [ 37.5852691, 55.7619582 ] } },
{ "type": "Feature", "properties": { "osm_id": "6485879332", "other_tags": "\"entrance\"=>\"yes\"" }, "geometry": { "type": "Point", "coordinates": [ 37.5853158, 55.7623635 ] } },
{ "type": "Feature", "properties": { "osm_id": "6485879333", "other_tags": "\"entrance\"=>\"yes\"" }, "geometry": { "type": "Point", "coordinates": [ 37.5849231, 55.7624961 ] } },
{ "type": "Feature", "properties": { "osm_id": "6485879334", "other_tags": "\"entrance\"=>\"yes\"" }, "geometry": { "type": "Point", "coordinates": [ 37.5846685, 55.7621745 ] } },
{ "type": "Feature", "properties": { "osm_id": "6487408193", "highway": "crossing", "other_tags": "\"crossing\"=>\"unmarked\"" }, "geometry": { "type": "Point", "coordinates": [ 37.5860171, 55.761594 ] } },
{ "type": "Feature", "properties": { "osm_id": "6487424021", "highway": "crossing", "other_tags": "\"crossing\"=>\"unmarked\"" }, "geometry": { "type": "Point", "coordinates": [ 37.5860513, 55.7616412 ] } },
{ "type": "Feature", "properties": { "osm_id": "6487802299", "other_tags": "\"amenity\"=>\"bench\",\"backrest\"=>\"no\",\"material\"=>\"metal;wood\"" }, "geometry": { "type": "Point", "coordinates": [ 37.5856647, 55.7621821 ] } },
{ "type": "Feature", "properties": { "osm_id": "6487802300", "other_tags": "\"amenity\"=>\"bench\",\"backrest\"=>\"no\",\"material\"=>\"wood;metal\"" }, "geometry": { "type": "Point", "coordinates": [ 37.5857103, 55.7621707 ] } },
{ "type": "Feature", "properties": { "osm_id": "6487802301", "other_tags": "\"amenity\"=>\"bench\",\"backrest\"=>\"no\",\"material\"=>\"wood;metal\"" }, "geometry": { "type": "Point", "coordinates": [ 37.5855543, 55.7620879 ] } },
{ "type": "Feature", "properties": { "osm_id": "6487802302", "other_tags": "\"amenity\"=>\"bench\",\"backrest\"=>\"no\",\"material\"=>\"wood;metal\"" }, "geometry": { "type": "Point", "coordinates": [ 37.5856463, 55.7620686 ] } },
{ "type": "Feature", "properties": { "osm_id": "6487802303", "other_tags": "\"amenity\"=>\"bench\",\"backrest\"=>\"no\",\"material\"=>\"wood;metal\"" }, "geometry": { "type": "Point", "coordinates": [ 37.5854815, 55.7619794 ] } },
{ "type": "Feature", "properties": { "osm_id": "6487802304", "other_tags": "\"amenity\"=>\"bench\",\"backrest\"=>\"no\",\"material\"=>\"wood;metal\"" }, "geometry": { "type": "Point", "coordinates": [ 37.5855394, 55.7619618 ] } },
{ "type": "Feature", "properties": { "osm_id": "6487821383", "other_tags": "\"amenity\"=>\"bench\",\"backrest\"=>\"no\",\"material\"=>\"wood;metal\"" }, "geometry": { "type": "Point", "coordinates": [ 37.5856178, 55.7621925 ] } },
{ "type": "Feature", "properties": { "osm_id": "6487821384", "other_tags": "\"amenity\"=>\"bench\",\"backrest\"=>\"no\",\"material\"=>\"wood;metal\"" }, "geometry": { "type": "Point", "coordinates": [ 37.5854481, 55.7620283 ] } },
{ "type": "Feature", "properties": { "osm_id": "6487821485", "other_tags": "\"amenity\"=>\"bench\",\"backrest\"=>\"no\",\"material\"=>\"wood;metal\"" }, "geometry": { "type": "Point", "coordinates": [ 37.5854729, 55.7620529 ] } },
{ "type": "Feature", "properties": { "osm_id": "6487821486", "other_tags": "\"amenity\"=>\"bench\",\"backrest\"=>\"no\",\"material\"=>\"wood;metal\"" }, "geometry": { "type": "Point", "coordinates": [ 37.5855215, 55.7620484 ] } },
{ "type": "Feature", "properties": { "osm_id": "6487827528", "other_tags": "\"access\"=>\"private\",\"amenity\"=>\"parking\",\"parking\"=>\"surface\",\"surface\"=>\"asphalt\"" }, "geometry": { "type": "Point", "coordinates": [ 37.5853892, 55.7626472 ] } },
{ "type": "Feature", "properties": { "osm_id": "6487852475", "barrier": "gate", "other_tags": "\"access\"=>\"no\",\"description\"=>\"Не используются для проезда\"" }, "geometry": { "type": "Point", "coordinates": [ 37.5855213, 55.7625733 ] } },
{ "type": "Feature", "properties": { "osm_id": "6490619326", "other_tags": "\"amenity\"=>\"bench\",\"backrest\"=>\"no\",\"material\"=>\"wood;metal\"" }, "geometry": { "type": "Point", "coordinates": [ 37.5856072, 55.7620318 ] } },
{ "type": "Feature", "properties": { "osm_id": "6490619327", "other_tags": "\"amenity\"=>\"bench\",\"backrest\"=>\"no\",\"material\"=>\"wood;metal\"" }, "geometry": { "type": "Point", "coordinates": [ 37.5856016, 55.7620077 ] } },
{ "type": "Feature", "properties": { "osm_id": "6490619328", "other_tags": "\"amenity\"=>\"bench\",\"backrest\"=>\"no\",\"material\"=>\"wood;metal\"" }, "geometry": { "type": "Point", "coordinates": [ 37.5855791, 55.7619842 ] } },
{ "type": "Feature", "properties": { "osm_id": "6490619329", "other_tags": "\"amenity\"=>\"bench\",\"backrest\"=>\"no\",\"material\"=>\"wood;metal\"" }, "geometry": { "type": "Point", "coordinates": [ 37.5854573, 55.7620051 ] } },
{ "type": "Feature", "properties": { "osm_id": "6497042930", "other_tags": "\"amenity\"=>\"clock\",\"check_date\"=>\"2025-05-17\",\"date\"=>\"no\",\"display\"=>\"analog\",\"faces\"=>\"2\",\"support\"=>\"lamppost\",\"visibility\"=>\"street\"" }, "geometry": { "type": "Point", "coordinates": [ 37.5848741, 55.7598071 ] } },
{ "type": "Feature", "properties": { "osm_id": "6497714850", "other_tags": "\"amenity\"=>\"smoking_area\",\"bin\"=>\"yes\",\"shelter\"=>\"yes\"" }, "geometry": { "type": "Point", "coordinates": [ 37.5842346, 55.7622501 ] } },
{ "type": "Feature", "properties": { "osm_id": "6497757316", "other_tags": "\"amenity\"=>\"bench\",\"backrest\"=>\"no\",\"material\"=>\"wood;metal\"" }, "geometry": { "type": "Point", "coordinates": [ 37.5855388, 55.7621252 ] } },
{ "type": "Feature", "properties": { "osm_id": "6507754764", "other_tags": "\"information\"=>\"guidepost\",\"tourism\"=>\"information\"" }, "geometry": { "type": "Point", "coordinates": [ 37.5811493, 55.7601911 ] } },
{ "type": "Feature", "properties": { "osm_id": "6524040851", "other_tags": "\"leaf_type\"=>\"needleleaved\",\"natural\"=>\"tree\"" }, "geometry": { "type": "Point", "coordinates": [ 37.5857238, 55.7621873 ] } },
{ "type": "Feature", "properties": { "osm_id": "6524040852", "other_tags": "\"leaf_type\"=>\"needleleaved\",\"natural\"=>\"tree\"" }, "geometry": { "type": "Point", "coordinates": [ 37.5856789, 55.762199 ] } },
{ "type": "Feature", "properties": { "osm_id": "6524040853", "other_tags": "\"leaf_type\"=>\"needleleaved\",\"natural\"=>\"tree\"" }, "geometry": { "type": "Point", "coordinates": [ 37.5856306, 55.7620382 ] } },
{ "type": "Feature", "properties": { "osm_id": "6524040854", "other_tags": "\"leaf_type\"=>\"needleleaved\",\"natural\"=>\"tree\"" }, "geometry": { "type": "Point", "coordinates": [ 37.5855341, 55.7620684 ] } },
{ "type": "Feature", "properties": { "osm_id": "6524311835", "other_tags": "\"leaf_type\"=>\"needleleaved\",\"natural\"=>\"tree\"" }, "geometry": { "type": "Point", "coordinates": [ 37.5854664, 55.7620696 ] } },
{ "type": "Feature", "properties": { "osm_id": "6524311836", "other_tags": "\"leaf_type\"=>\"needleleaved\",\"natural\"=>\"tree\"" }, "geometry": { "type": "Point", "coordinates": [ 37.5854067, 55.7619937 ] } },
{ "type": "Feature", "properties": { "osm_id": "6524311837", "other_tags": "\"leaf_type\"=>\"needleleaved\",\"natural\"=>\"tree\"" }, "geometry": { "type": "Point", "coordinates": [ 37.5856005, 55.7619564 ] } },
{ "type": "Feature", "properties": { "osm_id": "6524311838", "other_tags": "\"leaf_type\"=>\"needleleaved\",\"natural\"=>\"tree\"" }, "geometry": { "type": "Point", "coordinates": [ 37.5856253, 55.7619933 ] } },
{ "type": "Feature", "properties": { "osm_id": "6531694104", "other_tags": "\"surface\"=>\"asphalt\",\"traffic_calming\"=>\"island\"" }, "geometry": { "type": "Point", "coordinates": [ 37.5785274, 55.7643775 ] } },
{ "type": "Feature", "properties": { "osm_id": "6619166190", "name": "Кино", "other_tags": "\"tourism\"=>\"hostel\"" }, "geometry": { "type": "Point", "coordinates": [ 37.5815614, 55.7665268 ] } },
{ "type": "Feature", "properties": { "osm_id": "6630662216", "other_tags": "\"information\"=>\"map\",\"map_size\"=>\"local\",\"map_type\"=>\"street\",\"tourism\"=>\"information\"" }, "geometry": { "type": "Point", "coordinates": [ 37.5815703, 55.7608727 ] } },
{ "type": "Feature", "properties": { "osm_id": "6637428000", "other_tags": "\"information\"=>\"map\",\"map_size\"=>\"local\",\"map_type\"=>\"street\",\"tourism\"=>\"information\"" }, "geometry": { "type": "Point", "coordinates": [ 37.585309, 55.7605107 ] } },
{ "type": "Feature", "properties": { "osm_id": "6642648296", "other_tags": "\"amenity\"=>\"clock\",\"check_date\"=>\"2023-11-16\",\"date\"=>\"no\",\"display\"=>\"analog\",\"faces\"=>\"2\",\"support\"=>\"pole\",\"visibility\"=>\"street\"" }, "geometry": { "type": "Point", "coordinates": [ 37.5814872, 55.7597926 ] } },
{ "type": "Feature", "properties": { "osm_id": "6645887671", "other_tags": "\"access\"=>\"private\",\"amenity\"=>\"atm\",\"brand\"=>\"ВТБ\",\"contact:phone\"=>\"+7 800 1002424\",\"contact:website\"=>\"https://www.vtb.ru/\",\"description\"=>\"Доступ открыт для учащихся, сотрудников и гостей Университета\",\"drive_through\"=>\"no\",\"indoor\"=>\"yes\",\"level\"=>\"1\",\"operator\"=>\"Банк ВТБ (ПАО)\"" }, "geometry": { "type": "Point", "coordinates": [ 37.5854656, 55.762316 ] } },
{ "type": "Feature", "properties": { "osm_id": "6646365237", "other_tags": "\"access\"=>\"private\",\"amenity\"=>\"atm\",\"brand\"=>\"Сбербанк\",\"contact:phone\"=>\"+7 800 5555550\",\"contact:website\"=>\"https://www.sberbank.ru/\",\"description\"=>\"Доступ открыт для учащихся, сотрудников и гостей Университета\",\"drive_through\"=>\"no\",\"indoor\"=>\"yes\",\"level\"=>\"1\",\"operator\"=>\"ПАО Сбербанк\"" }, "geometry": { "type": "Point", "coordinates": [ 37.5856058, 55.7624721 ] } },
{ "type": "Feature", "properties": { "osm_id": "6649305641", "other_tags": "\"historic\"=>\"memorial\",\"inscription\"=>\"Здесь проходили бои рабочих дружин в декабре 1905 года\",\"memorial\"=>\"plaque\",\"memorial:conflict\"=>\"Russian_Revolution_of_1905\"" }, "geometry": { "type": "Point", "coordinates": [ 37.5838856, 55.7593235 ] } },
{ "type": "Feature", "properties": { "osm_id": "6649311039", "other_tags": "\"description\"=>\"Информационный стенд МГЮА\",\"information\"=>\"board\",\"tourism\"=>\"information\"" }, "geometry": { "type": "Point", "coordinates": [ 37.5861175, 55.761832 ] } },
{ "type": "Feature", "properties": { "osm_id": "6659050683", "other_tags": "\"access\"=>\"private\",\"amenity\"=>\"toilets\",\"indoor\"=>\"yes\",\"level\"=>\"2\"" }, "geometry": { "type": "Point", "coordinates": [ 37.5850595, 55.761981 ] } },
{ "type": "Feature", "properties": { "osm_id": "6659050684", "other_tags": "\"access\"=>\"private\",\"amenity\"=>\"toilets\",\"indoor\"=>\"yes\",\"level\"=>\"2\",\"male\"=>\"yes\"" }, "geometry": { "type": "Point", "coordinates": [ 37.5850898, 55.7620148 ] } },
{ "type": "Feature", "properties": { "osm_id": "6659076785", "other_tags": "\"access\"=>\"private\",\"amenity\"=>\"toilets\",\"female\"=>\"yes\",\"indoor\"=>\"yes\",\"level\"=>\"1\"" }, "geometry": { "type": "Point", "coordinates": [ 37.5856931, 55.7618188 ] } },
{ "type": "Feature", "properties": { "osm_id": "6691735802", "ref": "1", "other_tags": "\"layer\"=>\"-3\",\"railway\"=>\"switch\"" }, "geometry": { "type": "Point", "coordinates": [ 37.5669257, 55.7651224 ] } },
{ "type": "Feature", "properties": { "osm_id": "6721869933", "other_tags": "\"leaf_cycle\"=>\"deciduous\",\"leaf_type\"=>\"broadleaved\",\"natural\"=>\"tree\"" }, "geometry": { "type": "Point", "coordinates": [ 37.5867104, 55.7624664 ] } },
{ "type": "Feature", "properties": { "osm_id": "6721869934", "other_tags": "\"leaf_cycle\"=>\"deciduous\",\"leaf_type\"=>\"broadleaved\",\"natural\"=>\"tree\"" }, "geometry": { "type": "Point", "coordinates": [ 37.5866571, 55.7623989 ] } },
{ "type": "Feature", "properties": { "osm_id": "6721869935", "other_tags": "\"leaf_cycle\"=>\"deciduous\",\"leaf_type\"=>\"broadleaved\",\"natural\"=>\"tree\"" }, "geometry": { "type": "Point", "coordinates": [ 37.5866841, 55.7624338 ] } },
{ "type": "Feature", "properties": { "osm_id": "6721869936", "other_tags": "\"amenity\"=>\"bench\",\"backrest\"=>\"yes\",\"material\"=>\"wood\"" }, "geometry": { "type": "Point", "coordinates": [ 37.586495, 55.7623748 ] } },
{ "type": "Feature", "properties": { "osm_id": "6721869952", "other_tags": "\"leaf_cycle\"=>\"deciduous\",\"leaf_type\"=>\"broadleaved\",\"natural\"=>\"tree\"" }, "geometry": { "type": "Point", "coordinates": [ 37.5864999, 55.7621957 ] } },
{ "type": "Feature", "properties": { "osm_id": "6721869953", "other_tags": "\"leaf_cycle\"=>\"deciduous\",\"leaf_type\"=>\"broadleaved\",\"natural\"=>\"tree\"" }, "geometry": { "type": "Point", "coordinates": [ 37.5864747, 55.7621629 ] } },
{ "type": "Feature", "properties": { "osm_id": "6721869954", "other_tags": "\"leaf_cycle\"=>\"deciduous\",\"leaf_type\"=>\"broadleaved\",\"natural\"=>\"tree\"" }, "geometry": { "type": "Point", "coordinates": [ 37.5864488, 55.7621278 ] } },
{ "type": "Feature", "properties": { "osm_id": "6721869955", "name": "О. Е. Кутафину", "other_tags": "\"historic\"=>\"memorial\",\"memorial\"=>\"plaque\",\"memorial:subject\"=>\"Олег Емельянович Кутафин\"" }, "geometry": { "type": "Point", "coordinates": [ 37.5862205, 55.7619509 ] } },
{ "type": "Feature", "properties": { "osm_id": "6721869971", "other_tags": "\"leaf_cycle\"=>\"deciduous\",\"leaf_type\"=>\"broadleaved\",\"natural\"=>\"tree\"" }, "geometry": { "type": "Point", "coordinates": [ 37.586196, 55.7617815 ] } },
{ "type": "Feature", "properties": { "osm_id": "6721869972", "other_tags": "\"leaf_cycle\"=>\"deciduous\",\"leaf_type\"=>\"broadleaved\",\"natural\"=>\"tree\"" }, "geometry": { "type": "Point", "coordinates": [ 37.5862219, 55.7618181 ] } },
{ "type": "Feature", "properties": { "osm_id": "6721869973", "other_tags": "\"leaf_cycle\"=>\"deciduous\",\"leaf_type\"=>\"broadleaved\",\"natural\"=>\"tree\"" }, "geometry": { "type": "Point", "coordinates": [ 37.5861702, 55.7617464 ] } },
{ "type": "Feature", "properties": { "osm_id": "6721878487", "other_tags": "\"access\"=>\"private\",\"description\"=>\"Проходная, бюро пропусков\",\"entrance\"=>\"yes\"" }, "geometry": { "type": "Point", "coordinates": [ 37.5859571, 55.7616938 ] } },
{ "type": "Feature", "properties": { "osm_id": "6721878506", "other_tags": "\"leaf_cycle\"=>\"deciduous\",\"leaf_type\"=>\"broadleaved\",\"natural\"=>\"tree\"" }, "geometry": { "type": "Point", "coordinates": [ 37.5859804, 55.7614745 ] } },
{ "type": "Feature", "properties": { "osm_id": "6721878507", "other_tags": "\"leaf_cycle\"=>\"deciduous\",\"leaf_type\"=>\"broadleaved\",\"natural\"=>\"tree\"" }, "geometry": { "type": "Point", "coordinates": [ 37.5858954, 55.7613539 ] } },
{ "type": "Feature", "properties": { "osm_id": "6721878508", "other_tags": "\"leaf_cycle\"=>\"deciduous\",\"leaf_type\"=>\"broadleaved\",\"natural\"=>\"tree\"" }, "geometry": { "type": "Point", "coordinates": [ 37.5859521, 55.7614343 ] } },
{ "type": "Feature", "properties": { "osm_id": "6721878509", "other_tags": "\"leaf_cycle\"=>\"deciduous\",\"leaf_type\"=>\"broadleaved\",\"natural\"=>\"tree\"" }, "geometry": { "type": "Point", "coordinates": [ 37.5860088, 55.7615148 ] } },
{ "type": "Feature", "properties": { "osm_id": "6721878510", "other_tags": "\"leaf_cycle\"=>\"deciduous\",\"leaf_type\"=>\"broadleaved\",\"natural\"=>\"tree\"" }, "geometry": { "type": "Point", "coordinates": [ 37.5859238, 55.7613941 ] } },
{ "type": "Feature", "properties": { "osm_id": "6721878526", "other_tags": "\"leaf_cycle\"=>\"deciduous\",\"leaf_type\"=>\"broadleaved\",\"natural\"=>\"tree\"" }, "geometry": { "type": "Point", "coordinates": [ 37.5856838, 55.7610592 ] } },
{ "type": "Feature", "properties": { "osm_id": "6721878527", "other_tags": "\"leaf_cycle\"=>\"deciduous\",\"leaf_type\"=>\"broadleaved\",\"natural\"=>\"tree\"" }, "geometry": { "type": "Point", "coordinates": [ 37.5857703, 55.7611795 ] } },
{ "type": "Feature", "properties": { "osm_id": "6721878528", "other_tags": "\"leaf_cycle\"=>\"deciduous\",\"leaf_type\"=>\"broadleaved\",\"natural\"=>\"tree\"" }, "geometry": { "type": "Point", "coordinates": [ 37.5857992, 55.7612197 ] } },
{ "type": "Feature", "properties": { "osm_id": "6721878529", "other_tags": "\"leaf_cycle\"=>\"deciduous\",\"leaf_type\"=>\"broadleaved\",\"natural\"=>\"tree\"" }, "geometry": { "type": "Point", "coordinates": [ 37.5857415, 55.7611394 ] } },
{ "type": "Feature", "properties": { "osm_id": "6721878530", "other_tags": "\"leaf_cycle\"=>\"deciduous\",\"leaf_type\"=>\"broadleaved\",\"natural\"=>\"tree\"" }, "geometry": { "type": "Point", "coordinates": [ 37.5857127, 55.7610993 ] } },
{ "type": "Feature", "properties": { "osm_id": "6721878549", "other_tags": "\"advertising\"=>\"column\",\"lit\"=>\"yes\"" }, "geometry": { "type": "Point", "coordinates": [ 37.585528, 55.7608366 ] } },
{ "type": "Feature", "properties": { "osm_id": "6721878565", "other_tags": "\"leaf_cycle\"=>\"deciduous\",\"leaf_type\"=>\"broadleaved\",\"natural\"=>\"tree\"" }, "geometry": { "type": "Point", "coordinates": [ 37.5854145, 55.7607069 ] } },
{ "type": "Feature", "properties": { "osm_id": "6721878566", "other_tags": "\"leaf_cycle\"=>\"deciduous\",\"leaf_type\"=>\"broadleaved\",\"natural\"=>\"tree\"" }, "geometry": { "type": "Point", "coordinates": [ 37.5854367, 55.7607361 ] } },
{ "type": "Feature", "properties": { "osm_id": "6721878567", "other_tags": "\"leaf_cycle\"=>\"deciduous\",\"leaf_type\"=>\"broadleaved\",\"natural\"=>\"tree\"" }, "geometry": { "type": "Point", "coordinates": [ 37.5853195, 55.7605769 ] } },
{ "type": "Feature", "properties": { "osm_id": "6721878568", "other_tags": "\"leaf_cycle\"=>\"deciduous\",\"leaf_type\"=>\"broadleaved\",\"natural\"=>\"tree\"" }, "geometry": { "type": "Point", "coordinates": [ 37.5853931, 55.7606768 ] } },
{ "type": "Feature", "properties": { "osm_id": "6721878569", "other_tags": "\"leaf_cycle\"=>\"deciduous\",\"leaf_type\"=>\"broadleaved\",\"natural\"=>\"tree\"" }, "geometry": { "type": "Point", "coordinates": [ 37.5853443, 55.7606106 ] } },
{ "type": "Feature", "properties": { "osm_id": "6721878570", "other_tags": "\"leaf_cycle\"=>\"deciduous\",\"leaf_type\"=>\"broadleaved\",\"natural\"=>\"tree\"" }, "geometry": { "type": "Point", "coordinates": [ 37.5853677, 55.7606423 ] } },
{ "type": "Feature", "properties": { "osm_id": "6721878575", "barrier": "gate", "other_tags": "\"access\"=>\"private\"" }, "geometry": { "type": "Point", "coordinates": [ 37.5851012, 55.7604711 ] } },
{ "type": "Feature", "properties": { "osm_id": "6721893726", "other_tags": "\"amenity\"=>\"vending_machine\",\"level\"=>\"1\",\"payment:notes\"=>\"yes\",\"vending\"=>\"elongated_coin\"" }, "geometry": { "type": "Point", "coordinates": [ 37.5833869, 55.7622385 ] } },
{ "type": "Feature", "properties": { "osm_id": "6721893727", "other_tags": "\"amenity\"=>\"vending_machine\",\"payment:notes\"=>\"yes\",\"vending\"=>\"elongated_coin\"" }, "geometry": { "type": "Point", "coordinates": [ 37.5814575, 55.762976 ] } },
{ "type": "Feature", "properties": { "osm_id": "6721893728", "other_tags": "\"amenity\"=>\"vending_machine\",\"payment:notes\"=>\"yes\",\"vending\"=>\"elongated_coin\"" }, "geometry": { "type": "Point", "coordinates": [ 37.5751727, 55.7619635 ] } },
{ "type": "Feature", "properties": { "osm_id": "6721893729", "name": "Московский зоопарк", "other_tags": "\"check_date\"=>\"2025-12-20\",\"opening_hours\"=>\"07:30-21:00\",\"operator\"=>\"ГАУ \\\"Московский зоопарк\\\"\",\"payment:cash\"=>\"yes\",\"payment:maestro\"=>\"yes\",\"payment:mastercard\"=>\"yes\",\"payment:visa\"=>\"yes\",\"payment:visa_electron\"=>\"yes\",\"shop\"=>\"ticket\",\"wheelchair\"=>\"yes\"" }, "geometry": { "type": "Point", "coordinates": [ 37.5783814, 55.7611178 ] } },
{ "type": "Feature", "properties": { "osm_id": "6724056151", "ref": "1", "other_tags": "\"entrance\"=>\"main\"" }, "geometry": { "type": "Point", "coordinates": [ 37.5872376, 55.763351 ] } },
{ "type": "Feature", "properties": { "osm_id": "6724056159", "barrier": "lift_gate", "other_tags": "\"access\"=>\"private\"" }, "geometry": { "type": "Point", "coordinates": [ 37.5861626, 55.7626896 ] } },
{ "type": "Feature", "properties": { "osm_id": "6724056199", "name": "Федеральная антимонопольная служба", "other_tags": "\"contact:phone\"=>\"+7 499 7552323\",\"contact:website\"=>\"https://fas.gov.ru\",\"office\"=>\"government\",\"wikidata\"=>\"Q4481662\",\"wikipedia\"=>\"ru:Федеральная антимонопольная служба\"" }, "geometry": { "type": "Point", "coordinates": [ 37.5868598, 55.763593 ] } },
{ "type": "Feature", "properties": { "osm_id": "6724056200", "name": "ФГУП «ЦНИИ «Центр»", "other_tags": "\"amenity\"=>\"research_institute\",\"office\"=>\"research\",\"research\"=>\"military\",\"website\"=>\"https://cniicentr.ru/\"" }, "geometry": { "type": "Point", "coordinates": [ 37.5855535, 55.7629984 ] } },
{ "type": "Feature", "properties": { "osm_id": "6832956557", "man_made": "mast", "other_tags": "\"communication:mobile_phone\"=>\"yes\",\"tower:type\"=>\"communication\"" }, "geometry": { "type": "Point", "coordinates": [ 37.5861065, 55.7616586 ] } },
{ "type": "Feature", "properties": { "osm_id": "6852145248", "other_tags": "\"amenity\"=>\"bench\",\"backrest\"=>\"yes\"" }, "geometry": { "type": "Point", "coordinates": [ 37.5852107, 55.7615358 ] } },
{ "type": "Feature", "properties": { "osm_id": "6927335930", "other_tags": "\"amenity\"=>\"bench\",\"backrest\"=>\"yes\"" }, "geometry": { "type": "Point", "coordinates": [ 37.5852347, 55.761438 ] } },
{ "type": "Feature", "properties": { "osm_id": "6934077188", "other_tags": "\"amenity\"=>\"toilets\",\"check_date\"=>\"2025-12-20\",\"fee\"=>\"yes\",\"survey:date\"=>\"2022-03-13\",\"toilets:disposal\"=>\"flush\",\"unisex\"=>\"yes\",\"wheelchair\"=>\"yes\"" }, "geometry": { "type": "Point", "coordinates": [ 37.5815149, 55.7604535 ] } },
{ "type": "Feature", "properties": { "osm_id": "6937152866", "name": "Пушкинская", "other_tags": "\"public_transport\"=>\"stop_position\",\"railway\"=>\"stop\",\"subway\"=>\"yes\"" }, "geometry": { "type": "Point", "coordinates": [ 37.6073946, 55.765343 ] } },
{ "type": "Feature", "properties": { "osm_id": "6937152867", "name": "Пушкинская", "other_tags": "\"public_transport\"=>\"stop_position\",\"railway\"=>\"stop\",\"subway\"=>\"yes\"" }, "geometry": { "type": "Point", "coordinates": [ 37.607462, 55.76551 ] } },
{ "type": "Feature", "properties": { "osm_id": "6937381515", "name": "Краснопресненская", "other_tags": "\"public_transport\"=>\"stop_position\",\"railway\"=>\"stop\",\"subway\"=>\"yes\"" }, "geometry": { "type": "Point", "coordinates": [ 37.5775083, 55.7611801 ] } },
{ "type": "Feature", "properties": { "osm_id": "6937381516", "name": "Краснопресненская", "other_tags": "\"public_transport\"=>\"stop_position\",\"railway\"=>\"stop\",\"subway\"=>\"yes\"" }, "geometry": { "type": "Point", "coordinates": [ 37.5771167, 55.7611984 ] } },
{ "type": "Feature", "properties": { "osm_id": "6939553014", "name": "Баррикадная", "other_tags": "\"public_transport\"=>\"stop_position\",\"railway\"=>\"stop\",\"subway\"=>\"yes\"" }, "geometry": { "type": "Point", "coordinates": [ 37.5792463, 55.7610277 ] } },
{ "type": "Feature", "properties": { "osm_id": "6939553015", "name": "Баррикадная", "other_tags": "\"public_transport\"=>\"stop_position\",\"railway\"=>\"stop\",\"subway\"=>\"yes\"" }, "geometry": { "type": "Point", "coordinates": [ 37.5793594, 55.761237 ] } },
{ "type": "Feature", "properties": { "osm_id": "6950992569", "other_tags": "\"amenity\"=>\"bench\",\"backrest\"=>\"yes\",\"material\"=>\"wood\",\"survey:date\"=>\"2022-03-13\"" }, "geometry": { "type": "Point", "coordinates": [ 37.5808435, 55.7604498 ] } },
{ "type": "Feature", "properties": { "osm_id": "6950992570", "other_tags": "\"amenity\"=>\"bench\",\"backrest\"=>\"yes\",\"material\"=>\"wood\",\"survey:date\"=>\"2022-03-13\"" }, "geometry": { "type": "Point", "coordinates": [ 37.5808536, 55.7604691 ] } },
{ "type": "Feature", "properties": { "osm_id": "6956773828", "other_tags": "\"amenity\"=>\"clock\",\"date\"=>\"no\",\"display\"=>\"digital\",\"faces\"=>\"1\",\"support\"=>\"wall\",\"visibility\"=>\"street\"" }, "geometry": { "type": "Point", "coordinates": [ 37.5814014, 55.760631 ] } },
{ "type": "Feature", "properties": { "osm_id": "7036853119", "name": "Представительство Калининградской области при Правительстве РФ", "other_tags": "\"contact:website\"=>\"https://msk.gov39.ru/\",\"office\"=>\"government\"" }, "geometry": { "type": "Point", "coordinates": [ 37.5734299, 55.760196 ] } },
{ "type": "Feature", "properties": { "osm_id": "7036853120", "barrier": "lift_gate", "other_tags": "\"bicycle\"=>\"yes\",\"foot\"=>\"yes\",\"motor_vehicle\"=>\"private\"" }, "geometry": { "type": "Point", "coordinates": [ 37.573896, 55.7596393 ] } },
{ "type": "Feature", "properties": { "osm_id": "7036853137", "barrier": "lift_gate", "other_tags": "\"bicycle\"=>\"yes\",\"foot\"=>\"yes\",\"motor_vehicle\"=>\"private\"" }, "geometry": { "type": "Point", "coordinates": [ 37.5736093, 55.7595965 ] } },
{ "type": "Feature", "properties": { "osm_id": "7036853142", "name": "Beauty Style", "other_tags": "\"contact:phone\"=>\"+7 495 6058567\",\"contact:website\"=>\"https://bs-salon.ru/\",\"opening_hours\"=>\"Mo-Sa 10:00-21:00; Su 10:00-20:00\",\"shop\"=>\"beauty\"" }, "geometry": { "type": "Point", "coordinates": [ 37.5736231, 55.7602277 ] } },
{ "type": "Feature", "properties": { "osm_id": "7036853149", "other_tags": "\"opening_hours\"=>\"Mo-Fr 10:00-20:00; Sa,Su 11:00-19:00\",\"shop\"=>\"tobacco\"" }, "geometry": { "type": "Point", "coordinates": [ 37.5739094, 55.7610143 ] } },
{ "type": "Feature", "properties": { "osm_id": "7036853150", "name": "Печатная лавка", "other_tags": "\"contact:website\"=>\"https://lavkaprint.ru/\",\"level\"=>\"-1\",\"shop\"=>\"copyshop\",\"wheelchair\"=>\"no\"" }, "geometry": { "type": "Point", "coordinates": [ 37.5739489, 55.7610041 ] } },
{ "type": "Feature", "properties": { "osm_id": "7036853153", "name": "Pure passion", "other_tags": "\"clothes\"=>\"dance\",\"contact:website\"=>\"https://purepassion.ru/\",\"opening_hours\"=>\"Mo-Su 10:00-21:00\",\"shop\"=>\"clothes\"" }, "geometry": { "type": "Point", "coordinates": [ 37.5730035, 55.760737 ] } },
{ "type": "Feature", "properties": { "osm_id": "7036853154", "ref": "5", "other_tags": "\"addr:flats\"=>\"61-72\",\"entrance\"=>\"staircase\"" }, "geometry": { "type": "Point", "coordinates": [ 37.5732936, 55.7610013 ] } },
{ "type": "Feature", "properties": { "osm_id": "7036853155", "name": "Wildberries", "other_tags": "\"brand\"=>\"Wildberries\",\"brand:wikidata\"=>\"Q24933714\",\"brand:wikipedia\"=>\"ru:Wildberries\",\"contact:email\"=>\"sales@wildberries.ru\",\"contact:facebook\"=>\"https://www.facebook.com/wbbot\",\"contact:instagram\"=>\"https://www.instagram.com/wildberriesru\",\"contact:odnoklassniki\"=>\"http://www.odnoklassniki.ru/wildberries\",\"contact:ok\"=>\"https://ok.ru/wildberries\",\"contact:phone\"=>\"+7 800 1007505\",\"contact:telegram\"=>\"wbshop_bot\",\"contact:twitter\"=>\"https://twitter.com/wildberries_ru\",\"contact:viber\"=>\"wildberries\",\"contact:vk\"=>\"https://vk.com/wbbot\",\"contact:website\"=>\"https://www.wildberries.ru\",\"contact:whatsapp\"=>\"+7 926 5373137\",\"contact:youtube\"=>\"https://www.youtube.com/user/Wildberriesshop\",\"name:en\"=>\"Wildberries\",\"name:ru\"=>\"Вайлдберриз\",\"shop\"=>\"outpost\",\"wheelchair\"=>\"no\"" }, "geometry": { "type": "Point", "coordinates": [ 37.573674, 55.7605536 ] } },
{ "type": "Feature", "properties": { "osm_id": "7036853156", "barrier": "lift_gate", "other_tags": "\"bicycle\"=>\"yes\",\"foot\"=>\"yes\",\"motor_vehicle\"=>\"private\"" }, "geometry": { "type": "Point", "coordinates": [ 37.5729794, 55.7611929 ] } },
{ "type": "Feature", "properties": { "osm_id": "7044984289", "name": "Кебаб-экспресс", "other_tags": "\"amenity\"=>\"fast_food\",\"check_date\"=>\"2026-04-25\",\"cuisine\"=>\"kebab\",\"takeaway\"=>\"yes\"" }, "geometry": { "type": "Point", "coordinates": [ 37.5747107, 55.7613403 ] } },
{ "type": "Feature", "properties": { "osm_id": "7044984290", "other_tags": "\"information\"=>\"guidepost\",\"tourism\"=>\"information\"" }, "geometry": { "type": "Point", "coordinates": [ 37.574295, 55.7613399 ] } },
{ "type": "Feature", "properties": { "osm_id": "7044984295", "name": "Semenov", "other_tags": "\"amenity\"=>\"nightclub\",\"check_date\"=>\"2026-04-25\",\"check_date:opening_hours\"=>\"2026-04-16\",\"contact:phone\"=>\"+7 495 1500466\",\"contact:website\"=>\"https://karaoke-semenov.ru/\",\"karaoke\"=>\"yes\",\"opening_hours\"=>\"Mo-Su 00:00-06:00,18:00-24:00\",\"wheelchair\"=>\"no\"" }, "geometry": { "type": "Point", "coordinates": [ 37.5741407, 55.7614538 ] } },
{ "type": "Feature", "properties": { "osm_id": "7044984299", "barrier": "lift_gate", "other_tags": "\"bicycle\"=>\"yes\",\"foot\"=>\"yes\",\"motor_vehicle\"=>\"private\"" }, "geometry": { "type": "Point", "coordinates": [ 37.5740987, 55.7618933 ] } },
{ "type": "Feature", "properties": { "osm_id": "7044984314", "other_tags": "\"entrance\"=>\"staircase\"" }, "geometry": { "type": "Point", "coordinates": [ 37.574102, 55.7623345 ] } },
{ "type": "Feature", "properties": { "osm_id": "7044984318", "barrier": "gate" }, "geometry": { "type": "Point", "coordinates": [ 37.5741305, 55.7631659 ] } },
{ "type": "Feature", "properties": { "osm_id": "7044984325", "ref": "1", "other_tags": "\"addr:flats\"=>\"1-72\",\"entrance\"=>\"staircase\"" }, "geometry": { "type": "Point", "coordinates": [ 37.5739697, 55.7633831 ] } },
{ "type": "Feature", "properties": { "osm_id": "7044984326", "barrier": "lift_gate", "other_tags": "\"bicycle\"=>\"yes\",\"foot\"=>\"yes\",\"motor_vehicle\"=>\"private\"" }, "geometry": { "type": "Point", "coordinates": [ 37.5740668, 55.7635396 ] } },
{ "type": "Feature", "properties": { "osm_id": "7044984332", "other_tags": "\"amenity\"=>\"charging_station\"" }, "geometry": { "type": "Point", "coordinates": [ 37.5741126, 55.7635994 ] } },
{ "type": "Feature", "properties": { "osm_id": "7044984333", "other_tags": "\"amenity\"=>\"charging_station\",\"capacity\"=>\"2\",\"operator\"=>\"Энергия Москвы\"" }, "geometry": { "type": "Point", "coordinates": [ 37.5741059, 55.7636567 ] } },
{ "type": "Feature", "properties": { "osm_id": "7044984334", "barrier": "gate", "other_tags": "\"access\"=>\"private\"" }, "geometry": { "type": "Point", "coordinates": [ 37.5740202, 55.763928 ] } },
{ "type": "Feature", "properties": { "osm_id": "7044984335", "other_tags": "\"amenity\"=>\"waste_disposal\"" }, "geometry": { "type": "Point", "coordinates": [ 37.5739114, 55.7640355 ] } },
{ "type": "Feature", "properties": { "osm_id": "7044984342", "barrier": "gate" }, "geometry": { "type": "Point", "coordinates": [ 37.5738823, 55.7640702 ] } },
{ "type": "Feature", "properties": { "osm_id": "7044984347", "man_made": "mast", "other_tags": "\"communication:mobile_phone\"=>\"yes\",\"tower:type\"=>\"communication\"" }, "geometry": { "type": "Point", "coordinates": [ 37.5740495, 55.7640321 ] } },
{ "type": "Feature", "properties": { "osm_id": "7044984369", "ref": "1", "other_tags": "\"addr:flats\"=>\"1-72\",\"entrance\"=>\"staircase\"" }, "geometry": { "type": "Point", "coordinates": [ 37.573858, 55.7642441 ] } },
{ "type": "Feature", "properties": { "osm_id": "7044984375", "barrier": "gate", "other_tags": "\"access\"=>\"private\"" }, "geometry": { "type": "Point", "coordinates": [ 37.5738227, 55.7644842 ] } },
{ "type": "Feature", "properties": { "osm_id": "7044987089", "barrier": "gate", "other_tags": "\"bicycle\"=>\"yes\",\"foot\"=>\"yes\",\"motorcar\"=>\"no\"" }, "geometry": { "type": "Point", "coordinates": [ 37.573873, 55.7649482 ] } },
{ "type": "Feature", "properties": { "osm_id": "7044987094", "name": "Здоровье", "other_tags": "\"amenity\"=>\"clinic\",\"contact:email\"=>\"info@medcentr.biz\",\"contact:phone\"=>\"+7 495 0214726\",\"contact:website\"=>\"https://medcentr.biz/\",\"health_facility:type\"=>\"clinic\",\"healthcare\"=>\"clinic\",\"medical_system:western\"=>\"yes\",\"name:uk\"=>\"Здоров'я\",\"opening_hours\"=>\"Mo-Sa 09:00-21:00;Su 09:00-19:00\"" }, "geometry": { "type": "Point", "coordinates": [ 37.5737357, 55.764899 ] } },
{ "type": "Feature", "properties": { "osm_id": "7044987141", "barrier": "gate", "other_tags": "\"access\"=>\"private\"" }, "geometry": { "type": "Point", "coordinates": [ 37.5720457, 55.7642941 ] } },
{ "type": "Feature", "properties": { "osm_id": "7044987145", "highway": "crossing", "other_tags": "\"crossing\"=>\"uncontrolled\",\"crossing:island\"=>\"no\",\"tactile_paving\"=>\"no\"" }, "geometry": { "type": "Point", "coordinates": [ 37.5718958, 55.7642812 ] } },
{ "type": "Feature", "properties": { "osm_id": "7053788353", "other_tags": "\"check_date\"=>\"2024-04-22\",\"information\"=>\"map\",\"map_type\"=>\"street;scheme\",\"tourism\"=>\"information\"" }, "geometry": { "type": "Point", "coordinates": [ 37.5811869, 55.7605296 ] } },
{ "type": "Feature", "properties": { "osm_id": "7053805603", "other_tags": "\"information\"=>\"map\",\"map_size\"=>\"local\",\"map_type\"=>\"street\",\"tourism\"=>\"information\"" }, "geometry": { "type": "Point", "coordinates": [ 37.5811922, 55.7601675 ] } },
{ "type": "Feature", "properties": { "osm_id": "7188767348", "name": "Клазко", "other_tags": "\"amenity\"=>\"clinic\",\"check_date\"=>\"2026-04-25\",\"contact:phone\"=>\"+7 495 9593225\",\"contact:website\"=>\"https://www.klasko.ru/\",\"health_facility:type\"=>\"clinic\",\"healthcare\"=>\"clinic\",\"medical_system:western\"=>\"yes\",\"name:uk\"=>\"Клазко\"" }, "geometry": { "type": "Point", "coordinates": [ 37.5722498, 55.7649737 ] } },
{ "type": "Feature", "properties": { "osm_id": "7745024883", "name": "Cofix", "other_tags": "\"amenity\"=>\"cafe\",\"brand\"=>\"Cofix\",\"brand:en\"=>\"Cofix\",\"brand:he\"=>\"קפויקס\",\"brand:wikidata\"=>\"Q16132717\",\"brand:wikipedia\"=>\"he:קופיקס\",\"check_date\"=>\"2022-06-05\",\"contact:email\"=>\"sadovokudrinskaya1166@stores.cofix.ru\",\"contact:facebook\"=>\"https://www.facebook.com/cofixrussia\",\"contact:instagram\"=>\"https://www.instagram.com/cofixrussia\",\"contact:phone\"=>\"+7 800 3508418\",\"contact:vk\"=>\"https://vk.com/cofixrussia\",\"contact:website\"=>\"https://cofix.global\",\"cuisine\"=>\"coffee_shop\",\"delivery\"=>\"no\",\"name:en\"=>\"Cofix\",\"name:he\"=>\"קופיקס\",\"opening_hours\"=>\"Mo-Su 08:00-22:00\",\"takeaway\"=>\"yes\"" }, "geometry": { "type": "Point", "coordinates": [ 37.5856365, 55.7612323 ] } },
{ "type": "Feature", "properties": { "osm_id": "7764489746", "name": "Додо Пицца", "other_tags": "\"amenity\"=>\"fast_food\",\"brand\"=>\"Додо Пицца\",\"brand:en\"=>\"Dodo Pizza\",\"brand:ru\"=>\"Додо Пицца\",\"brand:wikidata\"=>\"Q61949318\",\"brand:wikipedia\"=>\"ru:Додо Пицца\",\"check_date\"=>\"2022-06-05\",\"contact:email\"=>\"feedback@dodopizza.com\",\"contact:facebook\"=>\"https://www.facebook.com/dodopizza/\",\"contact:instagram\"=>\"https://www.instagram.com/dodopizza\",\"contact:phone\"=>\"+7 800 3020060\",\"contact:vk\"=>\"https://vk.com/dodo\",\"contact:website\"=>\"https://dodopizza.ru\",\"cuisine\"=>\"pizza\",\"delivery\"=>\"yes\",\"diet:vegetarian\"=>\"yes\",\"drive_through\"=>\"no\",\"name:en\"=>\"Dodo Pizza\",\"name:ru\"=>\"Додо Пицца\",\"takeaway\"=>\"yes\"" }, "geometry": { "type": "Point", "coordinates": [ 37.5857011, 55.7613099 ] } },
{ "type": "Feature", "properties": { "osm_id": "7810650303", "name": "V hotel", "other_tags": "\"email\"=>\"contact@vhotels24.ru\",\"phone\"=>\"+7 495 1203888\",\"tourism\"=>\"hotel\",\"website\"=>\"https://vhotels24.ru\"" }, "geometry": { "type": "Point", "coordinates": [ 37.5857466, 55.7625879 ] } },
{ "type": "Feature", "properties": { "osm_id": "7853177846", "name": "Три обезьяны", "other_tags": "\"amenity\"=>\"nightclub\",\"contact:phone\"=>\"+7 929 5503330\",\"contact:website\"=>\"https://www.monkeysclub.info\",\"opening_hours\"=>\"Mo-Su 00:00-08:00,20:00-24:00; Tu-Fr 00:00-05:00,20:00-24:00\"" }, "geometry": { "type": "Point", "coordinates": [ 37.5798565, 55.7612743 ] } },
{ "type": "Feature", "properties": { "osm_id": "7903427564", "other_tags": "\"amenity\"=>\"bicycle_parking\",\"bicycle_parking\"=>\"stands\",\"capacity\"=>\"4\",\"covered\"=>\"no\",\"fee\"=>\"no\",\"opening_hours\"=>\"24/7\",\"supervised\"=>\"no\"" }, "geometry": { "type": "Point", "coordinates": [ 37.5804707, 55.7603593 ] } },
{ "type": "Feature", "properties": { "osm_id": "7932540880", "highway": "crossing", "other_tags": "\"crossing\"=>\"uncontrolled\"" }, "geometry": { "type": "Point", "coordinates": [ 37.5870439, 55.7599284 ] } },
{ "type": "Feature", "properties": { "osm_id": "7932540883", "other_tags": "\"information\"=>\"map\",\"luminous\"=>\"yes\",\"map_size\"=>\"local\",\"map_type\"=>\"street\",\"tourism\"=>\"information\"" }, "geometry": { "type": "Point", "coordinates": [ 37.5872004, 55.7600881 ] } },
{ "type": "Feature", "properties": { "osm_id": "7932562888", "other_tags": "\"traffic_calming\"=>\"bump\"" }, "geometry": { "type": "Point", "coordinates": [ 37.5876302, 55.7609245 ] } },
{ "type": "Feature", "properties": { "osm_id": "7947554473", "ref": "2", "other_tags": "\"addr:flats\"=>\"38-77\",\"entrance\"=>\"staircase\"" }, "geometry": { "type": "Point", "coordinates": [ 37.5735724, 55.7647731 ] } },
{ "type": "Feature", "properties": { "osm_id": "7947554474", "ref": "1", "other_tags": "\"addr:flats\"=>\"1-37\",\"entrance\"=>\"staircase\"" }, "geometry": { "type": "Point", "coordinates": [ 37.5734821, 55.7649552 ] } },
{ "type": "Feature", "properties": { "osm_id": "7966895492", "ref": "1", "other_tags": "\"addr:flats\"=>\"4-7\",\"entrance\"=>\"staircase\"" }, "geometry": { "type": "Point", "coordinates": [ 37.5868049, 55.7614733 ] } },
{ "type": "Feature", "properties": { "osm_id": "7968489294", "barrier": "lift_gate", "other_tags": "\"bicycle\"=>\"yes\",\"foot\"=>\"yes\",\"motor_vehicle\"=>\"private\"" }, "geometry": { "type": "Point", "coordinates": [ 37.5720428, 55.7641771 ] } },
{ "type": "Feature", "properties": { "osm_id": "7968489296", "barrier": "block", "other_tags": "\"bicycle\"=>\"yes\",\"foot\"=>\"yes\"" }, "geometry": { "type": "Point", "coordinates": [ 37.5721769, 55.764786 ] } },
{ "type": "Feature", "properties": { "osm_id": "7968489297", "barrier": "block", "other_tags": "\"bicycle\"=>\"yes\",\"foot\"=>\"yes\"" }, "geometry": { "type": "Point", "coordinates": [ 37.5726006, 55.7648614 ] } },
{ "type": "Feature", "properties": { "osm_id": "7968489302", "other_tags": "\"amenity\"=>\"waste_disposal\"" }, "geometry": { "type": "Point", "coordinates": [ 37.5741159, 55.7627679 ] } },
{ "type": "Feature", "properties": { "osm_id": "7968489313", "barrier": "gate", "other_tags": "\"access\"=>\"private\"" }, "geometry": { "type": "Point", "coordinates": [ 37.574488, 55.7620704 ] } },
{ "type": "Feature", "properties": { "osm_id": "7968489314", "other_tags": "\"amenity\"=>\"waste_disposal\"" }, "geometry": { "type": "Point", "coordinates": [ 37.5742011, 55.7619858 ] } },
{ "type": "Feature", "properties": { "osm_id": "7968489317", "highway": "traffic_signals" }, "geometry": { "type": "Point", "coordinates": [ 37.5747114, 55.7612263 ] } },
{ "type": "Feature", "properties": { "osm_id": "7968489318", "highway": "traffic_signals" }, "geometry": { "type": "Point", "coordinates": [ 37.5744102, 55.761154 ] } },
{ "type": "Feature", "properties": { "osm_id": "8109562171", "barrier": "kerb", "other_tags": "\"kerb\"=>\"flush\",\"tactile_paving\"=>\"no\"" }, "geometry": { "type": "Point", "coordinates": [ 37.5805664, 55.7687313 ] } },
{ "type": "Feature", "properties": { "osm_id": "8123372738", "barrier": "kerb", "other_tags": "\"kerb\"=>\"lowered\",\"tactile_paving\"=>\"no\"" }, "geometry": { "type": "Point", "coordinates": [ 37.5748999, 55.7674049 ] } },
{ "type": "Feature", "properties": { "osm_id": "8390901867", "highway": "crossing", "other_tags": "\"crossing\"=>\"uncontrolled\",\"crossing:island\"=>\"no\"" }, "geometry": { "type": "Point", "coordinates": [ 37.5759668, 55.7602109 ] } },
{ "type": "Feature", "properties": { "osm_id": "8481170609", "highway": "crossing", "other_tags": "\"crossing\"=>\"uncontrolled\"" }, "geometry": { "type": "Point", "coordinates": [ 37.5784655, 55.7644999 ] } },
{ "type": "Feature", "properties": { "osm_id": "8509324567", "name": "БКС Ультима", "other_tags": "\"check_date\"=>\"2026-05-01\",\"contact:email\"=>\"ifs@bcs.ru\",\"contact:phone\"=>\"+7 800 1001999\",\"contact:website\"=>\"https://bcs.ru\",\"drive_through\"=>\"no\",\"office\"=>\"financial_advisor\",\"opening_hours\"=>\"Mo-Fr 09:00-20:00\"" }, "geometry": { "type": "Point", "coordinates": [ 37.5783373, 55.759965 ] } },
{ "type": "Feature", "properties": { "osm_id": "8521191378", "name": "Офтальмологическая клиника доктора Яковлева", "other_tags": "\"amenity\"=>\"hospital\",\"contact:email\"=>\"83836@mail.ru\",\"contact:phone\"=>\"+7 495 7825560;+7 499 1167848;+7 965 4472067\",\"contact:website\"=>\"https://www.eye-clinic.ru/\",\"healthcare\"=>\"hospital\",\"name:uk\"=>\"Офтальмологічна клініка доктора Яковлєва\",\"opening_hours\"=>\"Mo,We-Th 10:00-18:00\",\"operator\"=>\"Яковлева В.Е.\"" }, "geometry": { "type": "Point", "coordinates": [ 37.582249, 55.765953 ] } },
{ "type": "Feature", "properties": { "osm_id": "8635426751", "name": "1618 Avenue", "other_tags": "\"contact:instagram\"=>\"https://instagram.com/1618_avenue\",\"contact:phone\"=>\"+7 916 2041532\",\"contact:website\"=>\"https://widget.sonline.su/\",\"opening_hours\"=>\"Mo-Su 10:00-21:00\",\"operator\"=>\"1618 AVENUE\",\"shop\"=>\"hairdresser\"" }, "geometry": { "type": "Point", "coordinates": [ 37.5790572, 55.7654988 ] } },
{ "type": "Feature", "properties": { "osm_id": "8635426758", "name": "Адвокатский кабинет Шутовой Н.В.", "other_tags": "\"contact:email\"=>\"info@uslugiadvokat.ru\",\"contact:phone\"=>\"+7 925 5074489;+7 926 3778751\",\"contact:website\"=>\"https://uslugiadvokat.ru/\",\"office\"=>\"lawyer\",\"opening_hours\"=>\"Mo-Fr 09:00-21:00;Sa-Su 10:00-20:00\",\"operator\"=>\"Адвокатский кабинет Шутовой Н.В.\"" }, "geometry": { "type": "Point", "coordinates": [ 37.5791135, 55.7640819 ] } },
{ "type": "Feature", "properties": { "osm_id": "8703081229", "ref": "4", "other_tags": "\"addr:flats\"=>\"97-128\",\"entrance\"=>\"staircase\"" }, "geometry": { "type": "Point", "coordinates": [ 37.5727383, 55.7610857 ] } },
{ "type": "Feature", "properties": { "osm_id": "8703081230", "ref": "3", "other_tags": "\"addr:flats\"=>\"65-96\",\"entrance\"=>\"staircase\"" }, "geometry": { "type": "Point", "coordinates": [ 37.5724613, 55.7611233 ] } },
{ "type": "Feature", "properties": { "osm_id": "8703081233", "ref": "2", "other_tags": "\"addr:flats\"=>\"32-64\",\"entrance\"=>\"staircase\"" }, "geometry": { "type": "Point", "coordinates": [ 37.5721524, 55.7611653 ] } },
{ "type": "Feature", "properties": { "osm_id": "8703081236", "ref": "1", "other_tags": "\"addr:flats\"=>\"1-32\",\"entrance\"=>\"staircase\"" }, "geometry": { "type": "Point", "coordinates": [ 37.5719017, 55.7611994 ] } },
{ "type": "Feature", "properties": { "osm_id": "8703081237", "ref": "7", "other_tags": "\"addr:flats\"=>\"87-100;127\",\"entrance\"=>\"staircase\"" }, "geometry": { "type": "Point", "coordinates": [ 37.5738222, 55.7609388 ] } },
{ "type": "Feature", "properties": { "osm_id": "8703081238", "ref": "6", "other_tags": "\"addr:flats\"=>\"73-68;126\",\"entrance\"=>\"staircase\"" }, "geometry": { "type": "Point", "coordinates": [ 37.5730359, 55.761028 ] } },
{ "type": "Feature", "properties": { "osm_id": "8703081239", "ref": "4", "other_tags": "\"addr:flats\"=>\"49-60\",\"entrance\"=>\"staircase\"" }, "geometry": { "type": "Point", "coordinates": [ 37.5735111, 55.7609724 ] } },
{ "type": "Feature", "properties": { "osm_id": "8703081240", "ref": "3", "other_tags": "\"addr:flats\"=>\"37-48\",\"entrance\"=>\"staircase\"" }, "geometry": { "type": "Point", "coordinates": [ 37.57365, 55.7608473 ] } },
{ "type": "Feature", "properties": { "osm_id": "8703081241", "ref": "2", "other_tags": "\"addr:flats\"=>\"19-32\",\"entrance\"=>\"staircase\"" }, "geometry": { "type": "Point", "coordinates": [ 37.573599, 55.7607253 ] } },
{ "type": "Feature", "properties": { "osm_id": "8703081242", "ref": "1", "other_tags": "\"addr:flats\"=>\"3-16\",\"entrance\"=>\"staircase\"" }, "geometry": { "type": "Point", "coordinates": [ 37.5735508, 55.7606101 ] } },
{ "type": "Feature", "properties": { "osm_id": "8703081243", "ref": "9", "other_tags": "\"addr:flats\"=>\"113-124\",\"entrance\"=>\"staircase\"" }, "geometry": { "type": "Point", "coordinates": [ 37.5728188, 55.7607253 ] } },
{ "type": "Feature", "properties": { "osm_id": "8703081244", "ref": "8", "other_tags": "\"addr:flats\"=>\"101-112\",\"entrance\"=>\"staircase\"" }, "geometry": { "type": "Point", "coordinates": [ 37.5728928, 55.7609023 ] } },
{ "type": "Feature", "properties": { "osm_id": "8703081245", "barrier": "block", "other_tags": "\"bicycle\"=>\"yes\",\"foot\"=>\"yes\"" }, "geometry": { "type": "Point", "coordinates": [ 37.5730494, 55.7605998 ] } },
{ "type": "Feature", "properties": { "osm_id": "8703081246", "other_tags": "\"amenity\"=>\"waste_disposal\",\"covered\"=>\"yes\"" }, "geometry": { "type": "Point", "coordinates": [ 37.5731621, 55.760435 ] } },
{ "type": "Feature", "properties": { "osm_id": "8703081247", "other_tags": "\"amenity\"=>\"waste_disposal\",\"covered\"=>\"yes\"" }, "geometry": { "type": "Point", "coordinates": [ 37.5731775, 55.760464 ] } },
{ "type": "Feature", "properties": { "osm_id": "8703081249", "barrier": "gate", "other_tags": "\"access\"=>\"yes\"" }, "geometry": { "type": "Point", "coordinates": [ 37.5729273, 55.7605436 ] } },
{ "type": "Feature", "properties": { "osm_id": "8703081254", "barrier": "gate", "other_tags": "\"bicycle\"=>\"yes\",\"foot\"=>\"yes\",\"motor_vehicle\"=>\"no\"" }, "geometry": { "type": "Point", "coordinates": [ 37.5727325, 55.7606855 ] } },
{ "type": "Feature", "properties": { "osm_id": "8703081266", "ref": "2", "other_tags": "\"addr:flats\"=>\"21-40\",\"entrance\"=>\"staircase\"" }, "geometry": { "type": "Point", "coordinates": [ 37.5719371, 55.7601548 ] } },
{ "type": "Feature", "properties": { "osm_id": "8703081267", "ref": "1", "other_tags": "\"addr:flats\"=>\"1-20\",\"entrance\"=>\"staircase\"" }, "geometry": { "type": "Point", "coordinates": [ 37.5721823, 55.7600898 ] } },
{ "type": "Feature", "properties": { "osm_id": "8703081268", "ref": "4", "other_tags": "\"addr:flats\"=>\"61-80\",\"entrance\"=>\"staircase\"" }, "geometry": { "type": "Point", "coordinates": [ 37.5724966, 55.7600767 ] } },
{ "type": "Feature", "properties": { "osm_id": "8703081269", "ref": "3", "other_tags": "\"addr:flats\"=>\"41-60\",\"entrance\"=>\"staircase\"" }, "geometry": { "type": "Point", "coordinates": [ 37.5727449, 55.7600109 ] } },
{ "type": "Feature", "properties": { "osm_id": "8703081270", "ref": "2", "other_tags": "\"addr:flats\"=>\"21-40\",\"entrance\"=>\"staircase\"" }, "geometry": { "type": "Point", "coordinates": [ 37.5730112, 55.7599404 ] } },
{ "type": "Feature", "properties": { "osm_id": "8703081271", "ref": "1", "other_tags": "\"addr:flats\"=>\"1-20\",\"entrance\"=>\"staircase\"" }, "geometry": { "type": "Point", "coordinates": [ 37.5732564, 55.7598755 ] } },
{ "type": "Feature", "properties": { "osm_id": "8703081296", "name": "Atelier Goncharov", "other_tags": "\"contact:website\"=>\"https://www.atelier-goncharov.com/\",\"shop\"=>\"musical_instrument\"" }, "geometry": { "type": "Point", "coordinates": [ 37.5732288, 55.7601447 ] } },
{ "type": "Feature", "properties": { "osm_id": "8703081303", "other_tags": "\"amenity\"=>\"ice_cream\",\"building\"=>\"kiosk\",\"building:levels\"=>\"1\",\"check_date\"=>\"2026-01-17\",\"inscription\"=>\"Мороженое\"" }, "geometry": { "type": "Point", "coordinates": [ 37.5770254, 55.7596904 ] } },
{ "type": "Feature", "properties": { "osm_id": "8703081304", "other_tags": "\"building\"=>\"kiosk\",\"building:levels\"=>\"1\",\"check_date\"=>\"2026-01-17\",\"inscription\"=>\"Пресса\",\"shop\"=>\"newsagent\"" }, "geometry": { "type": "Point", "coordinates": [ 37.5772038, 55.7596919 ] } },
{ "type": "Feature", "properties": { "osm_id": "8703081305", "other_tags": "\"building\"=>\"kiosk\",\"building:levels\"=>\"1\",\"check_date\"=>\"2026-01-17\",\"inscription\"=>\"Пресса\",\"shop\"=>\"newsagent\"" }, "geometry": { "type": "Point", "coordinates": [ 37.5770295, 55.7595621 ] } },
{ "type": "Feature", "properties": { "osm_id": "8724667999", "other_tags": "\"entrance\"=>\"yes\"" }, "geometry": { "type": "Point", "coordinates": [ 37.5742399, 55.7664276 ] } },
{ "type": "Feature", "properties": { "osm_id": "8724668009", "barrier": "gate", "other_tags": "\"access\"=>\"private\"" }, "geometry": { "type": "Point", "coordinates": [ 37.5740972, 55.7657334 ] } },
{ "type": "Feature", "properties": { "osm_id": "8724668014", "barrier": "gate", "other_tags": "\"access\"=>\"private\"" }, "geometry": { "type": "Point", "coordinates": [ 37.5736344, 55.7652721 ] } },
{ "type": "Feature", "properties": { "osm_id": "8724673828", "other_tags": "\"amenity\"=>\"waste_disposal\"" }, "geometry": { "type": "Point", "coordinates": [ 37.5735466, 55.7661922 ] } },
{ "type": "Feature", "properties": { "osm_id": "8724673841", "barrier": "wicket_gate", "other_tags": "\"access\"=>\"private\"" }, "geometry": { "type": "Point", "coordinates": [ 37.5741548, 55.7652911 ] } },
{ "type": "Feature", "properties": { "osm_id": "8724673852", "barrier": "block", "other_tags": "\"bicycle\"=>\"yes\",\"foot\"=>\"yes\"" }, "geometry": { "type": "Point", "coordinates": [ 37.573564, 55.763206 ] } },
{ "type": "Feature", "properties": { "osm_id": "8859074538", "other_tags": "\"amenity\"=>\"taxi\"" }, "geometry": { "type": "Point", "coordinates": [ 37.5772896, 55.7658097 ] } },
{ "type": "Feature", "properties": { "osm_id": "8880482474", "ref": "1", "other_tags": "\"addr:flats\"=>\"1-24\",\"entrance\"=>\"staircase\"" }, "geometry": { "type": "Point", "coordinates": [ 37.5724062, 55.759659 ] } },
{ "type": "Feature", "properties": { "osm_id": "8883948725", "man_made": "mast", "other_tags": "\"communication:mobile_phone\"=>\"yes\",\"material\"=>\"steel\",\"tower:construction\"=>\"freestanding\",\"tower:type\"=>\"communication\"" }, "geometry": { "type": "Point", "coordinates": [ 37.5742044, 55.7628588 ] } },
{ "type": "Feature", "properties": { "osm_id": "8886932564", "barrier": "lift_gate" }, "geometry": { "type": "Point", "coordinates": [ 37.5787923, 55.7593245 ] } },
{ "type": "Feature", "properties": { "osm_id": "8886942983", "other_tags": "\"access\"=>\"yes\",\"amenity\"=>\"bicycle_parking\",\"bicycle_parking\"=>\"wall_loops\",\"covered\"=>\"no\",\"fee\"=>\"no\"" }, "geometry": { "type": "Point", "coordinates": [ 37.5795332, 55.7595891 ] } },
{ "type": "Feature", "properties": { "osm_id": "8938893988", "name": "Еаптека", "other_tags": "\"amenity\"=>\"pharmacy\",\"brand\"=>\"Сбер Еаптека\",\"brand:wikidata\"=>\"Q110253378\",\"brand:wikipedia\"=>\"ru:Сбер Еаптека\",\"check_date\"=>\"2026-05-01\",\"contact:email\"=>\"info@eapteka.ru\",\"contact:phone\"=>\"+7 495 7907711\",\"contact:website\"=>\"https://www.eapteka.ru/\",\"healthcare\"=>\"pharmacy\",\"name:uk\"=>\"Єаптека\",\"opening_hours\"=>\"Mo-Su 09:00-21:00\"" }, "geometry": { "type": "Point", "coordinates": [ 37.5787733, 55.7598234 ] } },
{ "type": "Feature", "properties": { "osm_id": "8938920846", "name": "Q Store", "other_tags": "\"contact:phone\"=>\"+7 800 3014767\",\"opening_hours\"=>\"Mo-Su 12:00-22:00\",\"shop\"=>\"e-cigarette\"" }, "geometry": { "type": "Point", "coordinates": [ 37.5722052, 55.7617054 ] } },
{ "type": "Feature", "properties": { "osm_id": "8988120817", "other_tags": "\"amenity\"=>\"fountain\"" }, "geometry": { "type": "Point", "coordinates": [ 37.5846954, 55.7598521 ] } },
{ "type": "Feature", "properties": { "osm_id": "9084093531", "highway": "crossing", "other_tags": "\"button_operated\"=>\"yes\",\"crossing\"=>\"traffic_signals\",\"tactile_paving\"=>\"no\",\"traffic_signals:sound\"=>\"no\"" }, "geometry": { "type": "Point", "coordinates": [ 37.5713545, 55.7616592 ] } },
{ "type": "Feature", "properties": { "osm_id": "9111957191", "name": "Cosmic Latte", "other_tags": "\"amenity\"=>\"cafe\",\"contact:instagram\"=>\"https://www.instagram.com/cosmiclatte.coffee\",\"contact:website\"=>\"https://cosmiclatte.coffee\",\"cuisine\"=>\"coffee_shop\",\"opening_hours\"=>\"Mo-Su 08:00-21:00\"" }, "geometry": { "type": "Point", "coordinates": [ 37.5735131, 55.7596346 ] } },
{ "type": "Feature", "properties": { "osm_id": "9113248830", "barrier": "block", "other_tags": "\"bicycle\"=>\"yes\",\"foot\"=>\"yes\"" }, "geometry": { "type": "Point", "coordinates": [ 37.5720347, 55.7618127 ] } },
{ "type": "Feature", "properties": { "osm_id": "9113248836", "other_tags": "\"amenity\"=>\"bicycle_parking\",\"bicycle_parking\"=>\"stands\",\"covered\"=>\"no\",\"fee\"=>\"no\",\"opening_hours\"=>\"24/7\",\"supervised\"=>\"no\"" }, "geometry": { "type": "Point", "coordinates": [ 37.5735185, 55.7614961 ] } },
{ "type": "Feature", "properties": { "osm_id": "9113248837", "name": "Пресненская межрайонная прокуратура", "other_tags": "\"contact:facebook\"=>\"https://www.facebook.com/genprocrf\",\"contact:instagram\"=>\"https://www.instagram.com/genprocrf\",\"contact:ok\"=>\"https://ok.ru/genprocrf\",\"contact:telegram\"=>\"https://telegram.me/genprocrf\",\"contact:twitter\"=>\"https://twitter.com/Genproc\",\"contact:vk\"=>\"https://vk.com/genprocrf\",\"contact:website\"=>\"https://www.genproc.gov.ru\",\"contact:youtube\"=>\"https://www.youtube.com/user/genprocrf\",\"government\"=>\"prosecutor\",\"office\"=>\"government\"" }, "geometry": { "type": "Point", "coordinates": [ 37.5737377, 55.7617783 ] } },
{ "type": "Feature", "properties": { "osm_id": "9113248838", "other_tags": "\"entrance\"=>\"main\"" }, "geometry": { "type": "Point", "coordinates": [ 37.5737901, 55.7617376 ] } },
{ "type": "Feature", "properties": { "osm_id": "9113248842", "ref": "1", "other_tags": "\"entrance\"=>\"staircase\"" }, "geometry": { "type": "Point", "coordinates": [ 37.5722001, 55.7618274 ] } },
{ "type": "Feature", "properties": { "osm_id": "9113248843", "ref": "1", "other_tags": "\"entrance\"=>\"staircase\"" }, "geometry": { "type": "Point", "coordinates": [ 37.573927, 55.7616363 ] } },
{ "type": "Feature", "properties": { "osm_id": "9113248844", "name": "БлинОК", "other_tags": "\"amenity\"=>\"fast_food\",\"cuisine\"=>\"crepe\"" }, "geometry": { "type": "Point", "coordinates": [ 37.5747851, 55.7613357 ] } },
{ "type": "Feature", "properties": { "osm_id": "9113248845", "other_tags": "\"shop\"=>\"tobacco\"" }, "geometry": { "type": "Point", "coordinates": [ 37.5748448, 55.7613474 ] } },
{ "type": "Feature", "properties": { "osm_id": "9113248847", "highway": "crossing", "other_tags": "\"crossing\"=>\"uncontrolled\",\"crossing:island\"=>\"no\",\"crossing:markings\"=>\"zebra:bicolour\",\"tactile_paving\"=>\"no\"" }, "geometry": { "type": "Point", "coordinates": [ 37.5760035, 55.7608476 ] } },
{ "type": "Feature", "properties": { "osm_id": "9113248849", "highway": "give_way" }, "geometry": { "type": "Point", "coordinates": [ 37.5760531, 55.7608434 ] } },
{ "type": "Feature", "properties": { "osm_id": "9113248853", "highway": "crossing", "other_tags": "\"button_operated\"=>\"no\",\"crossing\"=>\"traffic_signals\",\"crossing:island\"=>\"no\",\"crossing:markings\"=>\"zebra:bicolour\",\"tactile_paving\"=>\"no\",\"traffic_signals:sound\"=>\"yes\"" }, "geometry": { "type": "Point", "coordinates": [ 37.5745028, 55.7610423 ] } },
{ "type": "Feature", "properties": { "osm_id": "9113248855", "other_tags": "\"information\"=>\"map\",\"luminous\"=>\"yes\",\"map_size\"=>\"local\",\"map_type\"=>\"street\",\"tourism\"=>\"information\"" }, "geometry": { "type": "Point", "coordinates": [ 37.5761698, 55.760703 ] } },
{ "type": "Feature", "properties": { "osm_id": "9113248856", "name": "Метро «Краснопресненская»", "other_tags": "\"bus\"=>\"yes\",\"public_transport\"=>\"stop_position\"" }, "geometry": { "type": "Point", "coordinates": [ 37.5772874, 55.7608232 ] } },
{ "type": "Feature", "properties": { "osm_id": "9113248858", "other_tags": "\"information\"=>\"map\",\"luminous\"=>\"yes\",\"tourism\"=>\"information\"" }, "geometry": { "type": "Point", "coordinates": [ 37.5771596, 55.7605552 ] } },
{ "type": "Feature", "properties": { "osm_id": "9113248859", "other_tags": "\"building\"=>\"kiosk\",\"building:levels\"=>\"1\",\"check_date\"=>\"2026-01-17\",\"inscription\"=>\"Печать\",\"name:signed\"=>\"no\",\"shop\"=>\"kiosk\"" }, "geometry": { "type": "Point", "coordinates": [ 37.5777617, 55.7605393 ] } },
{ "type": "Feature", "properties": { "osm_id": "9446929633", "other_tags": "\"amenity\"=>\"atm\",\"contact:email\"=>\"contact@kk.bank\",\"contact:phone\"=>\"+7 800 5552518;2518\",\"contact:website\"=>\"https://kk.bank/\",\"opening_hours\"=>\"24/7\",\"operator\"=>\"КБ \\\"Кубань Кредит\\\" ООО\"" }, "geometry": { "type": "Point", "coordinates": [ 37.5869268, 55.7602035 ] } },
{ "type": "Feature", "properties": { "osm_id": "9504467306", "name": "Beauty dom", "other_tags": "\"contact:instagram\"=>\"https://www.instagram.com/beautydom.keshchyan/\",\"opening_hours\"=>\"Mo-Su 10:00-22:00\",\"shop\"=>\"beauty\"" }, "geometry": { "type": "Point", "coordinates": [ 37.5855871, 55.761155 ] } },
{ "type": "Feature", "properties": { "osm_id": "9504467307", "name": "SeDelice", "other_tags": "\"contact:instagram\"=>\"https://www.instagram.com/sedelice_msk\",\"contact:phone\"=>\"+7 495 1915091\",\"contact:vk\"=>\"https://vk.com/sedelice_msk\",\"contact:website\"=>\"https://sedelice.ru\",\"description\"=>\"Французская пекарня SeDelice\",\"inscription\"=>\"French bakery\",\"opening_hours\"=>\"Mo-Fr 07:30-22:00; Sa,Su 09:00-20:00\",\"shop\"=>\"bakery\"" }, "geometry": { "type": "Point", "coordinates": [ 37.5855575, 55.7611067 ] } },
{ "type": "Feature", "properties": { "osm_id": "9748887677", "other_tags": "\"amenity\"=>\"payment_terminal\",\"contact:email\"=>\"info@mkb.ru\",\"contact:phone\"=>\"+7 495 7774888;+7 495 7974242;+7 800 1004888;+7 800 7755152\",\"contact:website\"=>\"https://mkb.ru/\",\"opening_hours\"=>\"Mo-Fr 08:00-21:00;Sa 08:30-21:00;Su 09:00-21:00\",\"operator\"=>\"Московский кредитный банк\",\"short_name\"=>\"МКБ\"" }, "geometry": { "type": "Point", "coordinates": [ 37.5795051, 55.7599771 ] } },
{ "type": "Feature", "properties": { "osm_id": "9839520371", "other_tags": "\"amenity\"=>\"waste_disposal\"" }, "geometry": { "type": "Point", "coordinates": [ 37.572301, 55.7641719 ] } },
{ "type": "Feature", "properties": { "osm_id": "9841073943", "other_tags": "\"entrance\"=>\"yes\"" }, "geometry": { "type": "Point", "coordinates": [ 37.5865167, 55.7624074 ] } },
{ "type": "Feature", "properties": { "osm_id": "9841073944", "other_tags": "\"entrance\"=>\"yes\"" }, "geometry": { "type": "Point", "coordinates": [ 37.5864832, 55.762505 ] } },
{ "type": "Feature", "properties": { "osm_id": "9841073958", "other_tags": "\"entrance\"=>\"side\"" }, "geometry": { "type": "Point", "coordinates": [ 37.582215, 55.761048 ] } },
{ "type": "Feature", "properties": { "osm_id": "9899541215", "name": "Крошка Картошка", "other_tags": "\"amenity\"=>\"fast_food\",\"check_date\"=>\"2025-12-20\",\"contact:phone\"=>\"+7 495 1390200\",\"contact:website\"=>\"https://www.kartoshka.com/\",\"cuisine\"=>\"potato\",\"opening_hours\"=>\"Mo-Su 08:00-23:00\"" }, "geometry": { "type": "Point", "coordinates": [ 37.5798512, 55.7611739 ] } },
{ "type": "Feature", "properties": { "osm_id": "9905738437", "ref": "4", "other_tags": "\"addr:flats\"=>\"38-56\",\"entrance\"=>\"staircase\"" }, "geometry": { "type": "Point", "coordinates": [ 37.5863761, 55.7609105 ] } },
{ "type": "Feature", "properties": { "osm_id": "9905738454", "ref": "5", "other_tags": "\"addr:flats\"=>\"52-66\",\"entrance\"=>\"staircase\"" }, "geometry": { "type": "Point", "coordinates": [ 37.5872223, 55.7616477 ] } },
{ "type": "Feature", "properties": { "osm_id": "9905738463", "ref": "3", "other_tags": "\"addr:flats\"=>\"23-37\",\"entrance\"=>\"staircase\"" }, "geometry": { "type": "Point", "coordinates": [ 37.5864469, 55.7610076 ] } },
{ "type": "Feature", "properties": { "osm_id": "9905738466", "ref": "1", "other_tags": "\"addr:flats\"=>\"1-12\",\"entrance\"=>\"staircase\"" }, "geometry": { "type": "Point", "coordinates": [ 37.5872651, 55.7620519 ] } },
{ "type": "Feature", "properties": { "osm_id": "9905738467", "ref": "4", "other_tags": "\"addr:flats\"=>\"37-51\",\"entrance\"=>\"staircase\"" }, "geometry": { "type": "Point", "coordinates": [ 37.5873246, 55.7616691 ] } },
{ "type": "Feature", "properties": { "osm_id": "9905738470", "ref": "2", "other_tags": "\"addr:flats\"=>\"14-21\",\"entrance\"=>\"staircase\"" }, "geometry": { "type": "Point", "coordinates": [ 37.5874374, 55.7619073 ] } },
{ "type": "Feature", "properties": { "osm_id": "9905738471", "ref": "2", "other_tags": "\"addr:flats\"=>\"8А, 8-22\",\"entrance\"=>\"staircase\"" }, "geometry": { "type": "Point", "coordinates": [ 37.5865959, 55.761212 ] } },
{ "type": "Feature", "properties": { "osm_id": "9905738502", "ref": "3", "other_tags": "\"addr:flats\"=>\"22-36\",\"entrance\"=>\"staircase\"" }, "geometry": { "type": "Point", "coordinates": [ 37.5874597, 55.7618444 ] } },
{ "type": "Feature", "properties": { "osm_id": "9920387364", "barrier": "gate", "other_tags": "\"access\"=>\"private\"" }, "geometry": { "type": "Point", "coordinates": [ 37.5835743, 55.7636898 ] } },
{ "type": "Feature", "properties": { "osm_id": "10054793472", "name": "Stardogs", "other_tags": "\"amenity\"=>\"fast_food\",\"brand\"=>\"Stardogs\",\"brand:en\"=>\"Stardogs\",\"brand:ru\"=>\"Стардогs\",\"brand:wikidata\"=>\"Q4439856\",\"brand:wikipedia\"=>\"ru:Стардогс\",\"check_date\"=>\"2025-12-20\",\"contact:facebook\"=>\"https://www.facebook.com/stardogsrussia\",\"contact:instagram\"=>\"https://www.instagram.com/stardogsrussia\",\"contact:ok\"=>\"https://ok.ru/group/54434706620420\",\"contact:phone\"=>\"+7 495 5405723\",\"contact:vk\"=>\"https://vk.com/club16270501\",\"contact:website\"=>\"https://www.stardogs.ru\",\"cuisine\"=>\"hot_dog\",\"diet:vegetarian\"=>\"no\",\"name:en\"=>\"Stardogs\",\"name:ru\"=>\"Стардогs\",\"opening_hours\"=>\"Mo-Su 10:00-22:00\",\"takeaway\"=>\"yes\"" }, "geometry": { "type": "Point", "coordinates": [ 37.5797439, 55.7610834 ] } },
{ "type": "Feature", "properties": { "osm_id": "10186030190", "highway": "crossing" }, "geometry": { "type": "Point", "coordinates": [ 37.5685942, 55.7677928 ] } },
{ "type": "Feature", "properties": { "osm_id": "10601114143", "name": "Метро «Баррикадная»", "highway": "bus_stop", "other_tags": "\"alt_name\"=>\"Станция метро «Баррикадная»\",\"name:uk\"=>\"Метро «Барикадна»\",\"public_transport\"=>\"platform\"" }, "geometry": { "type": "Point", "coordinates": [ 37.5790653, 55.7615693 ] } },
{ "type": "Feature", "properties": { "osm_id": "10601114144", "name": "Зоологическая улица", "highway": "bus_stop", "other_tags": "\"name:uk\"=>\"Зоологічна вулиця\",\"public_transport\"=>\"platform\"" }, "geometry": { "type": "Point", "coordinates": [ 37.5782137, 55.7643011 ] } },
{ "type": "Feature", "properties": { "osm_id": "10601114145", "name": "Зоологическая улица", "other_tags": "\"bus\"=>\"yes\",\"public_transport\"=>\"stop_position\"" }, "geometry": { "type": "Point", "coordinates": [ 37.578349, 55.7643052 ] } },
{ "type": "Feature", "properties": { "osm_id": "10601114146", "name": "Улица Климашкина", "other_tags": "\"bus\"=>\"yes\",\"public_transport\"=>\"stop_position\"" }, "geometry": { "type": "Point", "coordinates": [ 37.5787184, 55.76694 ] } },
{ "type": "Feature", "properties": { "osm_id": "10601114147", "name": "Зоологическая улица", "other_tags": "\"bus\"=>\"yes\",\"public_transport\"=>\"stop_position\"" }, "geometry": { "type": "Point", "coordinates": [ 37.5782433, 55.7647666 ] } },
{ "type": "Feature", "properties": { "osm_id": "10601114148", "name": "Метро «Баррикадная»", "other_tags": "\"bus\"=>\"yes\",\"public_transport\"=>\"stop_position\"" }, "geometry": { "type": "Point", "coordinates": [ 37.5812665, 55.7600069 ] } },
{ "type": "Feature", "properties": { "osm_id": "10601114149", "name": "Метро «Баррикадная»", "other_tags": "\"bus\"=>\"yes\",\"public_transport\"=>\"stop_position\"" }, "geometry": { "type": "Point", "coordinates": [ 37.580677, 55.7603375 ] } },
{ "type": "Feature", "properties": { "osm_id": "10601114150", "name": "Метро «Краснопресненская»", "other_tags": "\"bus\"=>\"yes\",\"public_transport\"=>\"stop_position\"" }, "geometry": { "type": "Point", "coordinates": [ 37.5785888, 55.760353 ] } },
{ "type": "Feature", "properties": { "osm_id": "10601114151", "name": "Поликлиника №220", "other_tags": "\"bus\"=>\"yes\",\"public_transport\"=>\"stop_position\"" }, "geometry": { "type": "Point", "coordinates": [ 37.569763, 55.760484 ] } },
{ "type": "Feature", "properties": { "osm_id": "10771184919", "name": "Ozon", "other_tags": "\"brand\"=>\"Ozon\",\"brand:wikidata\"=>\"Q2365235\",\"brand:wikipedia\"=>\"ru:Ozon.ru\",\"contact:facebook\"=>\"https://www.facebook.com/ozon.ru\",\"contact:instagram\"=>\"https://www.instagram.com/ozonru\",\"contact:phone\"=>\"+7 495 2321000\",\"contact:twitter\"=>\"https://twitter.com/Ozon_ru\",\"contact:vk\"=>\"https://vk.com/ozon\",\"contact:website\"=>\"https://www.ozon.ru/\",\"opening_hours\"=>\"Mo-Su 09:00-21:00\",\"shop\"=>\"outpost\"" }, "geometry": { "type": "Point", "coordinates": [ 37.5754872, 55.7659123 ] } },
{ "type": "Feature", "properties": { "osm_id": "10774286817", "name": "Зоологический переулок, 8", "other_tags": "\"bus\"=>\"yes\",\"public_transport\"=>\"stop_position\"" }, "geometry": { "type": "Point", "coordinates": [ 37.5746567, 55.7651932 ] } },
{ "type": "Feature", "properties": { "osm_id": "10774286825", "name": "Государственный биологический музей", "other_tags": "\"bus\"=>\"yes\",\"public_transport\"=>\"stop_position\"" }, "geometry": { "type": "Point", "coordinates": [ 37.5718309, 55.7640532 ] } },
{ "type": "Feature", "properties": { "osm_id": "10774286826", "name": "Государственный биологический музей", "other_tags": "\"bus\"=>\"yes\",\"public_transport\"=>\"stop_position\"" }, "geometry": { "type": "Point", "coordinates": [ 37.5721093, 55.7655841 ] } },
{ "type": "Feature", "properties": { "osm_id": "10774286827", "name": "Улица Климашкина", "other_tags": "\"bus\"=>\"yes\",\"public_transport\"=>\"stop_position\"" }, "geometry": { "type": "Point", "coordinates": [ 37.5724755, 55.7685944 ] } },
{ "type": "Feature", "properties": { "osm_id": "10774286828", "name": "Улица Климашкина", "other_tags": "\"bus\"=>\"yes\",\"public_transport\"=>\"stop_position\"" }, "geometry": { "type": "Point", "coordinates": [ 37.5724429, 55.7679152 ] } },
{ "type": "Feature", "properties": { "osm_id": "10779554202", "name": "Буфетоф", "other_tags": "\"amenity\"=>\"cafe\",\"check_date\"=>\"2023-04-02\",\"cuisine\"=>\"coffee_shop\",\"opening_hours\"=>\"Mo-Fr 08:00-21:00; Sa-Su 09:00-20:00\",\"payment:mastercard\"=>\"yes\",\"payment:visa\"=>\"yes\",\"wheelchair\"=>\"yes\"" }, "geometry": { "type": "Point", "coordinates": [ 37.5821562, 55.7653789 ] } },
{ "type": "Feature", "properties": { "osm_id": "10779554203", "name": "Ригла", "other_tags": "\"amenity\"=>\"pharmacy\",\"brand\"=>\"Ригла\",\"brand:wikidata\"=>\"Q4394431\",\"brand:wikipedia\"=>\"ru:Ригла\",\"check_date\"=>\"2023-04-02\",\"contact:email\"=>\"info@rigla.ru\",\"contact:facebook\"=>\"https://www.facebook.com/rigla.ru\",\"contact:instagram\"=>\"https://www.instagram.com/rigla.ru\",\"contact:ok\"=>\"https://ok.ru/rigla.ru\",\"contact:vk\"=>\"https://vk.com/rigla_ru\",\"contact:website\"=>\"https://www.rigla.ru\",\"contact:youtube\"=>\"https://www.youtube.com/user/RiglaVideo\",\"healthcare\"=>\"pharmacy\",\"name:ru\"=>\"Ригла\",\"name:uk\"=>\"Ригла\",\"opening_hours\"=>\"Mo-Fr 08:00-22:00; Sa-Su 09:00-21:00\",\"payment:mastercard\"=>\"yes\",\"payment:visa\"=>\"yes\",\"wheelchair\"=>\"yes\"" }, "geometry": { "type": "Point", "coordinates": [ 37.5820943, 55.7653448 ] } },
{ "type": "Feature", "properties": { "osm_id": "10779554204", "name": "Правда Кофе", "other_tags": "\"amenity\"=>\"fast_food\",\"brand\"=>\"Правда Кофе\",\"check_date\"=>\"2023-04-02\",\"contact:facebook\"=>\"https://www.facebook.com/pravdacoffee\",\"contact:instagram\"=>\"https://www.instagram.com/pravda_coffee\",\"contact:vk\"=>\"https://vk.com/pravda_coffee\",\"contact:website\"=>\"https://pravda-coffee.ru/\",\"cuisine\"=>\"coffee_shop\",\"diet:vegetarian\"=>\"no\",\"drink:coffee\"=>\"yes\",\"drink:hot_chocolate\"=>\"yes\",\"drink:tea\"=>\"yes\",\"drink:water\"=>\"yes\",\"name:ru\"=>\"Правда Кофе\",\"opening_hours\"=>\"Mo-Fr 08:00-21:00; Sa-Su 09:00-20:00\",\"payment:mastercard\"=>\"yes\",\"payment:visa\"=>\"yes\",\"takeaway\"=>\"yes\",\"wheelchair\"=>\"yes\"" }, "geometry": { "type": "Point", "coordinates": [ 37.582087, 55.7653952 ] } },
{ "type": "Feature", "properties": { "osm_id": "10779620284", "other_tags": "\"leisure\"=>\"playground\"" }, "geometry": { "type": "Point", "coordinates": [ 37.5863413, 55.7643987 ] } },
{ "type": "Feature", "properties": { "osm_id": "10779620292", "name": "Улыбка радуги", "other_tags": "\"brand\"=>\"Улыбка радуги\",\"check_date\"=>\"2023-04-02\",\"contact:instagram\"=>\"https://www.instagram.com/ulybkaradugi\",\"contact:vk\"=>\"https://vk.com/ulybka_radugi\",\"contact:website\"=>\"https://www.r-ulybka.ru\",\"name:ru\"=>\"Улыбка радуги\",\"opening_hours\"=>\"10:00-22:00\",\"payment:mastercard\"=>\"yes\",\"payment:visa\"=>\"yes\",\"shop\"=>\"chemist\",\"wheelchair\"=>\"yes\"" }, "geometry": { "type": "Point", "coordinates": [ 37.5815532, 55.7655926 ] } },
{ "type": "Feature", "properties": { "osm_id": "10779638862", "other_tags": "\"leisure\"=>\"playground\"" }, "geometry": { "type": "Point", "coordinates": [ 37.5808655, 55.7661055 ] } },
{ "type": "Feature", "properties": { "osm_id": "10782474101", "name": "Пятёрочка", "other_tags": "\"addr:floor\"=>\"1\",\"alt_name\"=>\"Пятерочка\",\"brand\"=>\"Пятёрочка\",\"brand:wikidata\"=>\"Q1768969\",\"brand:wikipedia\"=>\"ru:Пятёрочка\",\"contact:email\"=>\"vopros@5ka.ru\",\"contact:facebook\"=>\"https://www.facebook.com/pyaterochka\",\"contact:ok\"=>\"https://ok.ru/pyaterochka\",\"contact:phone\"=>\"+7 800 5555505\",\"contact:vk\"=>\"https://vk.com/pyaterochka\",\"contact:website\"=>\"https://5ka.ru\",\"level\"=>\"0\",\"name:ru\"=>\"Пятёрочка\"" }, "geometry": { "type": "Point", "coordinates": [ 37.573963, 55.76145 ] } },
{ "type": "Feature", "properties": { "osm_id": "10792705941", "highway": "crossing", "other_tags": "\"crossing\"=>\"uncontrolled\",\"crossing:markings\"=>\"yes\"" }, "geometry": { "type": "Point", "coordinates": [ 37.5810428, 55.7583719 ] } },
{ "type": "Feature", "properties": { "osm_id": "10801209807", "other_tags": "\"entrance\"=>\"yes\"" }, "geometry": { "type": "Point", "coordinates": [ 37.5803831, 55.761981 ] } },
{ "type": "Feature", "properties": { "osm_id": "10876158661", "name": "Около", "other_tags": "\"opening_hours\"=>\"24/7\",\"shop\"=>\"convenience\"" }, "geometry": { "type": "Point", "coordinates": [ 37.5845558, 55.7599782 ] } },
{ "type": "Feature", "properties": { "osm_id": "10885945174", "name": "36,6", "other_tags": "\"amenity\"=>\"pharmacy\",\"check_date\"=>\"2025-12-20\",\"contact:phone\"=>\"+7 495 7976336\",\"contact:website\"=>\"https://366.ru\",\"healthcare\"=>\"pharmacy\",\"opening_hours\"=>\"Mo-Su 09:00-22:00\"" }, "geometry": { "type": "Point", "coordinates": [ 37.5786152, 55.7647736 ] } },
{ "type": "Feature", "properties": { "osm_id": "10978618805", "name": "Дэнтэст", "other_tags": "\"amenity\"=>\"dentist\"" }, "geometry": { "type": "Point", "coordinates": [ 37.5793187, 55.7662636 ] } },
{ "type": "Feature", "properties": { "osm_id": "11071976159", "name": "Яндекс.Маркет", "other_tags": "\"brand\"=>\"Яндекс.Маркет\",\"brand:wikidata\"=>\"Q4537982\",\"brand:wikipedia\"=>\"ru:Яндекс Маркет\",\"contact:phone\"=>\"+7 495 4143000\",\"contact:telegram\"=>\"yndx_market\",\"contact:vk\"=>\"https://vk.com/yandex.market\",\"contact:website\"=>\"https://market.yandex.ru\",\"name:en\"=>\"Yandex.market\",\"name:ru\"=>\"Яндекс.Маркет\",\"opening_hours\"=>\"Mo-Su 09:00-21:00\",\"shop\"=>\"outpost\"" }, "geometry": { "type": "Point", "coordinates": [ 37.573849, 55.7634779 ] } },
{ "type": "Feature", "properties": { "osm_id": "11071976160", "name": "Remotix", "other_tags": "\"contact:website\"=>\"https://remo-tix.ru/\",\"craft\"=>\"electronics_repair\"" }, "geometry": { "type": "Point", "coordinates": [ 37.5739878, 55.7636428 ] } },
{ "type": "Feature", "properties": { "osm_id": "11071976161", "name": "Wildberries", "other_tags": "\"brand\"=>\"Wildberries\",\"brand:wikidata\"=>\"Q24933714\",\"brand:wikipedia\"=>\"ru:Wildberries\",\"contact:email\"=>\"sales@wildberries.ru\",\"contact:facebook\"=>\"https://www.facebook.com/wbbot\",\"contact:instagram\"=>\"https://www.instagram.com/wildberriesru\",\"contact:odnoklassniki\"=>\"http://www.odnoklassniki.ru/wildberries\",\"contact:ok\"=>\"https://ok.ru/wildberries\",\"contact:phone\"=>\"+7 800 1007505\",\"contact:telegram\"=>\"wbshop_bot\",\"contact:twitter\"=>\"https://twitter.com/wildberries_ru\",\"contact:viber\"=>\"wildberries\",\"contact:vk\"=>\"https://vk.com/wbbot\",\"contact:website\"=>\"https://www.wildberries.ru\",\"contact:whatsapp\"=>\"+7 926 5373137\",\"contact:youtube\"=>\"https://www.youtube.com/user/Wildberriesshop\",\"name:en\"=>\"Wildberries\",\"name:ru\"=>\"Вайлдберриз\",\"shop\"=>\"outpost\"" }, "geometry": { "type": "Point", "coordinates": [ 37.5739503, 55.7635752 ] } },
{ "type": "Feature", "properties": { "osm_id": "11071976163", "name": "Force", "other_tags": "\"contact:website\"=>\"https://forcemoscow.ru/\",\"male\"=>\"yes\",\"opening_hours\"=>\"Mo-Su 10:00-22:00\",\"shop\"=>\"hairdresser\"" }, "geometry": { "type": "Point", "coordinates": [ 37.5745706, 55.7616229 ] } },
{ "type": "Feature", "properties": { "osm_id": "11071976164", "name": "Cofix", "other_tags": "\"amenity\"=>\"fast_food\",\"brand\"=>\"Cofix\",\"brand:wikidata\"=>\"Q16132717\",\"brand:wikipedia\"=>\"en:Cofix\",\"check_date\"=>\"2026-04-25\",\"contact:email\"=>\"1337krasnayapresnya@stores.cofix.ru\",\"contact:facebook\"=>\"https://www.facebook.com/cofixrussia\",\"contact:instagram\"=>\"https://www.instagram.com/cofixrussia\",\"contact:phone\"=>\"+7 800 3508418\",\"contact:vk\"=>\"https://vk.com/cofixrussia\",\"contact:website\"=>\"https://cofix.global\",\"cuisine\"=>\"coffee_shop\",\"delivery\"=>\"no\",\"name:en\"=>\"Cofix\",\"opening_hours\"=>\"Mo,We 08:00-22:00; Tu,Th-Su 07:00-22:00\",\"takeaway\"=>\"yes\"" }, "geometry": { "type": "Point", "coordinates": [ 37.5747932, 55.7613539 ] } },
{ "type": "Feature", "properties": { "osm_id": "11071976165", "other_tags": "\"entrance\"=>\"yes\"" }, "geometry": { "type": "Point", "coordinates": [ 37.573982, 55.7610285 ] } },
{ "type": "Feature", "properties": { "osm_id": "11071976166", "name": "Чай & coffee", "other_tags": "\"level\"=>\"-1\",\"shop\"=>\"tea\",\"wheelchair\"=>\"no\"" }, "geometry": { "type": "Point", "coordinates": [ 37.5738953, 55.7609905 ] } },
{ "type": "Feature", "properties": { "osm_id": "11104307402", "highway": "crossing", "other_tags": "\"crossing\"=>\"unmarked\",\"crossing:markings\"=>\"no\"" }, "geometry": { "type": "Point", "coordinates": [ 37.5796654, 55.7589558 ] } },
{ "type": "Feature", "properties": { "osm_id": "11125064273", "barrier": "lift_gate", "other_tags": "\"bicycle\"=>\"yes\",\"foot\"=>\"yes\"" }, "geometry": { "type": "Point", "coordinates": [ 37.5740121, 55.7608729 ] } },
{ "type": "Feature", "properties": { "osm_id": "11125064274", "barrier": "lift_gate", "other_tags": "\"bicycle\"=>\"yes\",\"foot\"=>\"yes\"" }, "geometry": { "type": "Point", "coordinates": [ 37.5740575, 55.7599111 ] } },
{ "type": "Feature", "properties": { "osm_id": "11138791274", "name": "Бетховен", "other_tags": "\"addr:floor\"=>\"1\",\"addr:housenumber\"=>\"12\",\"addr:street\"=>\"улица Красная Пресня\",\"check_date\"=>\"2026-04-25\",\"contact:email\"=>\"info@bethowen.ru\",\"contact:phone\"=>\"+7 495 1202211\",\"contact:website\"=>\"https://www.bethowen.ru/iwaf-captcha\",\"level\"=>\"0\",\"name:ru\"=>\"Бетховен\",\"opening_hours\"=>\"Mo-Su 10:00-22:00\",\"payment:credit_cards\"=>\"yes\",\"payment:debit_cards\"=>\"yes\",\"shop\"=>\"pet\"" }, "geometry": { "type": "Point", "coordinates": [ 37.5727809, 55.7616263 ] } },
{ "type": "Feature", "properties": { "osm_id": "11205037930", "name": "Московский кредитный банк", "other_tags": "\"amenity\"=>\"bank\",\"check_date\"=>\"2025-12-20\",\"contact:email\"=>\"info@mkb.ru\",\"contact:phone\"=>\"+7 495 7774888;+7 495 7974242;+7 800 1004888;+7 800 7755152\",\"contact:website\"=>\"https://mkb.ru\",\"opening_hours\"=>\"Mo-Su 10:00-21:00\"" }, "geometry": { "type": "Point", "coordinates": [ 37.5797109, 55.7605226 ] } },
{ "type": "Feature", "properties": { "osm_id": "11209502802", "other_tags": "\"entrance\"=>\"yes\"" }, "geometry": { "type": "Point", "coordinates": [ 37.5811422, 55.7592146 ] } },
{ "type": "Feature", "properties": { "osm_id": "11255168205", "name": "Ozon", "other_tags": "\"brand\"=>\"Ozon\",\"brand:wikidata\"=>\"Q2365235\",\"brand:wikipedia\"=>\"ru:Ozon.ru\",\"contact:facebook\"=>\"https://www.facebook.com/ozon.ru\",\"contact:instagram\"=>\"https://www.instagram.com/ozonru\",\"contact:phone\"=>\"+7 495 2321000\",\"contact:twitter\"=>\"https://twitter.com/Ozon_ru\",\"contact:vk\"=>\"https://vk.com/ozon\",\"contact:website\"=>\"https://www.ozon.ru\",\"opening_hours\"=>\"Mo-Su 10:00-22:00\",\"shop\"=>\"outpost\"" }, "geometry": { "type": "Point", "coordinates": [ 37.5736633, 55.7610582 ] } },
{ "type": "Feature", "properties": { "osm_id": "11255168285", "name": "Ozon", "other_tags": "\"brand\"=>\"Ozon\",\"brand:wikidata\"=>\"Q2365235\",\"brand:wikipedia\"=>\"ru:Ozon.ru\",\"contact:facebook\"=>\"https://www.facebook.com/ozon.ru\",\"contact:instagram\"=>\"https://www.instagram.com/ozonru\",\"contact:phone\"=>\"+7 495 2321000\",\"contact:twitter\"=>\"https://twitter.com/Ozon_ru\",\"contact:vk\"=>\"https://vk.com/ozon\",\"contact:website\"=>\"https://www.ozon.ru/\",\"opening_hours\"=>\"Mo-Su 09:00-21:00\",\"shop\"=>\"outpost\"" }, "geometry": { "type": "Point", "coordinates": [ 37.5813242, 55.7661167 ] } },
{ "type": "Feature", "properties": { "osm_id": "11267079790", "other_tags": "\"amenity\"=>\"bench\",\"backrest\"=>\"yes\",\"material\"=>\"wood\"" }, "geometry": { "type": "Point", "coordinates": [ 37.5859927, 55.7599953 ] } },
{ "type": "Feature", "properties": { "osm_id": "11267079791", "other_tags": "\"amenity\"=>\"bench\",\"backrest\"=>\"yes\",\"material\"=>\"wood\"" }, "geometry": { "type": "Point", "coordinates": [ 37.5860873, 55.7599775 ] } },
{ "type": "Feature", "properties": { "osm_id": "11267079793", "highway": "crossing", "other_tags": "\"crossing\"=>\"uncontrolled\"" }, "geometry": { "type": "Point", "coordinates": [ 37.5871149, 55.7600504 ] } },
{ "type": "Feature", "properties": { "osm_id": "11267079799", "name": "Saray", "other_tags": "\"addr:floor\"=>\"1\",\"amenity\"=>\"restaurant\",\"check_date\"=>\"2025-12-25\",\"contact:phone\"=>\"+7 495 1898819\",\"contact:website\"=>\"https://saray.lucky-group.rest/\",\"level\"=>\"0\",\"opening_hours\"=>\"Mo-Fr 12:00-24:00; Sa,Su 00:00-02:00,12:00-24:00\"" }, "geometry": { "type": "Point", "coordinates": [ 37.5872218, 55.7599099 ] } },
{ "type": "Feature", "properties": { "osm_id": "11335614669", "name": "Остеопатическая клиника Доктора Артёмова", "other_tags": "\"check_date\"=>\"2025-12-20\",\"healthcare\"=>\"alternative\",\"healthcare:speciality\"=>\"osteopathy\"" }, "geometry": { "type": "Point", "coordinates": [ 37.5790546, 55.7663562 ] } },
{ "type": "Feature", "properties": { "osm_id": "11335629469", "name": "Московская школа искусств", "other_tags": "\"amenity\"=>\"training\"" }, "geometry": { "type": "Point", "coordinates": [ 37.5831523, 55.7649918 ] } },
{ "type": "Feature", "properties": { "osm_id": "11351954369", "ref": "3", "other_tags": "\"addr:flats\"=>\"52-77\",\"entrance\"=>\"staircase\"" }, "geometry": { "type": "Point", "coordinates": [ 37.5856196, 55.7615384 ] } },
{ "type": "Feature", "properties": { "osm_id": "11351954370", "ref": "2", "other_tags": "\"addr:flats\"=>\"28-51\",\"entrance\"=>\"staircase\"" }, "geometry": { "type": "Point", "coordinates": [ 37.5855205, 55.7613626 ] } },
{ "type": "Feature", "properties": { "osm_id": "11351954371", "ref": "1", "other_tags": "\"addr:flats\"=>\"2-27\",\"entrance\"=>\"staircase\"" }, "geometry": { "type": "Point", "coordinates": [ 37.5853682, 55.7612128 ] } },
{ "type": "Feature", "properties": { "osm_id": "11351954372", "name": "4Forms", "other_tags": "\"clothes\"=>\"women\",\"contact:email\"=>\"order@4forms.ru\",\"contact:phone\"=>\"+7 925 0473635\",\"contact:website\"=>\"https://4forms.ru\",\"opening_hours\"=>\"Mo-Su 10:00-22:00\",\"shop\"=>\"clothes\"" }, "geometry": { "type": "Point", "coordinates": [ 37.5858097, 55.7614501 ] } },
{ "type": "Feature", "properties": { "osm_id": "11351954373", "other_tags": "\"shop\"=>\"florist\"" }, "geometry": { "type": "Point", "coordinates": [ 37.5860752, 55.7604231 ] } },
{ "type": "Feature", "properties": { "osm_id": "11351954374", "other_tags": "\"shop\"=>\"tobacco\"" }, "geometry": { "type": "Point", "coordinates": [ 37.5860933, 55.7604529 ] } },
{ "type": "Feature", "properties": { "osm_id": "11351954376", "name": "Haier", "other_tags": "\"check_date\"=>\"2025-12-20\",\"shop\"=>\"electronics\"" }, "geometry": { "type": "Point", "coordinates": [ 37.5801435, 55.7604344 ] } },
{ "type": "Feature", "properties": { "osm_id": "11351954377", "name": "Неофарм", "other_tags": "\"amenity\"=>\"pharmacy\",\"check_date\"=>\"2025-12-20\",\"healthcare\"=>\"pharmacy\"" }, "geometry": { "type": "Point", "coordinates": [ 37.5799879, 55.7604661 ] } },
{ "type": "Feature", "properties": { "osm_id": "11351954379", "name": "Красный дракон", "other_tags": "\"check_date\"=>\"2025-12-20\",\"contact:email\"=>\"reddragon-msk@mail.ru\",\"contact:phone\"=>\"+7 495 0850550\",\"contact:website\"=>\"https://reddragon-msk.ru/\",\"opening_hours\"=>\"Mo-Su 10:00-21:00\",\"shop\"=>\"convenience\"" }, "geometry": { "type": "Point", "coordinates": [ 37.5787863, 55.7600828 ] } },
{ "type": "Feature", "properties": { "osm_id": "11394908546", "ref": "ТП-26827", "other_tags": "\"power\"=>\"substation\",\"rating\"=>\"2 MVA\",\"substation\"=>\"minor_distribution\",\"voltage\"=>\"10000;400\"" }, "geometry": { "type": "Point", "coordinates": [ 37.5798041, 55.7601643 ] } },
{ "type": "Feature", "properties": { "osm_id": "11394908547", "ref": "РТП-20185", "other_tags": "\"power\"=>\"substation\",\"rating\"=>\"4 MVA\",\"substation\"=>\"minor_distribution\",\"voltage\"=>\"10000;400\"" }, "geometry": { "type": "Point", "coordinates": [ 37.5838548, 55.761335 ] } },
{ "type": "Feature", "properties": { "osm_id": "11394908548", "ref": "ТП-10436", "other_tags": "\"power\"=>\"substation\",\"rating\"=>\"2.5 MVA\",\"substation\"=>\"minor_distribution\",\"voltage\"=>\"10000;400\"" }, "geometry": { "type": "Point", "coordinates": [ 37.5851425, 55.7646628 ] } },
{ "type": "Feature", "properties": { "osm_id": "11396576808", "ref": "ТП-21899", "other_tags": "\"location\"=>\"indoor\",\"power\"=>\"substation\",\"substation\"=>\"minor_distribution\",\"voltage\"=>\"10000;400\"" }, "geometry": { "type": "Point", "coordinates": [ 37.5834407, 55.7660313 ] } },
{ "type": "Feature", "properties": { "osm_id": "11459483312", "name": "Cofix", "other_tags": "\"amenity\"=>\"fast_food\",\"check_date\"=>\"2025-12-20\",\"contact:email\"=>\"1306barrikadnaya12@stores.cofix.ru\",\"contact:phone\"=>\"+7 800 3508418\",\"contact:website\"=>\"https://cofix.global\",\"cuisine\"=>\"coffee_shop\",\"opening_hours\"=>\"Mo-Fr 07:30-22:00; Sa-Su 08:30-22:00\"" }, "geometry": { "type": "Point", "coordinates": [ 37.5795561, 55.761105 ] } },
{ "type": "Feature", "properties": { "osm_id": "11464784484", "barrier": "kerb", "other_tags": "\"kerb\"=>\"lowered\"" }, "geometry": { "type": "Point", "coordinates": [ 37.5670857, 55.7654625 ] } },
{ "type": "Feature", "properties": { "osm_id": "11505571664", "name": "One Price Coffee", "other_tags": "\"amenity\"=>\"fast_food\",\"contact:email\"=>\"b2b@onepricecoffee.com\",\"contact:phone\"=>\"+7 495 0153150\",\"contact:website\"=>\"https://onepricecoffee.com\",\"cuisine\"=>\"coffee_shop\",\"opening_hours\"=>\"Mo-Fr 08:00-21:00; Sa-Su 09:00-21:00\",\"takeaway\"=>\"yes\"" }, "geometry": { "type": "Point", "coordinates": [ 37.5843953, 55.7600037 ] } },
{ "type": "Feature", "properties": { "osm_id": "11539226717", "ref": "1", "other_tags": "\"addr:flats\"=>\"1-63\",\"entrance\"=>\"staircase\"" }, "geometry": { "type": "Point", "coordinates": [ 37.5726361, 55.7594637 ] } },
{ "type": "Feature", "properties": { "osm_id": "11572895947", "name": "Ozon", "other_tags": "\"brand\"=>\"Ozon\",\"brand:wikidata\"=>\"Q2365235\",\"brand:wikipedia\"=>\"ru:Ozon.ru\",\"contact:facebook\"=>\"https://www.facebook.com/ozon.ru\",\"contact:instagram\"=>\"https://www.instagram.com/ozonru\",\"contact:phone\"=>\"+7 495 2321000\",\"contact:twitter\"=>\"https://twitter.com/Ozon_ru\",\"contact:vk\"=>\"https://vk.com/ozon\",\"contact:website\"=>\"https://www.ozon.ru\",\"opening_hours\"=>\"Mo-Su 10:00-22:00\",\"shop\"=>\"outpost\"" }, "geometry": { "type": "Point", "coordinates": [ 37.5740055, 55.7637209 ] } },
{ "type": "Feature", "properties": { "osm_id": "11684053441", "man_made": "video_wall", "other_tags": "\"advertising\"=>\"screen\",\"support\"=>\"wall_mounted\",\"visibility\"=>\"area\"" }, "geometry": { "type": "Point", "coordinates": [ 37.5738808, 55.7609983 ] } },
{ "type": "Feature", "properties": { "osm_id": "11684053442", "other_tags": "\"advertising\"=>\"billboard\",\"animated\"=>\"winding_posters\",\"sides\"=>\"2\",\"support\"=>\"pole\"" }, "geometry": { "type": "Point", "coordinates": [ 37.5738027, 55.7611355 ] } },
{ "type": "Feature", "properties": { "osm_id": "11684053443", "other_tags": "\"advertising\"=>\"poster_box\",\"animated\"=>\"winding_posters\",\"sides\"=>\"2\",\"support\"=>\"pole\"" }, "geometry": { "type": "Point", "coordinates": [ 37.5734193, 55.7614572 ] } },
{ "type": "Feature", "properties": { "osm_id": "11684053444", "other_tags": "\"advertising\"=>\"billboard\",\"animated\"=>\"winding_posters\",\"sides\"=>\"2\",\"support\"=>\"pole\"" }, "geometry": { "type": "Point", "coordinates": [ 37.5729393, 55.7614833 ] } },
{ "type": "Feature", "properties": { "osm_id": "11813682663", "highway": "give_way" }, "geometry": { "type": "Point", "coordinates": [ 37.5762165, 55.7608442 ] } },
{ "type": "Feature", "properties": { "osm_id": "11909394474", "highway": "crossing" }, "geometry": { "type": "Point", "coordinates": [ 37.5716825, 55.7655934 ] } },
{ "type": "Feature", "properties": { "osm_id": "12087798219", "barrier": "gate", "other_tags": "\"access\"=>\"yes\",\"locked\"=>\"no\",\"material\"=>\"metal\",\"wheelchair\"=>\"yes\"" }, "geometry": { "type": "Point", "coordinates": [ 37.5816539, 55.760869 ] } },
{ "type": "Feature", "properties": { "osm_id": "12087798220", "other_tags": "\"amenity\"=>\"bench\",\"backrest\"=>\"no\",\"colour\"=>\"brown\",\"material\"=>\"wood\"" }, "geometry": { "type": "Point", "coordinates": [ 37.5816932, 55.7609644 ] } },
{ "type": "Feature", "properties": { "osm_id": "12087798221", "other_tags": "\"access\"=>\"customers\",\"addr:floor\"=>\"2\",\"amenity\"=>\"toilets\",\"check_date\"=>\"2024-08-01\",\"level\"=>\"1\",\"toilets:disposal\"=>\"flush\"" }, "geometry": { "type": "Point", "coordinates": [ 37.5822377, 55.7609175 ] } },
{ "type": "Feature", "properties": { "osm_id": "12087798222", "other_tags": "\"access\"=>\"customers\",\"addr:floor\"=>\"1\",\"amenity\"=>\"toilets\",\"check_date\"=>\"2024-08-01\",\"level\"=>\"0\",\"toilets:disposal\"=>\"flush\"" }, "geometry": { "type": "Point", "coordinates": [ 37.5822544, 55.7609514 ] } },
{ "type": "Feature", "properties": { "osm_id": "12087798223", "other_tags": "\"check_date\"=>\"2024-08-01\",\"shop\"=>\"ticket\"" }, "geometry": { "type": "Point", "coordinates": [ 37.5821797, 55.7608239 ] } },
{ "type": "Feature", "properties": { "osm_id": "12087798224", "other_tags": "\"access\"=>\"customers\",\"addr:floor\"=>\"2\",\"amenity\"=>\"library\",\"check_date\"=>\"2024-08-01\",\"level\"=>\"1\"" }, "geometry": { "type": "Point", "coordinates": [ 37.5819936, 55.7608564 ] } },
{ "type": "Feature", "properties": { "osm_id": "12087798225", "other_tags": "\"access\"=>\"customers\",\"amenity\"=>\"atm\",\"brand\"=>\"МКБ\",\"check_date\"=>\"2024-08-01\",\"contact:email\"=>\"info@mkb.ru\",\"contact:phone\"=>\"+7 495 7774888;+7 495 7974242;+7 800 1004888;+7 800 7755152\",\"contact:website\"=>\"https://mkb.ru/\",\"operator\"=>\"ПАО \\\"МОСКОВСКИЙ КРЕДИТНЫЙ БАНК\\\"\"" }, "geometry": { "type": "Point", "coordinates": [ 37.5823689, 55.7611961 ] } },
{ "type": "Feature", "properties": { "osm_id": "12087798226", "other_tags": "\"amenity\"=>\"fountain\",\"drinking_water\"=>\"no\",\"fountain\"=>\"splash_pad\"" }, "geometry": { "type": "Point", "coordinates": [ 37.5828941, 55.7612467 ] } },
{ "type": "Feature", "properties": { "osm_id": "12087798227", "other_tags": "\"entrance\"=>\"main\"" }, "geometry": { "type": "Point", "coordinates": [ 37.5831056, 55.7616589 ] } },
{ "type": "Feature", "properties": { "osm_id": "12087798228", "other_tags": "\"information\"=>\"guidepost\",\"tourism\"=>\"information\"" }, "geometry": { "type": "Point", "coordinates": [ 37.5831152, 55.7614908 ] } },
{ "type": "Feature", "properties": { "osm_id": "12104120189", "other_tags": "\"amenity\"=>\"waste_disposal\",\"covered\"=>\"yes\"" }, "geometry": { "type": "Point", "coordinates": [ 37.5723926, 55.7625449 ] } },
{ "type": "Feature", "properties": { "osm_id": "12104120190", "other_tags": "\"amenity\"=>\"waste_disposal\",\"covered\"=>\"yes\"" }, "geometry": { "type": "Point", "coordinates": [ 37.5723957, 55.7625581 ] } },
{ "type": "Feature", "properties": { "osm_id": "12104120191", "other_tags": "\"amenity\"=>\"waste_disposal\",\"covered\"=>\"yes\"" }, "geometry": { "type": "Point", "coordinates": [ 37.5723983, 55.7625694 ] } },
{ "type": "Feature", "properties": { "osm_id": "12104120192", "other_tags": "\"amenity\"=>\"waste_disposal\",\"covered\"=>\"yes\"" }, "geometry": { "type": "Point", "coordinates": [ 37.5724007, 55.7625798 ] } },
{ "type": "Feature", "properties": { "osm_id": "12104120193", "other_tags": "\"amenity\"=>\"waste_disposal\",\"covered\"=>\"yes\"" }, "geometry": { "type": "Point", "coordinates": [ 37.5724033, 55.7625909 ] } },
{ "type": "Feature", "properties": { "osm_id": "12199133414", "name": "Boxberry", "other_tags": "\"contact:phone\"=>\"+7 499 3915622\",\"contact:website\"=>\"https://boxberry.ru\",\"opening_hours\"=>\"Mo-Su 10:00-20:00\",\"shop\"=>\"outpost\"" }, "geometry": { "type": "Point", "coordinates": [ 37.5755768, 55.7659198 ] } },
{ "type": "Feature", "properties": { "osm_id": "12292422361", "name": "Locanda", "other_tags": "\"contact:instagram\"=>\"https://www.instagram.com/locanda.ristorante\",\"cuisine\"=>\"italian\",\"opening_hours\"=>\"Mo-Su 12:00-24:00\",\"was:amenity\"=>\"restaurant\"" }, "geometry": { "type": "Point", "coordinates": [ 37.5870663, 55.7596647 ] } },
{ "type": "Feature", "properties": { "osm_id": "12444699966", "name": "NBMC", "other_tags": "\"amenity\"=>\"clinic\",\"contact:website\"=>\"https://nb-mc.ru\"" }, "geometry": { "type": "Point", "coordinates": [ 37.5842714, 55.7614546 ] } },
{ "type": "Feature", "properties": { "osm_id": "12444699970", "barrier": "wicket_gate", "other_tags": "\"foot\"=>\"yes\"" }, "geometry": { "type": "Point", "coordinates": [ 37.5844122, 55.7614612 ] } },
{ "type": "Feature", "properties": { "osm_id": "12444699978", "barrier": "gate", "other_tags": "\"access\"=>\"private\"" }, "geometry": { "type": "Point", "coordinates": [ 37.5844294, 55.7614813 ] } },
{ "type": "Feature", "properties": { "osm_id": "12465080394", "highway": "give_way" }, "geometry": { "type": "Point", "coordinates": [ 37.5718587, 55.7651279 ] } },
{ "type": "Feature", "properties": { "osm_id": "12467077570", "highway": "traffic_signals", "other_tags": "\"traffic_signals\"=>\"signal\"" }, "geometry": { "type": "Point", "coordinates": [ 37.5847705, 55.7593546 ] } },
{ "type": "Feature", "properties": { "osm_id": "12578484551", "name": "Радио Шоколад", "other_tags": "\"amenity\"=>\"studio\",\"studio\"=>\"radio\"" }, "geometry": { "type": "Point", "coordinates": [ 37.5820948, 55.7653042 ] } },
{ "type": "Feature", "properties": { "osm_id": "12578484552", "name": "Business FM", "other_tags": "\"amenity\"=>\"studio\",\"studio\"=>\"radio\"" }, "geometry": { "type": "Point", "coordinates": [ 37.5821096, 55.7653208 ] } },
{ "type": "Feature", "properties": { "osm_id": "12581950032", "man_made": "mast", "other_tags": "\"communication:mobile_phone\"=>\"yes\",\"material\"=>\"steel\",\"tower:construction\"=>\"freestanding\",\"tower:type\"=>\"communication\"" }, "geometry": { "type": "Point", "coordinates": [ 37.5721901, 55.7655912 ] } },
{ "type": "Feature", "properties": { "osm_id": "12600040215", "name": "Театр Будущего Лилии Тим", "other_tags": "\"amenity\"=>\"theatre\",\"contact:email\"=>\"info@teatrbudu.ru\",\"contact:phone\"=>\"+7 911 0100666\",\"contact:website\"=>\"https://teatrbudu.ru/moscow\",\"opening_hours\"=>\"Mo-Su 10:00-20:00\"" }, "geometry": { "type": "Point", "coordinates": [ 37.581034, 55.762357 ] } },
{ "type": "Feature", "properties": { "osm_id": "12600040266", "name": "Campus Catering", "other_tags": "\"contact:email\"=>\"campuscatering@mail.ru\",\"contact:phone\"=>\"+7 963 9688844\",\"contact:website\"=>\"https://campuscatering.ru\",\"craft\"=>\"caterer\",\"opening_hours\"=>\"Mo-Su 09:00-21:00\"" }, "geometry": { "type": "Point", "coordinates": [ 37.5862026, 55.7620311 ] } },
{ "type": "Feature", "properties": { "osm_id": "12949874104", "other_tags": "\"amenity\"=>\"toilets\",\"check_date\"=>\"2026-01-17\",\"fee\"=>\"yes\",\"opening_hours\"=>\"24/7\"" }, "geometry": { "type": "Point", "coordinates": [ 37.5767194, 55.7599867 ] } },
{ "type": "Feature", "properties": { "osm_id": "12986494167", "other_tags": "\"amenity\"=>\"kick-scooter_parking\",\"check_date\"=>\"2025-12-20\",\"covered\"=>\"no\",\"fee\"=>\"no\",\"opening_hours\"=>\"24/7\",\"supervised\"=>\"no\"" }, "geometry": { "type": "Point", "coordinates": [ 37.5813894, 55.7601386 ] } },
{ "type": "Feature", "properties": { "osm_id": "12986494178", "name": "ВкусВилл", "other_tags": "\"brand\"=>\"ВкусВилл\",\"check_date\"=>\"2025-12-20\",\"contact:email\"=>\"info@izbenka.msk.ru\",\"contact:facebook\"=>\"https://www.facebook.com/vkusvill.ru\",\"contact:instagram\"=>\"https://www.instagram.com/vkusvill_ru\",\"contact:phone\"=>\"+7 495 6638602\",\"contact:telegram\"=>\"https://telegram.me/vkusvillbot\",\"contact:twitter\"=>\"https://twitter.com/we_are_vkusvill\",\"contact:vk\"=>\"https://vk.com/vkusvill_ru\",\"contact:website\"=>\"https://vkusvill.ru\",\"name:ru\"=>\"ВкусВилл\",\"shop\"=>\"convenience\"" }, "geometry": { "type": "Point", "coordinates": [ 37.5815309, 55.7596727 ] } },
{ "type": "Feature", "properties": { "osm_id": "13138063301", "name": "Raffinato", "other_tags": "\"addr:housenumber\"=>\"14-16\",\"addr:street\"=>\"Садовая-Кудринская улица\",\"shop\"=>\"clothes\"" }, "geometry": { "type": "Point", "coordinates": [ 37.5873138, 55.762066 ] } },
{ "type": "Feature", "properties": { "osm_id": "13176786035", "other_tags": "\"amenity\"=>\"charging_station\",\"capacity\"=>\"2\",\"check_date\"=>\"2025-09-28\",\"check_date:capacity\"=>\"2025-09-28\",\"operator\"=>\"Энергия Москвы\"" }, "geometry": { "type": "Point", "coordinates": [ 37.5740283, 55.7641443 ] } },
{ "type": "Feature", "properties": { "osm_id": "13324361100", "other_tags": "\"amenity\"=>\"waste_disposal\"" }, "geometry": { "type": "Point", "coordinates": [ 37.5792055, 55.7650479 ] } },
{ "type": "Feature", "properties": { "osm_id": "13324385301", "highway": "crossing" }, "geometry": { "type": "Point", "coordinates": [ 37.5794377, 55.7651189 ] } },
{ "type": "Feature", "properties": { "osm_id": "13324385303", "highway": "crossing" }, "geometry": { "type": "Point", "coordinates": [ 37.5804971, 55.7648498 ] } },
{ "type": "Feature", "properties": { "osm_id": "13324385304", "name": "Пятёрочка", "other_tags": "\"alt_name\"=>\"Пятерочка\",\"brand\"=>\"Пятёрочка\",\"brand:en\"=>\"Pyaterochka\",\"brand:ru\"=>\"Пятёрочка\",\"brand:wikidata\"=>\"Q1768969\",\"brand:wikipedia\"=>\"ru:Пятёрочка\",\"check_date\"=>\"2025-12-20\",\"contact:email\"=>\"vopros@5ka.ru\",\"contact:facebook\"=>\"https://www.facebook.com/pyaterochka\",\"contact:ok\"=>\"https://ok.ru/pyaterochka\",\"contact:phone\"=>\"+7 800 5555505\",\"contact:vk\"=>\"https://vk.com/pyaterochka\",\"contact:website\"=>\"https://5ka.ru\",\"name:en\"=>\"Pyaterochka\",\"name:ru\"=>\"Пятёрочка\",\"opening_hours\"=>\"09:00-23:00\",\"shop\"=>\"supermarket\"" }, "geometry": { "type": "Point", "coordinates": [ 37.5788883, 55.7634678 ] } },
{ "type": "Feature", "properties": { "osm_id": "13340251739", "other_tags": "\"xmas:feature\"=>\"tree\"" }, "geometry": { "type": "Point", "coordinates": [ 37.5769811, 55.7605733 ] } },
{ "type": "Feature", "properties": { "osm_id": "13340251740", "other_tags": "\"xmas:feature\"=>\"tree\"" }, "geometry": { "type": "Point", "coordinates": [ 37.578845, 55.7612466 ] } },
{ "type": "Feature", "properties": { "osm_id": "13371918795", "barrier": "sliding_beam", "other_tags": "\"bicycle\"=>\"yes\",\"foot\"=>\"yes\",\"motor_vehicle\"=>\"private\"" }, "geometry": { "type": "Point", "coordinates": [ 37.5842129, 55.7598926 ] } },
{ "type": "Feature", "properties": { "osm_id": "13371918796", "name": "Корчма", "other_tags": "\"amenity\"=>\"restaurant\",\"contact:phone\"=>\"+7 499 3507744;+7 499 7641532\",\"contact:website\"=>\"https://korchma.ru\",\"cuisine\"=>\"ukrainian\"" }, "geometry": { "type": "Point", "coordinates": [ 37.5844029, 55.7600617 ] } },
{ "type": "Feature", "properties": { "osm_id": "13391097153", "name": "Dogma", "other_tags": "\"check_date\"=>\"2025-12-20\",\"office\"=>\"company\"" }, "geometry": { "type": "Point", "coordinates": [ 37.5845697, 55.759662 ] } },
{ "type": "Feature", "properties": { "osm_id": "13391097156", "other_tags": "\"amenity\"=>\"security_booth\",\"check_date\"=>\"2025-12-20\"" }, "geometry": { "type": "Point", "coordinates": [ 37.580163, 55.7607449 ] } },
{ "type": "Feature", "properties": { "osm_id": "13391097157", "name": "Кранчи Дрим", "other_tags": "\"amenity\"=>\"fast_food\",\"check_date\"=>\"2025-12-20\",\"cuisine\"=>\"donut\"" }, "geometry": { "type": "Point", "coordinates": [ 37.5796649, 55.7610491 ] } },
{ "type": "Feature", "properties": { "osm_id": "13391097158", "other_tags": "\"check_date\"=>\"2025-12-20\",\"shop\"=>\"tobacco\"" }, "geometry": { "type": "Point", "coordinates": [ 37.5796307, 55.7610259 ] } },
{ "type": "Feature", "properties": { "osm_id": "13391097159", "other_tags": "\"check_date\"=>\"2025-12-20\",\"shop\"=>\"frame\"" }, "geometry": { "type": "Point", "coordinates": [ 37.5792046, 55.7605424 ] } },
{ "type": "Feature", "properties": { "osm_id": "13391097160", "other_tags": "\"artwork_type\"=>\"sculpture\",\"tourism\"=>\"artwork\"" }, "geometry": { "type": "Point", "coordinates": [ 37.5785581, 55.7611208 ] } },
{ "type": "Feature", "properties": { "osm_id": "13391097161", "other_tags": "\"amenity\"=>\"vending_machine\",\"check_date\"=>\"2025-12-20\",\"vending\"=>\"tickets\"" }, "geometry": { "type": "Point", "coordinates": [ 37.5784748, 55.7611736 ] } },
{ "type": "Feature", "properties": { "osm_id": "13391097162", "other_tags": "\"amenity\"=>\"vending_machine\",\"check_date\"=>\"2025-12-20\",\"vending\"=>\"tickets\"" }, "geometry": { "type": "Point", "coordinates": [ 37.5787752, 55.7613301 ] } },
{ "type": "Feature", "properties": { "osm_id": "13391097163", "other_tags": "\"check_date\"=>\"2025-12-20\",\"shop\"=>\"hardware\"" }, "geometry": { "type": "Point", "coordinates": [ 37.5789959, 55.7643182 ] } },
{ "type": "Feature", "properties": { "osm_id": "13391097164", "other_tags": "\"check_date\"=>\"2025-12-20\",\"opening_hours\"=>\"10:00-19:00\",\"shop\"=>\"religion\"" }, "geometry": { "type": "Point", "coordinates": [ 37.5769429, 55.7657591 ] } },
{ "type": "Feature", "properties": { "osm_id": "13391097165", "other_tags": "\"check_date\"=>\"2025-12-20\",\"office\"=>\"notary\"" }, "geometry": { "type": "Point", "coordinates": [ 37.5790303, 55.7663304 ] } },
{ "type": "Feature", "properties": { "osm_id": "13395211167", "other_tags": "\"xmas:feature\"=>\"tree\"" }, "geometry": { "type": "Point", "coordinates": [ 37.5813357, 55.7605364 ] } },
{ "type": "Feature", "properties": { "osm_id": "13409031207", "other_tags": "\"addr:housenumber\"=>\"11 с2\",\"addr:street\"=>\"Зоологическая улица\"" }, "geometry": { "type": "Point", "coordinates": [ 37.5810101, 55.7640195 ] } },
{ "type": "Feature", "properties": { "osm_id": "13736801868", "name": "Пихта Банк", "other_tags": "\"amenity\"=>\"bank\",\"check_date\"=>\"2026-04-25\"" }, "geometry": { "type": "Point", "coordinates": [ 37.5728761, 55.7616131 ] } },
{ "type": "Feature", "properties": { "osm_id": "13736801877", "other_tags": "\"information\"=>\"guidepost\",\"tourism\"=>\"information\"" }, "geometry": { "type": "Point", "coordinates": [ 37.5761846, 55.7611233 ] } },
{ "type": "Feature", "properties": { "osm_id": "13761086295", "name": "Орто Интеллект", "other_tags": "\"amenity\"=>\"dentist\",\"check_date\"=>\"2026-04-25\",\"healthcare\"=>\"dentist\"" }, "geometry": { "type": "Point", "coordinates": [ 37.5722676, 55.7650735 ] } },
{ "type": "Feature", "properties": { "osm_id": "13761086296", "name": "Студия цветов", "other_tags": "\"check_date\"=>\"2026-04-25\",\"shop\"=>\"florist\"" }, "geometry": { "type": "Point", "coordinates": [ 37.5719572, 55.7637604 ] } },
{ "type": "Feature", "properties": { "osm_id": "13761139612", "other_tags": "\"check_date\"=>\"2026-04-25\",\"shop\"=>\"florist\"" }, "geometry": { "type": "Point", "coordinates": [ 37.5720266, 55.763949 ] } },
{ "type": "Feature", "properties": { "osm_id": "13761139613", "other_tags": "\"check_date\"=>\"2026-04-25\",\"shop\"=>\"tobacco\"" }, "geometry": { "type": "Point", "coordinates": [ 37.5720802, 55.7639302 ] } },
{ "type": "Feature", "properties": { "osm_id": "13761139614", "name": "Хмель & Солод", "other_tags": "\"check_date\"=>\"2026-04-25\",\"shop\"=>\"alcohol\"" }, "geometry": { "type": "Point", "coordinates": [ 37.5720108, 55.7639224 ] } },
{ "type": "Feature", "properties": { "osm_id": "13761139615", "name": "Ozon", "other_tags": "\"brand\"=>\"Ozon\",\"brand:wikidata\"=>\"Q2365235\",\"brand:wikipedia\"=>\"ru:Ozon.ru\",\"check_date\"=>\"2026-04-25\",\"contact:facebook\"=>\"https://www.facebook.com/ozon.ru\",\"contact:instagram\"=>\"https://www.instagram.com/ozonru\",\"contact:phone\"=>\"+7 800 7758181\",\"contact:twitter\"=>\"https://twitter.com/Ozon_ru\",\"contact:vk\"=>\"https://vk.com/ozon\",\"contact:website\"=>\"https://www.ozon.ru/\",\"shop\"=>\"outpost\"" }, "geometry": { "type": "Point", "coordinates": [ 37.5720046, 55.7638932 ] } },
{ "type": "Feature", "properties": { "osm_id": "13761139616", "name": "Wildberries", "other_tags": "\"brand\"=>\"Wildberries\",\"brand:wikidata\"=>\"Q24933714\",\"brand:wikipedia\"=>\"ru:Wildberries\",\"check_date\"=>\"2026-04-25\",\"contact:email\"=>\"sales@wildberries.ru\",\"contact:facebook\"=>\"https://www.facebook.com/wbbot\",\"contact:instagram\"=>\"https://www.instagram.com/wildberriesru\",\"contact:ok\"=>\"https://ok.ru/wildberries\",\"contact:telegram\"=>\"wbshop_bot\",\"contact:twitter\"=>\"https://twitter.com/wildberries_ru\",\"contact:viber\"=>\"wildberries\",\"contact:vk\"=>\"https://vk.com/wbbot\",\"contact:website\"=>\"https://www.wildberries.ru\",\"contact:whatsapp\"=>\"+7 926 5373137\",\"name:en\"=>\"Wildberries\",\"shop\"=>\"outpost\"" }, "geometry": { "type": "Point", "coordinates": [ 37.5719931, 55.7638725 ] } },
{ "type": "Feature", "properties": { "osm_id": "13761139617", "name": "АптекаПлюс", "other_tags": "\"amenity\"=>\"pharmacy\",\"brand\"=>\"АптекаПлюс\",\"check_date\"=>\"2026-04-25\",\"healthcare\"=>\"pharmacy\",\"opening_hours\"=>\"09:00-21:00\"" }, "geometry": { "type": "Point", "coordinates": [ 37.5719769, 55.763831 ] } },
{ "type": "Feature", "properties": { "osm_id": "13761139618", "other_tags": "\"check_date\"=>\"2026-04-25\",\"shop\"=>\"copyshop\"" }, "geometry": { "type": "Point", "coordinates": [ 37.5719712, 55.7638034 ] } },
{ "type": "Feature", "properties": { "osm_id": "13761139626", "other_tags": "\"amenity\"=>\"atm\",\"brand\"=>\"Райффайзен\",\"brand:en\"=>\"Raiffeisen Bank\",\"brand:ru\"=>\"Райффайзен\",\"brand:wikidata\"=>\"Q4389244\",\"check_date\"=>\"2026-04-25\",\"operator\"=>\"Райффайзен\",\"operator:wikidata\"=>\"Q4389244\"" }, "geometry": { "type": "Point", "coordinates": [ 37.5723011, 55.7617493 ] } },
{ "type": "Feature", "properties": { "osm_id": "13761139627", "other_tags": "\"amenity\"=>\"atm\",\"check_date\"=>\"2026-04-25\",\"operator\"=>\"МКБ\"" }, "geometry": { "type": "Point", "coordinates": [ 37.5721934, 55.7617769 ] } },
{ "type": "Feature", "properties": { "osm_id": "13761139628", "name": "Ромбаба", "other_tags": "\"check_date\"=>\"2026-04-25\",\"shop\"=>\"confectionery\"" }, "geometry": { "type": "Point", "coordinates": [ 37.5733964, 55.7615522 ] } },
{ "type": "Feature", "properties": { "osm_id": "13761139629", "name": "Пятёрочка", "other_tags": "\"brand\"=>\"Пятёрочка\",\"brand:en\"=>\"Pyaterochka\",\"brand:ru\"=>\"Пятёрочка\",\"brand:wikidata\"=>\"Q1768969\",\"check_date\"=>\"2026-04-25\",\"name:en\"=>\"Pyaterochka\",\"name:ru\"=>\"Пятёрочка\",\"opening_hours\"=>\"08:00-23:00\",\"shop\"=>\"supermarket\"" }, "geometry": { "type": "Point", "coordinates": [ 37.5738186, 55.7614812 ] } },
{ "type": "Feature", "properties": { "osm_id": "13761139630", "name": "Lamoda", "other_tags": "\"brand\"=>\"Lamoda\",\"brand:wikidata\"=>\"Q97658635\",\"brand:wikipedia\"=>\"ru:Lamoda\",\"check_date\"=>\"2026-04-25\",\"contact:facebook\"=>\"https://www.facebook.com/Lamoda.ru\",\"contact:instagram\"=>\"https://www.instagram.com/lamodaru\",\"contact:vk\"=>\"https://vk.com/lamodaru\",\"contact:website\"=>\"https://www.lamoda.ru\",\"shop\"=>\"outpost\"" }, "geometry": { "type": "Point", "coordinates": [ 37.5745726, 55.7615336 ] } },
{ "type": "Feature", "properties": { "osm_id": "13761139631", "name": "Образовательный центр Московского Зоопарка", "other_tags": "\"amenity\"=>\"training\",\"check_date\"=>\"2026-04-25\"" }, "geometry": { "type": "Point", "coordinates": [ 37.5754268, 55.7616239 ] } },
{ "type": "Feature", "properties": { "osm_id": "13761139632", "other_tags": "\"check_date\"=>\"2026-04-25\",\"shop\"=>\"gift\"" }, "geometry": { "type": "Point", "coordinates": [ 37.5765218, 55.7611772 ] } },
{ "type": "Feature", "properties": { "osm_id": "13761139633", "name": "Вареничная №1", "other_tags": "\"amenity\"=>\"restaurant\",\"check_date\"=>\"2026-02-14\",\"contact:website\"=>\"http://www.varenichnaya.ru\",\"name:en\"=>\"Varenichnaya #1\"" }, "geometry": { "type": "Point", "coordinates": [ 37.5807947, 55.7597883 ] } },
{ "type": "Feature", "properties": { "osm_id": "13785159512", "name": "О! Да", "other_tags": "\"amenity\"=>\"doctors\",\"check_date\"=>\"2026-05-01\",\"healthcare\"=>\"doctor\",\"healthcare:speciality\"=>\"psychiatry\"" }, "geometry": { "type": "Point", "coordinates": [ 37.579625, 55.7595433 ] } },
{ "type": "Feature", "properties": { "osm_id": "13785159527", "name": "4к", "other_tags": "\"check_date\"=>\"2026-05-01\",\"shop\"=>\"hairdresser\"" }, "geometry": { "type": "Point", "coordinates": [ 37.5787732, 55.7595595 ] } },
{ "type": "Feature", "properties": { "osm_id": "13785159528", "name": "Ригла", "other_tags": "\"amenity\"=>\"pharmacy\",\"brand\"=>\"Ригла\",\"brand:wikidata\"=>\"Q4394431\",\"check_date\"=>\"2026-05-01\",\"healthcare\"=>\"pharmacy\"" }, "geometry": { "type": "Point", "coordinates": [ 37.5797212, 55.7599701 ] } },
{ "type": "Feature", "properties": { "osm_id": "13792284604", "name": "Молочно-раздаточный пункт №174", "other_tags": "\"amenity\"=>\"social_facility\",\"check_date\"=>\"2026-04-25\",\"opening_hours\"=>\"Mo-Su 06:30-12:30,13:00-15:00\",\"social_facility\"=>\"dairy_kitchen\"" }, "geometry": { "type": "Point", "coordinates": [ 37.5720473, 55.764109 ] } },
{ "type": "Feature", "properties": { "osm_id": "13843616290", "other_tags": "\"amenity\"=>\"waste_disposal\"" }, "geometry": { "type": "Point", "coordinates": [ 37.5791739, 55.7631772 ] } },
{ "type": "Feature", "properties": { "osm_id": "14009945263", "name": "Ramen Room", "other_tags": "\"amenity\"=>\"restaurant\",\"contact:website\"=>\"https://ramenroom.rest\",\"cuisine\"=>\"asian\"" }, "geometry": { "type": "Point", "coordinates": [ 37.5847956, 55.7601945 ] } }
]
}
