<?xml version='1.0' encoding='UTF-8'?>
<osm version="0.6" generator="JOSM">
  <bounds minlat="55.7595289" minlon="37.5719547" maxlat="55.7669655" maxlon="37.5873184" origin="openstreetmap-cgimap 2.1.0 (2768215 spike-08.openstreetmap.org)"/>
  <node id="-42419" action="modify" visible="true" lat="55.76133976103" lon="37.57822205899"/>
  <node id="-42420" action="modify" visible="true" lat="55.76130623291" lon="37.5781868464"/>
  <node id="-42421" action="modify" visible="true" lat="55.76129404086" lon="37.57822476765"/>
  <node id="-42422" action="modify" visible="true" lat="55.76132756899" lon="37.57826133457"/>
  <node id="-42423" action="modify" visible="true" lat="55.76131742631" lon="37.57845513139"/>
  <node id="-42424" action="modify" visible="true" lat="55.76129580925" lon="37.57843469489"/>
  <node id="-42425" action="modify" visible="true" lat="55.76128523069" lon="37.57847066314"/>
  <node id="-42426" action="modify" visible="true" lat="55.76130776762" lon="37.57849028218"/>
  <node id="-42427" action="modify" visible="true" lat="55.76192729869" lon="37.57889901148"/>
  <node id="-42428" action="modify" visible="true" lat="55.76191442065" lon="37.57911482099"/>
  <node id="-42429" action="modify" visible="true" lat="55.76150171694" lon="37.57884562029">
    <tag k="attraction" v="animal"/>
    <tag k="is_in:zoo" v="Московский зоопарк"/>
    <tag k="name" v="Капибара"/>
  </node>
  <node id="-42430" action="modify" visible="true" lat="55.76172064539" lon="37.57869847745">
    <tag k="attraction" v="animal"/>
    <tag k="is_in:zoo" v="Московский зоопарк"/>
    <tag k="name" v="Викуья"/>
  </node>
  <node id="-42431" action="modify" visible="true" lat="55.76178655986" lon="37.57865213849"/>
  <node id="-42432" action="modify" visible="true" lat="55.76178135642" lon="37.57871973141">
    <tag k="attraction" v="animal"/>
    <tag k="is_in:zoo" v="Московский зоопарк"/>
    <tag k="name" v="Лама"/>
  </node>
  <node id="-42433" action="modify" visible="true" lat="55.76203768173" lon="37.57884832895">
    <tag k="attraction" v="animal"/>
    <tag k="is_in:zoo" v="Московский зоопарк"/>
    <tag k="name" v="Гигантский муравьед"/>
  </node>
  <node id="-42434" action="modify" visible="true" lat="55.76208643414" lon="37.57885323371">
    <tag k="attraction" v="animal"/>
    <tag k="is_in:zoo" v="Московский зоопарк"/>
    <tag k="name" v="Паламедея хохлатая"/>
  </node>
  <node id="-42435" action="modify" visible="true" lat="55.76281573219" lon="37.5786080418">
    <tag k="attraction" v="animal"/>
    <tag k="is_in:zoo" v="Московский зоопарк"/>
  </node>
  <node id="-42436" action="modify" visible="true" lat="55.76278220535" lon="37.57860262448">
    <tag k="attraction" v="animal"/>
    <tag k="is_in:zoo" v="Московский зоопарк"/>
  </node>
  <node id="-42437" action="modify" visible="true" lat="55.76261820354" lon="37.57833052747"/>
  <node id="-42438" action="modify" visible="true" lat="55.76279945935" lon="37.57780245354"/>
  <node id="-42439" action="modify" visible="true" lat="55.76264637006" lon="37.57763829845"/>
  <node id="-42440" action="modify" visible="true" lat="55.76257990783" lon="37.57789186296"/>
  <node id="-42441" action="modify" visible="true" lat="55.76246539837" lon="37.57810097631"/>
  <node id="-42442" action="modify" visible="true" lat="55.76261804054" lon="37.57833044957"/>
  <node id="-42443" action="modify" visible="true" lat="55.76264657297" lon="37.57799588582">
    <tag k="attraction" v="animal"/>
    <tag k="is_in:zoo" v="Московский зоопарк"/>
    <tag k="name" v="Птицы"/>
  </node>
  <node id="-42444" action="modify" visible="true" lat="55.76293741701" lon="37.57869011565">
    <tag k="attraction" v="animal"/>
    <tag k="is_in:zoo" v="Московский зоопарк"/>
  </node>
  <node id="-42445" action="modify" visible="true" lat="55.76301232007" lon="37.57869742896"/>
  <node id="-42446" action="modify" visible="true" lat="55.76291250269" lon="37.57817127025"/>
  <node id="-42447" action="modify" visible="true" lat="55.76287897593" lon="37.57813605766"/>
  <node id="-42448" action="modify" visible="true" lat="55.76286678438" lon="37.57817397891"/>
  <node id="-42449" action="modify" visible="true" lat="55.76290031115" lon="37.57821054583"/>
  <node id="-42450" action="modify" visible="true" lat="55.76337272962" lon="37.57816924078">
    <tag k="attraction" v="animal"/>
    <tag k="is_in:zoo" v="Московский зоопарк"/>
    <tag k="name" v="Фауна России"/>
  </node>
  <node id="-42451" action="modify" visible="true" lat="55.76357599719" lon="37.57783213389"/>
  <node id="-42452" action="modify" visible="true" lat="55.76351266023" lon="37.57769139845"/>
  <node id="-42453" action="modify" visible="true" lat="55.76344338955" lon="37.57772768425"/>
  <node id="-42454" action="modify" visible="true" lat="55.76337007102" lon="37.57778757952"/>
  <node id="-42455" action="modify" visible="true" lat="55.76331423513" lon="37.57787344881"/>
  <node id="-42456" action="modify" visible="true" lat="55.76328019316" lon="37.57801218193"/>
  <node id="-42457" action="modify" visible="true" lat="55.76329653368" lon="37.57793629528"/>
  <node id="-42458" action="modify" visible="true" lat="55.76333920364" lon="37.57782524019"/>
  <node id="-42459" action="modify" visible="true" lat="55.76354874295" lon="37.57776971264"/>
  <node id="-42460" action="modify" visible="true" lat="55.76354264728" lon="37.57770741344"/>
  <node id="-42461" action="modify" visible="true" lat="55.76280354062" lon="37.5772401681">
    <tag k="attraction" v="animal"/>
    <tag k="is_in:zoo" v="Московский зоопарк"/>
    <tag k="name" v="Павлины"/>
  </node>
  <node id="-42462" action="modify" visible="true" lat="55.76277001376" lon="37.57648986907">
    <tag k="attraction" v="animal"/>
    <tag k="is_in:zoo" v="Московский зоопарк"/>
    <tag k="name" v="Гриф"/>
  </node>
  <node id="-42463" action="modify" visible="true" lat="55.76262523838" lon="37.57651966434">
    <tag k="attraction" v="animal"/>
    <tag k="is_in:zoo" v="Московский зоопарк"/>
    <tag k="name" v="Скала хищных птиц"/>
  </node>
  <node id="-42464" action="modify" visible="true" lat="55.76275325032" lon="37.57627046754">
    <tag k="attraction" v="animal"/>
    <tag k="is_in:zoo" v="Московский зоопарк"/>
    <tag k="name" v="Андский кондор"/>
  </node>
  <node id="-42465" action="modify" visible="true" lat="55.76344511714" lon="37.57703701854">
    <tag k="attraction" v="animal"/>
    <tag k="is_in:zoo" v="Московский зоопарк"/>
    <tag k="name" v="Китоглав"/>
  </node>
  <node id="-42466" action="modify" visible="true" lat="55.76382609583" lon="37.57728079801"/>
  <node id="-42467" action="modify" visible="true" lat="55.76406077685" lon="37.57702076658"/>
  <node id="-42468" action="modify" visible="true" lat="55.7638657174" lon="37.57702889256"/>
  <node id="-42469" action="modify" visible="true" lat="55.76424669198" lon="37.57666864068"/>
  <node id="-42470" action="modify" visible="true" lat="55.76421926193" lon="37.57677698711"/>
  <node id="-42471" action="modify" visible="true" lat="55.76426173897" lon="37.57681626523"/>
  <node id="-42472" action="modify" visible="true" lat="55.76417659293" lon="37.57679323907"/>
  <node id="-42473" action="modify" visible="true" lat="55.76387790864" lon="37.57715349096">
    <tag k="attraction" v="animal"/>
    <tag k="is_in:zoo" v="Московский зоопарк"/>
    <tag k="name" v="Серый тюлень"/>
  </node>
  <node id="-42474" action="modify" visible="true" lat="55.76392972139" lon="37.57697201069">
    <tag k="attraction" v="animal"/>
    <tag k="is_in:zoo" v="Московский зоопарк"/>
    <tag k="name" v="Птица-секретарь"/>
  </node>
  <node id="-42475" action="modify" visible="true" lat="55.76406230074" lon="37.57670385327">
    <tag k="attraction" v="animal"/>
    <tag k="is_in:zoo" v="Московский зоопарк"/>
    <tag k="name" v="Райская красавка"/>
  </node>
  <node id="-42476" action="modify" visible="true" lat="55.76409735038" lon="37.57715619962">
    <tag k="attraction" v="animal"/>
    <tag k="is_in:zoo" v="Московский зоопарк"/>
    <tag k="name" v="Ящерицы"/>
  </node>
  <node id="-42477" action="modify" visible="true" lat="55.76397696236" lon="37.57742164838">
    <tag k="attraction" v="animal"/>
    <tag k="is_in:zoo" v="Московский зоопарк"/>
    <tag k="name" v="Рептилии"/>
  </node>
  <node id="-42478" action="modify" visible="true" lat="55.76368371272" lon="37.5770854101"/>
  <node id="-42479" action="modify" visible="true" lat="55.7638330559" lon="37.57744837064"/>
  <node id="-42480" action="modify" visible="true" lat="55.7638833448" lon="37.57741586671"/>
  <node id="-42481" action="modify" visible="true" lat="55.76398697021" lon="37.57724792974"/>
  <node id="-42482" action="modify" visible="true" lat="55.76407535637" lon="37.5770854101"/>
  <node id="-42483" action="modify" visible="true" lat="55.76418050516" lon="37.57693914242"/>
  <node id="-42484" action="modify" visible="true" lat="55.76420793523" lon="37.57694455974"/>
  <node id="-42485" action="modify" visible="true" lat="55.76404553786" lon="37.57620816835">
    <tag k="attraction" v="animal"/>
    <tag k="is_in:zoo" v="Московский зоопарк"/>
    <tag k="name" v="Черный лебедь"/>
  </node>
  <node id="-42486" action="modify" visible="true" lat="55.76400439257" lon="37.5760456487">
    <tag k="attraction" v="animal"/>
    <tag k="is_in:zoo" v="Московский зоопарк"/>
    <tag k="name" v="Фазан"/>
  </node>
  <node id="-42487" action="modify" visible="true" lat="55.76397543846" lon="37.57592646762">
    <tag k="attraction" v="animal"/>
    <tag k="is_in:zoo" v="Московский зоопарк"/>
    <tag k="name" v="Австралийская пеганка"/>
  </node>
  <node id="-42488" action="modify" visible="true" lat="55.763935817" lon="37.57569081414">
    <tag k="attraction" v="animal"/>
    <tag k="is_in:zoo" v="Московский зоопарк"/>
    <tag k="name" v="Гимолайский монал"/>
  </node>
  <node id="-42489" action="modify" visible="true" lat="55.76374228083" lon="37.57544974333">
    <tag k="attraction" v="animal"/>
    <tag k="is_in:zoo" v="Московский зоопарк"/>
    <tag k="name" v="Овцебык"/>
  </node>
  <node id="-42490" action="modify" visible="true" lat="55.76345426067" lon="37.57555267244"/>
  <node id="-42491" action="modify" visible="true" lat="55.76351369358" lon="37.57575311333"/>
  <node id="-42492" action="modify" visible="true" lat="55.7633963516" lon="37.57610253058"/>
  <node id="-42493" action="modify" visible="true" lat="55.76331405961" lon="37.57640319192"/>
  <node id="-42494" action="modify" visible="true" lat="55.76349321514" lon="37.57739357238"/>
  <node id="-42495" action="modify" visible="true" lat="55.76336719157" lon="37.57669690747"/>
  <node id="-42496" action="modify" visible="true" lat="55.76324700675" lon="37.57572873539">
    <tag k="attraction" v="animal"/>
    <tag k="is_in:zoo" v="Московский зоопарк"/>
    <tag k="name" v="Лесной северный олень"/>
  </node>
  <node id="-42497" action="modify" visible="true" lat="55.76387486083" lon="37.57491071983">
    <tag k="attraction" v="animal"/>
    <tag k="is_in:zoo" v="Московский зоопарк"/>
    <tag k="name" v="Кустарниковая собака"/>
  </node>
  <node id="-42498" action="modify" visible="true" lat="55.76389162379" lon="37.57435815303">
    <tag k="attraction" v="animal"/>
    <tag k="is_in:zoo" v="Московский зоопарк"/>
    <tag k="name" v="Енот-полоскун"/>
  </node>
  <node id="-42499" action="modify" visible="true" lat="55.76402725107" lon="37.57437711366">
    <tag k="attraction" v="animal"/>
    <tag k="is_in:zoo" v="Московский зоопарк"/>
    <tag k="name" v="Змеиное сафари"/>
  </node>
  <node id="-42500" action="modify" visible="true" lat="55.76452251525" lon="37.5756447669">
    <tag k="attraction" v="animal"/>
    <tag k="is_in:zoo" v="Московский зоопарк"/>
    <tag k="name" v="Сивуч"/>
  </node>
  <node id="-42501" action="modify" visible="true" lat="55.76432593422" lon="37.57547141261">
    <tag k="attraction" v="animal"/>
    <tag k="is_in:zoo" v="Московский зоопарк"/>
    <tag k="name" v="Ластоногие"/>
  </node>
  <node id="-42502" action="modify" visible="true" lat="55.76441736662" lon="37.57430804416">
    <tag k="attraction" v="animal"/>
    <tag k="is_in:zoo" v="Московский зоопарк"/>
    <tag k="name" v="Черный аист"/>
  </node>
  <node id="-42503" action="modify" visible="true" lat="55.76444860623" lon="37.57443264256">
    <tag k="attraction" v="animal"/>
    <tag k="is_in:zoo" v="Московский зоопарк"/>
    <tag k="name" v="Свердоклювый ябиру"/>
  </node>
  <node id="-42504" action="modify" visible="true" lat="55.76449203687" lon="37.57454505198">
    <tag k="attraction" v="animal"/>
    <tag k="is_in:zoo" v="Московский зоопарк"/>
    <tag k="name" v="Паламедея хохлатая"/>
  </node>
  <node id="-42505" action="modify" visible="true" lat="55.76456175438" lon="37.57460870551">
    <tag k="attraction" v="animal"/>
    <tag k="is_in:zoo" v="Московский зоопарк"/>
    <tag k="name" v="Черношейный журавль"/>
  </node>
  <node id="-42506" action="modify" visible="true" lat="55.76467033019" lon="37.57455724163">
    <tag k="attraction" v="animal"/>
    <tag k="is_in:zoo" v="Московский зоопарк"/>
    <tag k="name" v="Карфский рогатый журавль"/>
  </node>
  <node id="-42507" action="modify" visible="true" lat="55.76461623262" lon="37.57435206058">
    <tag k="attraction" v="animal"/>
    <tag k="is_in:zoo" v="Московский зоопарк"/>
    <tag k="name" v="Дом птиц"/>
  </node>
  <node id="-42508" action="modify" visible="true" lat="55.76473357092" lon="37.57455182431">
    <tag k="attraction" v="animal"/>
    <tag k="is_in:zoo" v="Московский зоопарк"/>
    <tag k="name" v="Райская красавка"/>
  </node>
  <node id="-42509" action="modify" visible="true" lat="55.76492253096" lon="37.57479695743">
    <tag k="attraction" v="animal"/>
    <tag k="is_in:zoo" v="Московский зоопарк"/>
    <tag k="name" v="Казуар"/>
  </node>
  <node id="-42510" action="modify" visible="true" lat="55.76496824686" lon="37.57495541409">
    <tag k="attraction" v="animal"/>
    <tag k="is_in:zoo" v="Московский зоопарк"/>
    <tag k="name" v="Тукан Токо"/>
  </node>
  <node id="-42511" action="modify" visible="true" lat="55.76501167692" lon="37.57505021722">
    <tag k="attraction" v="animal"/>
    <tag k="is_in:zoo" v="Московский зоопарк"/>
    <tag k="name" v="Пунчана"/>
  </node>
  <node id="-42512" action="modify" visible="true" lat="55.76502920132" lon="37.57513689436">
    <tag k="attraction" v="animal"/>
    <tag k="is_in:zoo" v="Московский зоопарк"/>
    <tag k="name" v="Венценосная лесная куропатка"/>
  </node>
  <node id="-42513" action="modify" visible="true" lat="55.76501396272" lon="37.57528451637">
    <tag k="attraction" v="animal"/>
    <tag k="is_in:zoo" v="Московский зоопарк"/>
    <tag k="name" v="Кеа"/>
  </node>
  <node id="-42514" action="modify" visible="true" lat="55.76504520185" lon="37.57537661084">
    <tag k="attraction" v="animal"/>
    <tag k="is_in:zoo" v="Московский зоопарк"/>
    <tag k="name" v="Попугаи"/>
  </node>
  <node id="-42515" action="modify" visible="true" lat="55.76456975474" lon="37.5749513511">
    <tag k="attraction" v="animal"/>
    <tag k="is_in:zoo" v="Московский зоопарк"/>
    <tag k="name" v="Северный морской котик"/>
  </node>
  <node id="-42516" action="modify" visible="true" lat="55.76487148223" lon="37.57682845166">
    <tag k="attraction" v="animal"/>
    <tag k="name" v="Амфибии"/>
  </node>
  <node id="-42517" action="modify" visible="true" lat="55.76458651816" lon="37.57631651478">
    <tag k="attraction" v="animal"/>
    <tag k="name" v="Слоны"/>
  </node>
  <node id="-42518" action="modify" visible="true" lat="55.76306870654" lon="37.575292641">
    <tag k="attraction" v="animal"/>
    <tag k="is_in:zoo" v="Московский зоопарк"/>
    <tag k="name" v="Дальневосточный леопард"/>
  </node>
  <node id="-42519" action="modify" visible="true" lat="55.76265571745" lon="37.57519242055">
    <tag k="attraction" v="animal"/>
    <tag k="is_in:zoo" v="Московский зоопарк"/>
    <tag k="name" v="Милайский медведь"/>
  </node>
  <node id="-42520" action="modify" visible="true" lat="55.76257189994" lon="37.57522221582">
    <tag k="attraction" v="animal"/>
    <tag k="is_in:zoo" v="Московский зоопарк"/>
    <tag k="name" v="Равнинный тапир"/>
  </node>
  <node id="-42521" action="modify" visible="true" lat="55.76252465727" lon="37.57511116073">
    <tag k="attraction" v="animal"/>
    <tag k="is_in:zoo" v="Московский зоопарк"/>
    <tag k="name" v="Беркут"/>
  </node>
  <node id="-42522" action="modify" visible="true" lat="55.76249722601" lon="37.57501364894">
    <tag k="attraction" v="animal"/>
    <tag k="is_in:zoo" v="Московский зоопарк"/>
    <tag k="name" v="Манул"/>
  </node>
  <node id="-42523" action="modify" visible="true" lat="55.76255666038" lon="37.57483216867">
    <tag k="attraction" v="animal"/>
    <tag k="is_in:zoo" v="Московский зоопарк"/>
    <tag k="name" v="Бинтуронг"/>
  </node>
  <node id="-42524" action="modify" visible="true" lat="55.76224272399" lon="37.57573415271">
    <tag k="attraction" v="animal"/>
    <tag k="is_in:zoo" v="Московский зоопарк"/>
    <tag k="name" v="Красный волк"/>
  </node>
  <node id="-42525" action="modify" visible="true" lat="55.76195926469" lon="37.57557975904">
    <tag k="attraction" v="animal"/>
    <tag k="is_in:zoo" v="Московский зоопарк"/>
    <tag k="name" v="Совы"/>
  </node>
  <node id="-42526" action="modify" visible="true" lat="55.76188001763" lon="37.5758316645">
    <tag k="attraction" v="animal"/>
    <tag k="is_in:zoo" v="Московский зоопарк"/>
    <tag k="name" v="Арахноландия"/>
  </node>
  <node id="-42527" action="modify" visible="true" lat="55.76123783231" lon="37.57792084794"/>
  <node id="-42528" action="modify" visible="true" lat="55.76131452722" lon="37.57800162605"/>
  <node id="-42529" action="modify" visible="true" lat="55.76135799948" lon="37.57809176809"/>
  <node id="-42530" action="modify" visible="true" lat="55.76136796187" lon="37.57820806741"/>
  <node id="-42531" action="modify" visible="true" lat="55.76135194712" lon="37.57831924356"/>
  <node id="-42532" action="modify" visible="true" lat="55.76133729073" lon="37.57841810476"/>
  <node id="-42533" action="modify" visible="true" lat="55.76130846408" lon="37.57837939233"/>
  <node id="-42534" action="modify" visible="true" lat="55.76185812487" lon="37.57857251744"/>
  <node id="-42535" action="modify" visible="true" lat="55.76194561114" lon="37.57881140179"/>
  <node id="-42536" action="modify" visible="true" lat="55.76221694784" lon="37.57858383404"/>
  <node id="-42537" action="modify" visible="true" lat="55.76243890429" lon="37.57830384212"/>
  <node id="-42538" action="modify" visible="true" lat="55.76258833569" lon="37.57810585157"/>
  <node id="-42539" action="modify" visible="true" lat="55.76273414395" lon="37.57765997041"/>
  <node id="-42540" action="modify" visible="true" lat="55.7628364811" lon="37.57737827654"/>
  <node id="-42541" action="modify" visible="true" lat="55.76278113518" lon="37.57687395567"/>
  <node id="-42542" action="modify" visible="true" lat="55.76281259094" lon="37.57841098943"/>
  <node id="-42543" action="modify" visible="true" lat="55.7636551058" lon="37.57784319507"/>
  <node id="-42544" action="modify" visible="true" lat="55.76479713748" lon="37.57677786456"/>
  <node id="-42545" action="modify" visible="true" lat="55.76503440181" lon="37.57649456101"/>
  <node id="-42546" action="modify" visible="true" lat="55.76521008514" lon="37.57580239893"/>
  <node id="-42547" action="modify" visible="true" lat="55.76491667541" lon="37.57514886914"/>
  <node id="-42548" action="modify" visible="true" lat="55.76484060586" lon="37.57485590751"/>
  <node id="-42549" action="modify" visible="true" lat="55.76486777358" lon="37.5745854814"/>
  <node id="-42550" action="modify" visible="true" lat="55.76450915824" lon="37.57463377177"/>
  <node id="-42551" action="modify" visible="true" lat="55.76247513104" lon="37.57487844302"/>
  <node id="-42552" action="modify" visible="true" lat="55.76231392577" lon="37.57491063661"/>
  <node id="-42553" action="modify" visible="true" lat="55.76333844244" lon="37.57496489305">
    <tag k="attraction" v="animal"/>
    <tag k="is_in:zoo" v="Московский зоопарк"/>
    <tag k="name" v="Пума"/>
  </node>
  <node id="-42554" action="modify" visible="true" lat="55.76195316877" lon="37.57747311293">
    <tag k="attraction" v="animal"/>
    <tag k="is_in:zoo" v="Московский зоопарк"/>
    <tag k="name" v="Утки"/>
  </node>
  <node id="-42555" action="modify" visible="true" lat="55.7643746986" lon="37.57429314517"/>
  <node id="-42556" action="modify" visible="true" lat="55.76439599137" lon="37.57434708608"/>
  <node id="-42557" action="modify" visible="true" lat="55.76151499887" lon="37.57852185934"/>
  <node id="-42558" action="modify" visible="true" lat="55.76164841897" lon="37.57854058699"/>
  <node id="-42559" action="modify" visible="true" lat="55.76172683665" lon="37.57855159419"/>
  <node id="-42560" action="modify" visible="true" lat="55.76178670106" lon="37.57855999716"/>
  <node id="-42561" action="modify" visible="true" lat="55.76200106445" lon="37.57874090611"/>
  <node id="-42562" action="modify" visible="true" lat="55.76204581786" lon="37.57868865878"/>
  <node id="-42563" action="modify" visible="true" lat="55.76239087827" lon="37.57884687814"/>
  <node id="-42564" action="modify" visible="true" lat="55.76230738694" lon="37.57896770268"/>
  <node id="-42565" action="modify" visible="true" lat="55.76271891168" lon="37.57852793172"/>
  <node id="-42566" action="modify" visible="true" lat="55.76269540232" lon="37.57875439744"/>
  <node id="-42567" action="modify" visible="true" lat="55.76275608273" lon="37.57849619662"/>
  <node id="-42568" action="modify" visible="true" lat="55.7627792924" lon="37.57846841736"/>
  <node id="-42569" action="modify" visible="true" lat="55.76311559949" lon="37.57852910512"/>
  <node id="-42570" action="modify" visible="true" lat="55.76315000848" lon="37.5785046317"/>
  <node id="-42571" action="modify" visible="true" lat="55.76317725669" lon="37.57847879367"/>
  <node id="-42572" action="modify" visible="true" lat="55.76321447977" lon="37.57843133295"/>
  <node id="-42573" action="modify" visible="true" lat="55.76324406571" lon="37.57834600261"/>
  <node id="-42574" action="modify" visible="true" lat="55.76315340485" lon="37.57796019946"/>
  <node id="-42575" action="modify" visible="true" lat="55.76317227807" lon="37.57783923304"/>
  <node id="-42576" action="modify" visible="true" lat="55.76352615187" lon="37.57766137788"/>
  <node id="-42577" action="modify" visible="true" lat="55.76326428385" lon="37.57771981455"/>
  <node id="-42578" action="modify" visible="true" lat="55.76389892389" lon="37.57739061902"/>
  <node id="-42579" action="modify" visible="true" lat="55.76376083703" lon="37.57727285123"/>
  <node id="-42580" action="modify" visible="true" lat="55.76383615818" lon="37.57679524776"/>
  <node id="-42581" action="modify" visible="true" lat="55.76397977961" lon="37.57653550104"/>
  <node id="-42582" action="modify" visible="true" lat="55.76406093018" lon="37.57638873565"/>
  <node id="-42583" action="modify" visible="true" lat="55.76414347332" lon="37.57699065575"/>
  <node id="-42584" action="modify" visible="true" lat="55.76409689863" lon="37.57613663829"/>
  <node id="-42585" action="modify" visible="true" lat="55.76446640265" lon="37.57589995348"/>
  <node id="-42586" action="modify" visible="true" lat="55.76474246443" lon="37.57460235531"/>
  <node id="-42587" action="modify" visible="true" lat="55.76467697455" lon="37.57461117404"/>
  <node id="-42588" action="modify" visible="true" lat="55.76456941348" lon="37.57462565796"/>
  <node id="-42589" action="modify" visible="true" lat="55.7648519442" lon="37.57474304631"/>
  <node id="-42590" action="modify" visible="true" lat="55.76486927854" lon="37.57496633264"/>
  <node id="-42591" action="modify" visible="true" lat="55.76490126108" lon="37.5750895049"/>
  <node id="-42592" action="modify" visible="true" lat="55.76491454986" lon="37.57519669201"/>
  <node id="-42593" action="modify" visible="true" lat="55.76491247507" lon="37.57524337278"/>
  <node id="-42594" action="modify" visible="true" lat="55.76490715176" lon="37.57536314221"/>
  <node id="-42595" action="modify" visible="true" lat="55.7649005377" lon="37.57551195228"/>
  <node id="-42596" action="modify" visible="true" lat="55.76458855595" lon="37.57481323035"/>
  <node id="-42597" action="modify" visible="true" lat="55.76459466946" lon="37.57481406401"/>
  <node id="-42598" action="modify" visible="true" lat="55.76448443309" lon="37.57457113547"/>
  <node id="-42599" action="modify" visible="true" lat="55.7644377763" lon="37.57445293976"/>
  <node id="-42600" action="modify" visible="true" lat="55.76389801085" lon="37.57446138241"/>
  <node id="-42601" action="modify" visible="true" lat="55.76360429581" lon="37.57457016897"/>
  <node id="-42602" action="modify" visible="true" lat="55.76383123718" lon="37.57477697181"/>
  <node id="-42603" action="modify" visible="true" lat="55.76391364359" lon="37.57507575732"/>
  <node id="-42604" action="modify" visible="true" lat="55.76393000257" lon="37.57555050141"/>
  <node id="-42605" action="modify" visible="true" lat="55.76399614409" lon="37.57578278931"/>
  <node id="-42606" action="modify" visible="true" lat="55.76404146772" lon="37.57594196535"/>
  <node id="-42607" action="modify" visible="true" lat="55.76462909167" lon="37.57572801434"/>
  <node id="-42608" action="modify" visible="true" lat="55.76369954698" lon="37.57528564428"/>
  <node id="-42609" action="modify" visible="true" lat="55.76365529346" lon="37.57496979586"/>
  <node id="-42610" action="modify" visible="true" lat="55.76345718922" lon="37.57518690553"/>
  <node id="-42611" action="modify" visible="true" lat="55.76353931556" lon="37.57546007858"/>
  <node id="-42612" action="modify" visible="true" lat="55.76339883086" lon="37.57497030093"/>
  <node id="-42613" action="modify" visible="true" lat="55.76324741403" lon="37.57535743763"/>
  <node id="-42614" action="modify" visible="true" lat="55.76315325502" lon="37.57541601169"/>
  <node id="-42615" action="modify" visible="true" lat="55.76342222341" lon="37.57700112609"/>
  <node id="-42616" action="modify" visible="true" lat="55.76263115919" lon="37.57797489762"/>
  <node id="-42617" action="modify" visible="true" lat="55.76281016223" lon="37.57813956429"/>
  <node id="-42618" action="modify" visible="true" lat="55.76214855464" lon="37.57617737567"/>
  <node id="-42619" action="modify" visible="true" lat="55.76199908127" lon="37.57558715991">
    <tag k="purpose" v="entry"/>
  </node>
  <node id="-42620" action="modify" visible="true" lat="55.76229467518" lon="37.57505018453"/>
  <node id="-42621" action="modify" visible="true" lat="55.7626771523" lon="37.57505453589"/>
  <node id="-42622" action="modify" visible="true" lat="55.76252680487" lon="37.57518533736"/>
  <node id="-42623" action="modify" visible="true" lat="55.76256634788" lon="37.57495795253"/>
  <node id="-42624" action="modify" visible="true" lat="55.76257131442" lon="37.57517721345"/>
  <node id="-42625" action="modify" visible="true" lat="55.76265317108" lon="37.57516227289"/>
  <node id="-42626" action="modify" visible="true" lat="55.7627506543" lon="37.57630244627"/>
  <node id="-42627" action="modify" visible="true" lat="55.76295641073" lon="37.57632524766"/>
  <node id="-42628" action="modify" visible="true" lat="55.76258319847" lon="37.57620877074"/>
  <node id="-42629" action="modify" visible="true" lat="55.76232522453" lon="37.57553071128"/>
  <node id="-42630" action="modify" visible="true" lat="55.76220758009" lon="37.57559668438"/>
  <node id="-42631" action="modify" visible="true" lat="55.76224939524" lon="37.57613240274"/>
  <node id="-42632" action="modify" visible="true" lat="55.76253941286" lon="37.57557929216"/>
  <node id="-42633" action="modify" visible="true" lat="55.76416952124" lon="37.57668849621">
    <tag k="attraction" v="animal"/>
    <tag k="is_in:zoo" v="Московский зоопарк"/>
    <tag k="name" v="Сурок"/>
  </node>
  <node id="-42634" action="modify" visible="true" lat="55.76257993484" lon="37.58001746109">
    <tag k="attraction" v="animal"/>
    <tag k="is_in:zoo" v="Московский зоопарк"/>
    <tag k="name" v="Кенгуру Беннетта"/>
  </node>
  <node id="-42635" action="modify" visible="true" lat="55.76275011935" lon="37.58068292706">
    <tag k="attraction" v="animal"/>
    <tag k="is_in:zoo" v="Московский зоопарк"/>
    <tag k="name" v="Харза"/>
  </node>
  <node id="-42636" action="modify" visible="true" lat="55.76278507608" lon="37.58165414766">
    <tag k="attraction" v="animal"/>
    <tag k="is_in:zoo" v="Московский зоопарк"/>
    <tag k="name" v="Полярный мир"/>
  </node>
  <node id="-42637" action="modify" visible="true" lat="55.76154869373" lon="37.58291477074">
    <tag k="attraction" v="animal"/>
    <tag k="is_in:zoo" v="Московский зоопарк"/>
    <tag k="name" v="Корова домашняя"/>
  </node>
  <node id="-42638" action="modify" visible="true" lat="55.76162412895" lon="37.5829769027">
    <tag k="attraction" v="animal"/>
    <tag k="is_in:zoo" v="Московский зоопарк"/>
    <tag k="name" v="Эдильбаевская овца"/>
  </node>
  <node id="-42639" action="modify" visible="true" lat="55.76129662864" lon="37.58263027178">
    <tag k="attraction" v="animal"/>
    <tag k="is_in:zoo" v="Московский зоопарк"/>
    <tag k="name" v="Камерунская коза"/>
  </node>
  <node id="-42640" action="modify" visible="true" lat="55.76199762314" lon="37.58379115835">
    <tag k="attraction" v="animal"/>
    <tag k="is_in:zoo" v="Московский зоопарк"/>
    <tag k="name" v="Крокодилы, змеи и вараны"/>
  </node>
  <node id="-42641" action="modify" visible="true" lat="55.76422287429" lon="37.58394158473">
    <tag k="attraction" v="animal"/>
    <tag k="is_in:zoo" v="Московский зоопарк"/>
    <tag k="name" v="Рыбы коралловых рифов"/>
  </node>
  <node id="-42642" action="modify" visible="true" lat="55.76474260276" lon="37.58382222597">
    <tag k="attraction" v="animal"/>
    <tag k="is_in:zoo" v="Московский зоопарк"/>
    <tag k="name" v="Копытные Азии"/>
  </node>
  <node id="-42643" action="modify" visible="true" lat="55.76318983682" lon="37.58446479958">
    <tag k="attraction" v="animal"/>
    <tag k="is_in:zoo" v="Московский зоопарк"/>
    <tag k="name" v="Карликовый бегемот"/>
  </node>
  <node id="-42644" action="modify" visible="true" lat="55.76312544349" lon="37.58418684082">
    <tag k="attraction" v="animal"/>
    <tag k="is_in:zoo" v="Московский зоопарк"/>
    <tag k="name" v="Обыкновенный дикдик"/>
  </node>
  <node id="-42645" action="modify" visible="true" lat="55.76309048707" lon="37.58403968618">
    <tag k="attraction" v="animal"/>
    <tag k="is_in:zoo" v="Московский зоопарк"/>
    <tag k="name" v="Медоед"/>
  </node>
  <node id="-42646" action="modify" visible="true" lat="55.76374729459" lon="37.58264335219"/>
  <node id="-42647" action="modify" visible="true" lat="55.76264432907" lon="37.58003708171"/>
  <node id="-42648" action="modify" visible="true" lat="55.76279151547" lon="37.58056520335"/>
  <node id="-42649" action="modify" visible="true" lat="55.76286694829" lon="37.58071235799"/>
  <node id="-42650" action="modify" visible="true" lat="55.76353574547" lon="37.58276153611"/>
  <node id="-42651" action="modify" visible="true" lat="55.76298009816" lon="37.58455309236"/>
  <node id="-42652" action="modify" visible="true" lat="55.76164620752" lon="37.58291150064"/>
  <node id="-42653" action="modify" visible="true" lat="55.76153198832" lon="37.58282073481"/>
  <node id="-42654" action="modify" visible="true" lat="55.76356975528" lon="37.5850844841"/>
  <node id="-42655" action="modify" visible="true" lat="55.76141438187" lon="37.58333334393">
    <tag k="entrance" v="side"/>
    <tag k="exit" v="side"/>
  </node>
  <node id="-42656" action="modify" visible="true" lat="55.7642311532" lon="37.58232124868">
    <tag k="exit" v="side"/>
  </node>
  <node id="-42657" action="modify" visible="true" lat="55.76095072644" lon="37.57751910074">
    <tag k="exit" v="main"/>
  </node>
  <node id="-42658" action="modify" visible="true" lat="55.76256224819" lon="37.57889386424"/>
  <node id="-42659" action="modify" visible="true" lat="55.76291317313" lon="37.57863543503"/>
  <node id="-42660" action="modify" visible="true" lat="55.76377070403" lon="37.57691983233"/>
  <node id="-42661" action="modify" visible="true" lat="55.76406276451" lon="37.57710856333"/>
  <node id="-42662" action="modify" visible="true" lat="55.76393787649" lon="37.57732749184"/>
  <node id="-42663" action="modify" visible="true" lat="55.76454675402" lon="37.57581503361"/>
  <node id="-42664" action="modify" visible="true" lat="55.76444301284" lon="37.57592467313"/>
  <node id="-42665" action="modify" visible="true" lat="55.76405582767" lon="37.57599239736"/>
  <node id="-42666" action="modify" visible="true" lat="55.76402127779" lon="37.57587105856"/>
  <node id="-42667" action="modify" visible="true" lat="55.76408817748" lon="37.57633945731"/>
  <node id="-42668" action="modify" visible="true" lat="55.76396239967" lon="37.57566427943"/>
  <node id="-42669" action="modify" visible="true" lat="55.76386839512" lon="37.57533413746"/>
  <node id="-42670" action="modify" visible="true" lat="55.76368643607" lon="37.57529991736"/>
  <node id="-42671" action="modify" visible="true" lat="55.76373942472" lon="37.57524223167"/>
  <node id="-42672" action="modify" visible="true" lat="55.7640615186" lon="37.57495058734"/>
  <node id="-42673" action="modify" visible="true" lat="55.76396959155" lon="37.57502839979"/>
  <node id="-42674" action="modify" visible="true" lat="55.76338303615" lon="37.57515719534"/>
  <node id="-42675" action="modify" visible="true" lat="55.76309287887" lon="37.57545357017"/>
  <node id="-42676" action="modify" visible="true" lat="55.76334429135" lon="37.57629273757"/>
  <node id="-42677" action="modify" visible="true" lat="55.7630219642" lon="37.57645574652"/>
  <node id="-42678" action="modify" visible="true" lat="55.76344660485" lon="37.57713590797"/>
  <node id="-42679" action="modify" visible="true" lat="55.76282773392" lon="37.57729857084"/>
  <node id="-42680" action="modify" visible="true" lat="55.76281277968" lon="37.5771623054"/>
  <node id="-42681" action="modify" visible="true" lat="55.76260198113" lon="37.57679876102"/>
  <node id="-42682" action="modify" visible="true" lat="55.76283836829" lon="37.57613396115"/>
  <node id="-42683" action="modify" visible="true" lat="55.76268309924" lon="37.57613027454"/>
  <node id="-42684" action="modify" visible="true" lat="55.76263562678" lon="37.58016474123"/>
  <node id="-42685" action="modify" visible="true" lat="55.76268234661" lon="37.5801734928"/>
  <node id="-42686" action="modify" visible="true" lat="55.76269073827" lon="37.58036263414"/>
  <node id="-42687" action="modify" visible="true" lat="55.76272982611" lon="37.58034385463"/>
  <node id="-42688" action="modify" visible="true" lat="55.76276556787" lon="37.58063133074"/>
  <node id="-42689" action="modify" visible="true" lat="55.76281503216" lon="37.58061107976"/>
  <node id="-42690" action="modify" visible="true" lat="55.76296995211" lon="37.58134489855"/>
  <node id="-42691" action="modify" visible="true" lat="55.76301503388" lon="37.58149189547"/>
  <node id="-42692" action="modify" visible="true" lat="55.76305329832" lon="37.58161666345"/>
  <node id="-42693" action="modify" visible="true" lat="55.76266029035" lon="37.58214391548"/>
  <node id="-42694" action="modify" visible="true" lat="55.76278781622" lon="37.58233516144"/>
  <node id="-42695" action="modify" visible="true" lat="55.76270003038" lon="37.58226634198"/>
  <node id="-42696" action="modify" visible="true" lat="55.76268710791" lon="37.582418992"/>
  <node id="-42697" action="modify" visible="true" lat="55.76262518222" lon="37.58262118204"/>
  <node id="-42698" action="modify" visible="true" lat="55.76269333729" lon="37.58279772257"/>
  <node id="-42699" action="modify" visible="true" lat="55.76309250786" lon="37.58371271638"/>
  <node id="-42700" action="modify" visible="true" lat="55.763019678" lon="37.58403526553"/>
  <node id="-42701" action="modify" visible="true" lat="55.76288812359" lon="37.58441404814"/>
  <node id="-42702" action="modify" visible="true" lat="55.76338952136" lon="37.58494267129"/>
  <node id="-42703" action="modify" visible="true" lat="55.76374896099" lon="37.58305010537"/>
  <node id="-42704" action="modify" visible="true" lat="55.76390817619" lon="37.58338201506"/>
  <node id="-42705" action="modify" visible="true" lat="55.76394899725" lon="37.58458355038"/>
  <node id="-42706" action="modify" visible="true" lat="55.76443284236" lon="37.58423423781"/>
  <node id="-42707" action="modify" visible="true" lat="55.76377440827" lon="37.58246464725"/>
  <node id="-42708" action="modify" visible="true" lat="55.76343799924" lon="37.58188200646"/>
  <node id="-42709" action="modify" visible="true" lat="55.7634373152" lon="37.58120064062"/>
  <node id="-42710" action="modify" visible="true" lat="55.76349414151" lon="37.58197222088"/>
  <node id="-42711" action="modify" visible="true" lat="55.76294451183" lon="37.58126194621"/>
  <node id="-42712" action="modify" visible="true" lat="55.7628495961" lon="37.58093305827"/>
  <node id="-42713" action="modify" visible="true" lat="55.76287064773" lon="37.58084414566"/>
  <node id="-42714" action="modify" visible="true" lat="55.76341360816" lon="37.5806085253"/>
  <node id="-42715" action="modify" visible="true" lat="55.76133749156" lon="37.5823807194"/>
  <node id="-42716" action="modify" visible="true" lat="55.76159102877" lon="37.5831632457"/>
  <node id="-42717" action="modify" visible="true" lat="55.76204595123" lon="37.5836000408"/>
  <node id="-42718" action="modify" visible="true" lat="55.76484157505" lon="37.57672480438"/>
  <node id="-42719" action="modify" visible="true" lat="55.76503041555" lon="37.57572587967"/>
  <node id="-42720" action="modify" visible="true" lat="55.764876028" lon="37.57499232639"/>
  <node id="-42721" action="modify" visible="true" lat="55.76473389903" lon="37.57460350871"/>
  <node id="-42722" action="modify" visible="true" lat="55.76466946137" lon="37.57461218575"/>
  <node id="-42723" action="modify" visible="true" lat="55.7646220823" lon="37.57461856571"/>
  <node id="-42724" action="modify" visible="true" lat="55.76253424302" lon="37.57492996819"/>
  <node id="-42725" action="modify" visible="true" lat="55.76250762534" lon="37.57490676679"/>
  <node id="-42726" action="modify" visible="true" lat="55.76244358356" lon="37.5749894163"/>
  <node id="-42727" action="modify" visible="true" lat="55.7630052578" lon="37.57853503147"/>
  <node id="-45325" action="modify" visible="true" lat="55.76425632093" lon="37.5859370304"/>
  <node id="-45335" action="modify" visible="true" lat="55.76275816275" lon="37.58457733704"/>
  <node id="-45336" action="modify" visible="true" lat="55.76265155005" lon="37.58437454658"/>
  <node id="-45337" action="modify" visible="true" lat="55.76258982678" lon="37.58426816471"/>
  <node id="-45338" action="modify" visible="true" lat="55.76227559768" lon="37.58403877879"/>
  <node id="-45339" action="modify" visible="true" lat="55.76221761465" lon="37.58429808461"/>
  <node id="269257974" timestamp="2025-11-23T11:41:08Z" uid="830106" user="literan" visible="true" version="3" changeset="175022075" lat="55.7636541" lon="37.5810542"/>
  <node id="269258039" timestamp="2026-05-18T07:24:16Z" uid="830106" user="literan" visible="true" version="6" changeset="182815711" lat="55.7626078" lon="37.5790625"/>
  <node id="269262652" timestamp="2011-08-17T06:36:45Z" uid="260756" user="Felis Pimeja" visible="true" version="3" changeset="9044556" lat="55.7624734" lon="37.5780912"/>
  <node id="269262669" timestamp="2023-07-24T08:46:08Z" uid="260756" user="Felis Pimeja" visible="true" version="4" changeset="138927867" lat="55.7626609" lon="37.577578"/>
  <node id="269262671" timestamp="2023-07-24T08:46:08Z" uid="260756" user="Felis Pimeja" visible="true" version="4" changeset="138927867" lat="55.762532" lon="37.5774166"/>
  <node id="269262674" timestamp="2023-07-24T08:46:08Z" uid="260756" user="Felis Pimeja" visible="true" version="4" changeset="138927867" lat="55.7625574" lon="37.5773477"/>
  <node id="269262676" timestamp="2023-07-24T08:46:08Z" uid="260756" user="Felis Pimeja" visible="true" version="4" changeset="138927867" lat="55.7626934" lon="37.577486"/>
  <node id="269262678" timestamp="2011-08-17T06:36:46Z" uid="260756" user="Felis Pimeja" visible="true" version="3" changeset="9044556" lat="55.7627565" lon="37.5773635"/>
  <node id="269262680" timestamp="2011-08-17T06:36:46Z" uid="260756" user="Felis Pimeja" visible="true" version="3" changeset="9044556" lat="55.7627511" lon="37.5773019"/>
  <node id="269262683" timestamp="2011-08-17T06:36:46Z" uid="260756" user="Felis Pimeja" visible="true" version="3" changeset="9044556" lat="55.7627704" lon="37.5772328"/>
  <node id="269262686" timestamp="2011-08-17T06:36:46Z" uid="260756" user="Felis Pimeja" visible="true" version="3" changeset="9044556" lat="55.7627506" lon="37.5771852"/>
  <node id="269262687" timestamp="2011-08-17T06:36:46Z" uid="260756" user="Felis Pimeja" visible="true" version="3" changeset="9044556" lat="55.7627346" lon="37.5770118"/>
  <node id="269262689" timestamp="2023-07-24T08:46:08Z" uid="260756" user="Felis Pimeja" visible="true" version="4" changeset="138927867" lat="55.7626736" lon="37.5768965"/>
  <node id="269262701" timestamp="2023-07-24T08:46:08Z" uid="260756" user="Felis Pimeja" visible="true" version="4" changeset="138927867" lat="55.7624302" lon="37.5768336"/>
  <node id="269262708" timestamp="2011-08-17T06:36:46Z" uid="260756" user="Felis Pimeja" visible="true" version="3" changeset="9044556" lat="55.7624016" lon="37.5767605"/>
  <node id="269262712" timestamp="2011-08-17T06:36:46Z" uid="260756" user="Felis Pimeja" visible="true" version="3" changeset="9044556" lat="55.7623969" lon="37.5766327"/>
  <node id="269262719" timestamp="2011-08-17T06:36:46Z" uid="260756" user="Felis Pimeja" visible="true" version="3" changeset="9044556" lat="55.7623942" lon="37.5763875"/>
  <node id="269262723" timestamp="2011-08-17T06:36:46Z" uid="260756" user="Felis Pimeja" visible="true" version="3" changeset="9044556" lat="55.762132" lon="37.5763165"/>
  <node id="269262726" timestamp="2011-08-17T06:36:46Z" uid="260756" user="Felis Pimeja" visible="true" version="3" changeset="9044556" lat="55.7621249" lon="37.5763709"/>
  <node id="269262729" timestamp="2011-08-17T06:36:46Z" uid="260756" user="Felis Pimeja" visible="true" version="3" changeset="9044556" lat="55.7619803" lon="37.5764506"/>
  <node id="269262731" timestamp="2011-08-17T06:36:47Z" uid="260756" user="Felis Pimeja" visible="true" version="3" changeset="9044556" lat="55.7619585" lon="37.5765021"/>
  <node id="269262733" timestamp="2023-07-24T08:46:08Z" uid="260756" user="Felis Pimeja" visible="true" version="4" changeset="138927867" lat="55.7619715" lon="37.5765856"/>
  <node id="269262735" timestamp="2023-07-24T08:46:08Z" uid="260756" user="Felis Pimeja" visible="true" version="4" changeset="138927867" lat="55.7620115" lon="37.5766405"/>
  <node id="269262737" timestamp="2023-07-24T08:46:08Z" uid="260756" user="Felis Pimeja" visible="true" version="4" changeset="138927867" lat="55.7620658" lon="37.576666"/>
  <node id="269262739" timestamp="2023-07-24T08:46:08Z" uid="260756" user="Felis Pimeja" visible="true" version="4" changeset="138927867" lat="55.7621495" lon="37.5766151"/>
  <node id="269262740" timestamp="2011-08-17T06:36:47Z" uid="260756" user="Felis Pimeja" visible="true" version="3" changeset="9044556" lat="55.7621664" lon="37.5765615"/>
  <node id="269262744" timestamp="2023-07-24T08:46:08Z" uid="260756" user="Felis Pimeja" visible="true" version="4" changeset="138927867" lat="55.762234" lon="37.5763361"/>
  <node id="269262746" timestamp="2023-07-24T08:46:08Z" uid="260756" user="Felis Pimeja" visible="true" version="4" changeset="138927867" lat="55.762268" lon="37.5762986"/>
  <node id="269262748" timestamp="2023-07-24T08:46:08Z" uid="260756" user="Felis Pimeja" visible="true" version="5" changeset="138927867" lat="55.7638344" lon="37.5761041"/>
  <node id="269262750" timestamp="2023-07-24T08:46:08Z" uid="260756" user="Felis Pimeja" visible="true" version="5" changeset="138927867" lat="55.7638827" lon="37.5760853"/>
  <node id="269262752" timestamp="2023-07-24T08:46:08Z" uid="260756" user="Felis Pimeja" visible="true" version="5" changeset="138927867" lat="55.763928" lon="37.5761068"/>
  <node id="269262753" timestamp="2023-07-24T08:46:08Z" uid="260756" user="Felis Pimeja" visible="true" version="5" changeset="138927867" lat="55.76394" lon="37.5761282"/>
  <node id="269262755" timestamp="2023-07-24T08:46:08Z" uid="260756" user="Felis Pimeja" visible="true" version="5" changeset="138927867" lat="55.7639461" lon="37.5762503"/>
  <node id="269262757" timestamp="2023-07-24T08:46:08Z" uid="260756" user="Felis Pimeja" visible="true" version="5" changeset="138927867" lat="55.763805" lon="37.5765547"/>
  <node id="269262759" timestamp="2023-07-24T08:46:08Z" uid="260756" user="Felis Pimeja" visible="true" version="5" changeset="138927867" lat="55.7636428" lon="37.576827"/>
  <node id="269262768" timestamp="2023-07-24T08:46:08Z" uid="260756" user="Felis Pimeja" visible="true" version="5" changeset="138927867" lat="55.7635741" lon="37.5769356"/>
  <node id="269262769" timestamp="2023-07-24T08:46:08Z" uid="260756" user="Felis Pimeja" visible="true" version="5" changeset="138927867" lat="55.763513" lon="37.5769919"/>
  <node id="269262771" timestamp="2023-07-24T08:46:08Z" uid="260756" user="Felis Pimeja" visible="true" version="5" changeset="138927867" lat="55.7634338" lon="37.5769329"/>
  <node id="269262773" timestamp="2023-07-24T08:46:08Z" uid="260756" user="Felis Pimeja" visible="true" version="5" changeset="138927867" lat="55.7634556" lon="37.5769785"/>
  <node id="269262775" timestamp="2023-07-24T08:46:08Z" uid="260756" user="Felis Pimeja" visible="true" version="5" changeset="138927867" lat="55.7634194" lon="37.5768229"/>
  <node id="269262781" timestamp="2023-07-24T08:46:08Z" uid="260756" user="Felis Pimeja" visible="true" version="5" changeset="138927867" lat="55.7634534" lon="37.576611"/>
  <node id="269262798" timestamp="2023-07-24T08:46:08Z" uid="260756" user="Felis Pimeja" visible="true" version="5" changeset="138927867" lat="55.7636133" lon="37.5762583"/>
  <node id="269262802" timestamp="2023-07-24T08:46:08Z" uid="260756" user="Felis Pimeja" visible="true" version="5" changeset="138927867" lat="55.7639325" lon="37.5763133"/>
  <node id="269262807" timestamp="2023-07-24T08:46:08Z" uid="260756" user="Felis Pimeja" visible="true" version="5" changeset="138927867" lat="55.7637235" lon="37.5761443"/>
  <node id="441301768" timestamp="2014-12-04T14:00:08Z" uid="830106" user="literan" visible="true" version="4" changeset="27235647" lat="55.7611697" lon="37.5762555"/>
  <node id="441301770" timestamp="2011-03-06T09:58:52Z" uid="316868" user="LexIgnatov" visible="true" version="2" changeset="7471269" lat="55.7610584" lon="37.5781786"/>
  <node id="441301775" timestamp="2011-03-06T09:59:07Z" uid="316868" user="LexIgnatov" visible="true" version="2" changeset="7471269" lat="55.7611793" lon="37.5785955"/>
  <node id="441301776" timestamp="2011-03-06T09:59:49Z" uid="316868" user="LexIgnatov" visible="true" version="2" changeset="7471269" lat="55.761" lon="37.5782852"/>
  <node id="599303579" timestamp="2024-12-23T17:05:13Z" uid="830106" user="literan" visible="true" version="5" changeset="160546661" lat="55.761801" lon="37.5837171"/>
  <node id="599303582" timestamp="2024-12-23T17:05:13Z" uid="830106" user="literan" visible="true" version="4" changeset="160546661" lat="55.762201" lon="37.5840211"/>
  <node id="618284370" timestamp="2019-12-09T20:52:38Z" uid="830106" user="literan" visible="true" version="3" changeset="78170709" lat="55.7623292" lon="37.574505"/>
  <node id="618284371" timestamp="2019-12-09T20:52:38Z" uid="830106" user="literan" visible="true" version="3" changeset="78170709" lat="55.7621034" lon="37.574538"/>
  <node id="618284377" timestamp="2014-12-04T14:00:09Z" uid="830106" user="literan" visible="true" version="4" changeset="27235647" lat="55.7612907" lon="37.5750625"/>
  <node id="618284387" timestamp="2014-08-05T06:48:20Z" uid="260756" user="Felis Pimeja" visible="true" version="4" changeset="24547697" lat="55.7615638" lon="37.5750786"/>
  <node id="618284388" timestamp="2014-08-05T06:48:20Z" uid="260756" user="Felis Pimeja" visible="true" version="4" changeset="24547697" lat="55.7616601" lon="37.5750744"/>
  <node id="618284392" timestamp="2011-03-06T09:59:09Z" uid="316868" user="LexIgnatov" visible="true" version="2" changeset="7471269" lat="55.7619391" lon="37.5752319"/>
  <node id="618284393" timestamp="2015-11-30T16:59:07Z" uid="149412" user="Haserbaba" visible="true" version="3" changeset="35669721" lat="55.7620431" lon="37.5752392"/>
  <node id="618284394" timestamp="2015-11-30T16:59:07Z" uid="149412" user="Haserbaba" visible="true" version="3" changeset="35669721" lat="55.7622189" lon="37.5749797"/>
  <node id="618284395" timestamp="2015-11-30T16:59:07Z" uid="149412" user="Haserbaba" visible="true" version="3" changeset="35669721" lat="55.7623155" lon="37.5748077"/>
  <node id="618284396" timestamp="2019-12-09T20:52:38Z" uid="830106" user="literan" visible="true" version="3" changeset="78170709" lat="55.762309" lon="37.5746864"/>
  <node id="618284397" timestamp="2019-12-09T20:52:38Z" uid="830106" user="literan" visible="true" version="4" changeset="78170709" lat="55.7623391" lon="37.5746794"/>
  <node id="618284398" timestamp="2019-12-09T20:52:38Z" uid="830106" user="literan" visible="true" version="3" changeset="78170709" lat="55.7621092" lon="37.574708"/>
  <node id="618284399" timestamp="2011-03-06T09:59:42Z" uid="316868" user="LexIgnatov" visible="true" version="2" changeset="7471269" lat="55.7620729" lon="37.5748439"/>
  <node id="618284400" timestamp="2011-03-06T09:58:15Z" uid="316868" user="LexIgnatov" visible="true" version="2" changeset="7471269" lat="55.7619321" lon="37.5748689"/>
  <node id="618284410" timestamp="2021-05-29T13:48:04Z" uid="830106" user="literan" visible="true" version="5" changeset="105535046" lat="55.7627623" lon="37.5743852"/>
  <node id="618284411" timestamp="2019-12-09T20:52:38Z" uid="830106" user="literan" visible="true" version="4" changeset="78170709" lat="55.7625676" lon="37.5745009"/>
  <node id="618284412" timestamp="2021-05-29T13:48:04Z" uid="830106" user="literan" visible="true" version="6" changeset="105535046" lat="55.7631644" lon="37.574345"/>
  <node id="618284422" timestamp="2021-05-29T13:48:04Z" uid="830106" user="literan" visible="true" version="6" changeset="105535046" lat="55.7631687" lon="37.5744838"/>
  <node id="618284424" timestamp="2019-12-09T20:52:38Z" uid="830106" user="literan" visible="true" version="3" changeset="78170709" lat="55.7627607" lon="37.574843"/>
  <node id="618284425" timestamp="2019-12-09T20:52:38Z" uid="830106" user="literan" visible="true" version="3" changeset="78170709" lat="55.7625811" lon="37.574864"/>
  <node id="618284426" timestamp="2019-12-09T20:52:38Z" uid="830106" user="literan" visible="true" version="6" changeset="78170709" lat="55.7643806" lon="37.5741848"/>
  <node id="618284429" timestamp="2015-11-30T16:59:08Z" uid="149412" user="Haserbaba" visible="true" version="3" changeset="35669721" lat="55.7648146" lon="37.5743911"/>
  <node id="618284430" timestamp="2015-11-30T16:59:08Z" uid="149412" user="Haserbaba" visible="true" version="3" changeset="35669721" lat="55.7649697" lon="37.5741594"/>
  <node id="618284431" timestamp="2015-11-30T16:59:08Z" uid="149412" user="Haserbaba" visible="true" version="3" changeset="35669721" lat="55.7650599" lon="37.5743018"/>
  <node id="618284432" timestamp="2015-11-30T16:59:08Z" uid="149412" user="Haserbaba" visible="true" version="3" changeset="35669721" lat="55.7650714" lon="37.5745435"/>
  <node id="618284433" timestamp="2015-11-30T16:59:08Z" uid="149412" user="Haserbaba" visible="true" version="3" changeset="35669721" lat="55.7649576" lon="37.5744646"/>
  <node id="618284434" timestamp="2011-03-06T09:58:14Z" uid="316868" user="LexIgnatov" visible="true" version="2" changeset="7471269" lat="55.7645379" lon="37.5745685"/>
  <node id="618284435" timestamp="2015-11-30T16:59:08Z" uid="149412" user="Haserbaba" visible="true" version="3" changeset="35669721" lat="55.7652389" lon="37.5756749"/>
  <node id="618284436" timestamp="2015-11-30T16:59:08Z" uid="149412" user="Haserbaba" visible="true" version="3" changeset="35669721" lat="55.7651292" lon="37.575684"/>
  <node id="618284437" timestamp="2015-11-30T16:59:08Z" uid="149412" user="Haserbaba" visible="true" version="4" changeset="35669721" lat="55.7650646" lon="37.5755059"/>
  <node id="618284438" timestamp="2015-11-30T16:59:08Z" uid="149412" user="Haserbaba" visible="true" version="3" changeset="35669721" lat="55.7649736" lon="37.5752415"/>
  <node id="618284439" timestamp="2015-11-30T16:59:08Z" uid="149412" user="Haserbaba" visible="true" version="3" changeset="35669721" lat="55.7649928" lon="37.575098"/>
  <node id="618284440" timestamp="2015-11-30T16:59:08Z" uid="149412" user="Haserbaba" visible="true" version="3" changeset="35669721" lat="55.7649228" lon="37.574926"/>
  <node id="618284441" timestamp="2015-11-30T16:59:08Z" uid="149412" user="Haserbaba" visible="true" version="3" changeset="35669721" lat="55.7648853" lon="37.5748853"/>
  <node id="618284442" timestamp="2025-11-06T16:01:44Z" uid="5712144" user="ednzxt" visible="true" version="3" changeset="174295628" lat="55.764881" lon="37.5747299"/>
  <node id="618284443" timestamp="2015-11-30T16:59:08Z" uid="149412" user="Haserbaba" visible="true" version="3" changeset="35669721" lat="55.7649603" lon="37.574647"/>
  <node id="618284444" timestamp="2011-03-06T09:58:39Z" uid="316868" user="LexIgnatov" visible="true" version="3" changeset="7471269" lat="55.7649223" lon="37.5759632"/>
  <node id="618284445" timestamp="2015-11-30T16:05:46Z" uid="2335615" user="a_isaeva" visible="true" version="5" changeset="35668729" lat="55.764524" lon="37.5770162"/>
  <node id="618284447" timestamp="2012-02-23T10:25:25Z" uid="336354" user="esaulenka" visible="true" version="3" changeset="10766864" lat="55.7645268" lon="37.5772027"/>
  <node id="618284448" timestamp="2011-03-06T09:58:27Z" uid="316868" user="LexIgnatov" visible="true" version="3" changeset="7471269" lat="55.7649787" lon="37.5764389"/>
  <node id="618284449" timestamp="2023-07-27T20:57:55Z" uid="830106" user="literan" visible="true" version="3" changeset="139107196" lat="55.7652124" lon="37.5759477"/>
  <node id="618284450" timestamp="2012-02-23T10:25:25Z" uid="336354" user="esaulenka" visible="true" version="3" changeset="10766864" lat="55.7651772" lon="37.5763878"/>
  <node id="618284451" timestamp="2012-02-23T10:25:25Z" uid="336354" user="esaulenka" visible="true" version="3" changeset="10766864" lat="55.7651983" lon="37.5765255"/>
  <node id="618284452" timestamp="2012-02-23T10:25:25Z" uid="336354" user="esaulenka" visible="true" version="3" changeset="10766864" lat="55.7652195" lon="37.5765255"/>
  <node id="618284453" timestamp="2012-02-23T10:25:25Z" uid="336354" user="esaulenka" visible="true" version="3" changeset="10766864" lat="55.7651161" lon="37.576565"/>
  <node id="618284454" timestamp="2012-02-23T10:25:25Z" uid="336354" user="esaulenka" visible="true" version="3" changeset="10766864" lat="55.7650585" lon="37.576256"/>
  <node id="618284455" timestamp="2012-02-23T10:25:25Z" uid="336354" user="esaulenka" visible="true" version="3" changeset="10766864" lat="55.7650163" lon="37.5762185"/>
  <node id="618284456" timestamp="2012-02-23T10:25:25Z" uid="336354" user="esaulenka" visible="true" version="3" changeset="10766864" lat="55.7649952" lon="37.5760808"/>
  <node id="618284457" timestamp="2012-02-23T10:25:25Z" uid="336354" user="esaulenka" visible="true" version="3" changeset="10766864" lat="55.7650163" lon="37.5760182"/>
  <node id="618284459" timestamp="2011-03-06T09:58:53Z" uid="316868" user="LexIgnatov" visible="true" version="2" changeset="7471269" lat="55.7650731" lon="37.575983"/>
  <node id="618284460" timestamp="2011-03-06T09:59:08Z" uid="316868" user="LexIgnatov" visible="true" version="2" changeset="7471269" lat="55.7651012" lon="37.576008"/>
  <node id="618284462" timestamp="2012-02-23T10:25:26Z" uid="336354" user="esaulenka" visible="true" version="3" changeset="10766864" lat="55.7652406" lon="37.5766757"/>
  <node id="618284472" timestamp="2023-07-27T20:57:55Z" uid="830106" user="literan" visible="true" version="4" changeset="139107196" lat="55.765286" lon="37.576173"/>
  <node id="618284473" timestamp="2023-07-27T20:57:55Z" uid="830106" user="literan" visible="true" version="4" changeset="139107196" lat="55.7653048" lon="37.5761666"/>
  <node id="618284474" timestamp="2023-07-27T20:57:55Z" uid="830106" user="literan" visible="true" version="4" changeset="139107196" lat="55.765326" lon="37.5763027"/>
  <node id="620826212" timestamp="2016-04-15T15:36:06Z" uid="260756" user="Felis Pimeja" visible="true" version="4" changeset="38592147" lat="55.7638623" lon="37.5774704"/>
  <node id="620826215" timestamp="2016-04-15T15:36:06Z" uid="260756" user="Felis Pimeja" visible="true" version="4" changeset="38592147" lat="55.7640884" lon="37.5776375"/>
  <node id="620826218" timestamp="2016-04-15T15:36:06Z" uid="260756" user="Felis Pimeja" visible="true" version="4" changeset="38592147" lat="55.7640071" lon="37.5778633"/>
  <node id="620826221" timestamp="2016-04-15T15:36:06Z" uid="260756" user="Felis Pimeja" visible="true" version="4" changeset="38592147" lat="55.763804" lon="37.5776322"/>
  <node id="620826231" timestamp="2016-04-15T15:36:06Z" uid="260756" user="Felis Pimeja" visible="true" version="4" changeset="38592147" lat="55.7641964" lon="37.5771149"/>
  <node id="620826234" timestamp="2016-04-15T15:36:06Z" uid="260756" user="Felis Pimeja" visible="true" version="4" changeset="38592147" lat="55.7642344" lon="37.5770111"/>
  <node id="620826237" timestamp="2016-04-15T15:36:06Z" uid="260756" user="Felis Pimeja" visible="true" version="4" changeset="38592147" lat="55.7643495" lon="37.577144"/>
  <node id="620826241" timestamp="2016-04-15T15:36:06Z" uid="260756" user="Felis Pimeja" visible="true" version="4" changeset="38592147" lat="55.7642514" lon="37.5774123"/>
  <node id="620826243" timestamp="2016-04-15T15:36:06Z" uid="260756" user="Felis Pimeja" visible="true" version="4" changeset="38592147" lat="55.7641665" lon="37.5773163"/>
  <node id="620826245" timestamp="2016-04-15T15:36:06Z" uid="260756" user="Felis Pimeja" visible="true" version="4" changeset="38592147" lat="55.7640871" lon="37.5774767"/>
  <node id="620826247" timestamp="2016-04-15T15:36:06Z" uid="260756" user="Felis Pimeja" visible="true" version="4" changeset="38592147" lat="55.7639889" lon="37.57733"/>
  <node id="620826250" timestamp="2016-04-15T15:36:06Z" uid="260756" user="Felis Pimeja" visible="true" version="4" changeset="38592147" lat="55.7641371" lon="37.5770291"/>
  <node id="620826256" timestamp="2015-11-30T16:59:08Z" uid="149412" user="Haserbaba" visible="true" version="3" changeset="35669721" lat="55.7625543" lon="37.5754747"/>
  <node id="620826259" timestamp="2015-11-30T16:59:08Z" uid="149412" user="Haserbaba" visible="true" version="3" changeset="35669721" lat="55.762786" lon="37.5753445"/>
  <node id="620826262" timestamp="2015-11-30T16:59:08Z" uid="149412" user="Haserbaba" visible="true" version="3" changeset="35669721" lat="55.7628324" lon="37.5756057"/>
  <node id="620826264" timestamp="2015-11-30T16:59:08Z" uid="149412" user="Haserbaba" visible="true" version="3" changeset="35669721" lat="55.7626008" lon="37.5757359"/>
  <node id="641583353" timestamp="2015-12-04T13:52:29Z" uid="149412" user="Haserbaba" visible="true" version="4" changeset="35747694" lat="55.7610862" lon="37.5775704"/>
  <node id="641583358" timestamp="2015-12-04T13:52:29Z" uid="149412" user="Haserbaba" visible="true" version="3" changeset="35747694" lat="55.7613051" lon="37.5766304"/>
  <node id="641583367" timestamp="2015-12-04T13:52:29Z" uid="149412" user="Haserbaba" visible="true" version="3" changeset="35747694" lat="55.7614753" lon="37.5765317"/>
  <node id="641583372" timestamp="2015-12-04T13:52:29Z" uid="149412" user="Haserbaba" visible="true" version="4" changeset="35747694" lat="55.7620541" lon="37.5761391"/>
  <node id="641583382" action="modify" timestamp="2016-07-19T07:38:30Z" uid="2853561" user="Владимир К" visible="true" version="4" changeset="40849654" lat="55.76199277194" lon="37.57586425902"/>
  <node id="641583397" timestamp="2011-03-06T09:58:38Z" uid="316868" user="LexIgnatov" visible="true" version="2" changeset="7471269" lat="55.7633727" lon="37.5752795"/>
  <node id="641583403" timestamp="2011-03-06T09:58:47Z" uid="316868" user="LexIgnatov" visible="true" version="2" changeset="7471269" lat="55.7634271" lon="37.5746358"/>
  <node id="641583408" timestamp="2011-03-06T09:58:52Z" uid="316868" user="LexIgnatov" visible="true" version="2" changeset="7471269" lat="55.7640065" lon="37.5744212"/>
  <node id="641583415" timestamp="2011-03-06T09:59:25Z" uid="316868" user="LexIgnatov" visible="true" version="2" changeset="7471269" lat="55.7640971" lon="37.5744856"/>
  <node id="641583422" timestamp="2011-03-06T09:59:48Z" uid="316868" user="LexIgnatov" visible="true" version="2" changeset="7471269" lat="55.7641468" lon="37.5748784"/>
  <node id="641583438" timestamp="2011-03-06T09:58:02Z" uid="316868" user="LexIgnatov" visible="true" version="2" changeset="7471269" lat="55.7628898" lon="37.5755799"/>
  <node id="641583445" timestamp="2011-03-06T10:00:06Z" uid="316868" user="LexIgnatov" visible="true" version="2" changeset="7471269" lat="55.7620813" lon="37.5756675"/>
  <node id="641583451" action="modify" timestamp="2023-07-24T08:46:08Z" uid="260756" user="Felis Pimeja" visible="true" version="4" changeset="138927867" lat="55.76203036023" lon="37.57533507795"/>
  <node id="641583456" timestamp="2023-07-24T08:46:08Z" uid="260756" user="Felis Pimeja" visible="true" version="4" changeset="138927867" lat="55.7624016" lon="37.5751371"/>
  <node id="641583463" timestamp="2011-03-06T09:58:44Z" uid="316868" user="LexIgnatov" visible="true" version="2" changeset="7471269" lat="55.7627752" lon="37.57514"/>
  <node id="641583471" timestamp="2011-03-06T10:00:06Z" uid="316868" user="LexIgnatov" visible="true" version="2" changeset="7471269" lat="55.7627691" lon="37.5760627"/>
  <node id="641583539" timestamp="2023-07-24T08:46:08Z" uid="260756" user="Felis Pimeja" visible="true" version="3" changeset="138927867" lat="55.7625994" lon="37.5759568"/>
  <node id="641583548" timestamp="2011-03-06T09:59:56Z" uid="316868" user="LexIgnatov" visible="true" version="2" changeset="7471269" lat="55.7625096" lon="37.5762666"/>
  <node id="641583560" timestamp="2011-03-06T09:58:57Z" uid="316868" user="LexIgnatov" visible="true" version="2" changeset="7471269" lat="55.7628838" lon="37.5761807"/>
  <node id="641583565" timestamp="2011-03-06T09:59:10Z" uid="316868" user="LexIgnatov" visible="true" version="2" changeset="7471269" lat="55.7630347" lon="37.5764811"/>
  <node id="641583581" timestamp="2012-07-31T10:08:47Z" uid="398817" user="ullus" visible="true" version="3" changeset="12559061" lat="55.7638179" lon="37.5751568"/>
  <node id="641583603" timestamp="2011-03-06T09:58:00Z" uid="316868" user="LexIgnatov" visible="true" version="2" changeset="7471269" lat="55.7643506" lon="37.5747431"/>
  <node id="641583608" timestamp="2013-12-09T12:05:24Z" uid="260756" user="Felis Pimeja" visible="true" version="3" changeset="19357638" lat="55.7645458" lon="37.5748074"/>
  <node id="641583614" timestamp="2013-12-09T12:05:24Z" uid="260756" user="Felis Pimeja" visible="true" version="3" changeset="19357638" lat="55.7646888" lon="37.5748269"/>
  <node id="641583620" timestamp="2011-03-06T09:58:29Z" uid="316868" user="LexIgnatov" visible="true" version="2" changeset="7471269" lat="55.7648999" lon="37.5755263"/>
  <node id="641583624" timestamp="2016-11-29T15:54:22Z" uid="1781102" user="elazarev" visible="true" version="4" changeset="44037478" lat="55.7649514" lon="37.5760021"/>
  <node id="641583650" timestamp="2011-08-12T11:54:11Z" uid="260756" user="Felis Pimeja" visible="true" version="3" changeset="8995231" lat="55.7645011" lon="37.5770834"/>
  <node id="641583693" action="modify" timestamp="2023-07-24T08:46:08Z" uid="260756" user="Felis Pimeja" visible="true" version="3" changeset="138927867" lat="55.76342585455" lon="37.57751010393"/>
  <node id="641583699" action="modify" timestamp="2011-03-06T09:58:31Z" uid="316868" user="LexIgnatov" visible="true" version="2" changeset="7471269" lat="55.76346805452" lon="37.57743630393"/>
  <node id="641583703" action="modify" timestamp="2025-11-06T16:01:44Z" uid="5712144" user="ednzxt" visible="true" version="3" changeset="174295628" lat="55.76413205402" lon="37.57626010393"/>
  <node id="641583734" timestamp="2023-07-24T08:46:08Z" uid="260756" user="Felis Pimeja" visible="true" version="3" changeset="138927867" lat="55.7625148" lon="37.5754244"/>
  <node id="641583758" timestamp="2023-07-24T08:46:08Z" uid="260756" user="Felis Pimeja" visible="true" version="4" changeset="138927867" lat="55.7623799" lon="37.5760742"/>
  <node id="641583776" timestamp="2011-03-06T09:58:22Z" uid="316868" user="LexIgnatov" visible="true" version="2" changeset="7471269" lat="55.7620689" lon="37.5762129"/>
  <node id="641583851" timestamp="2023-07-24T08:46:08Z" uid="260756" user="Felis Pimeja" visible="true" version="3" changeset="138927867" lat="55.7630694" lon="37.576811"/>
  <node id="641583868" timestamp="2023-07-24T08:46:08Z" uid="260756" user="Felis Pimeja" visible="true" version="3" changeset="138927867" lat="55.7631864" lon="37.5768366"/>
  <node id="641583910" timestamp="2023-07-24T08:46:08Z" uid="260756" user="Felis Pimeja" visible="true" version="3" changeset="138927867" lat="55.7633123" lon="37.5770833"/>
  <node id="641584031" timestamp="2011-03-06T09:58:30Z" uid="316868" user="LexIgnatov" visible="true" version="2" changeset="7471269" lat="55.7618637" lon="37.5785733"/>
  <node id="641584039" timestamp="2011-03-06T09:59:48Z" uid="316868" user="LexIgnatov" visible="true" version="2" changeset="7471269" lat="55.7614049" lon="37.5785089"/>
  <node id="641584044" timestamp="2011-03-06T09:59:55Z" uid="316868" user="LexIgnatov" visible="true" version="2" changeset="7471269" lat="55.7611333" lon="37.5781441"/>
  <node id="641584056" timestamp="2015-12-04T13:52:29Z" uid="149412" user="Haserbaba" visible="true" version="3" changeset="35747694" lat="55.7610688" lon="37.577849"/>
  <node id="641584082" timestamp="2023-07-24T08:46:08Z" uid="260756" user="Felis Pimeja" visible="true" version="3" changeset="138927867" lat="55.7629472" lon="37.5769532"/>
  <node id="641584087" timestamp="2023-07-24T08:46:08Z" uid="260756" user="Felis Pimeja" visible="true" version="3" changeset="138927867" lat="55.7629246" lon="37.5773918"/>
  <node id="641584094" timestamp="2023-07-24T08:46:08Z" uid="260756" user="Felis Pimeja" visible="true" version="3" changeset="138927867" lat="55.7629789" lon="37.577605"/>
  <node id="670660496" timestamp="2016-04-15T15:36:06Z" uid="260756" user="Felis Pimeja" visible="true" version="2" changeset="38592147" lat="55.7632078" lon="37.5839321"/>
  <node id="670660497" timestamp="2016-04-15T15:36:06Z" uid="260756" user="Felis Pimeja" visible="true" version="2" changeset="38592147" lat="55.7632108" lon="37.5840583"/>
  <node id="670660498" timestamp="2016-04-15T15:36:06Z" uid="260756" user="Felis Pimeja" visible="true" version="2" changeset="38592147" lat="55.7631705" lon="37.5838589"/>
  <node id="670660499" timestamp="2016-04-15T15:36:06Z" uid="260756" user="Felis Pimeja" visible="true" version="2" changeset="38592147" lat="55.7631633" lon="37.5838816"/>
  <node id="670660500" timestamp="2016-04-15T15:36:06Z" uid="260756" user="Felis Pimeja" visible="true" version="2" changeset="38592147" lat="55.7631945" lon="37.5837834"/>
  <node id="670660501" timestamp="2016-04-15T15:36:06Z" uid="260756" user="Felis Pimeja" visible="true" version="2" changeset="38592147" lat="55.76337" lon="37.5836315"/>
  <node id="670660502" timestamp="2016-04-15T15:36:06Z" uid="260756" user="Felis Pimeja" visible="true" version="2" changeset="38592147" lat="55.7634395" lon="37.5836315"/>
  <node id="670660503" timestamp="2016-04-15T15:36:06Z" uid="260756" user="Felis Pimeja" visible="true" version="2" changeset="38592147" lat="55.7632312" lon="37.5840872"/>
  <node id="670660504" timestamp="2016-04-15T15:36:06Z" uid="260756" user="Felis Pimeja" visible="true" version="2" changeset="38592147" lat="55.7632312" lon="37.5841523"/>
  <node id="670660505" timestamp="2016-04-15T15:36:06Z" uid="260756" user="Felis Pimeja" visible="true" version="2" changeset="38592147" lat="55.7632598" lon="37.583846"/>
  <node id="670660506" timestamp="2016-04-15T15:36:06Z" uid="260756" user="Felis Pimeja" visible="true" version="2" changeset="38592147" lat="55.7634395" lon="37.5837834"/>
  <node id="670660507" timestamp="2016-04-15T15:36:07Z" uid="260756" user="Felis Pimeja" visible="true" version="2" changeset="38592147" lat="55.7634721" lon="37.5838124"/>
  <node id="670660508" timestamp="2016-04-15T15:36:07Z" uid="260756" user="Felis Pimeja" visible="true" version="2" changeset="38592147" lat="55.7635252" lon="37.5837183"/>
  <node id="670660509" timestamp="2016-04-15T15:36:07Z" uid="260756" user="Felis Pimeja" visible="true" version="2" changeset="38592147" lat="55.7635579" lon="37.5837834"/>
  <node id="670660510" timestamp="2016-04-15T15:36:07Z" uid="260756" user="Felis Pimeja" visible="true" version="2" changeset="38592147" lat="55.7635415" lon="37.5838124"/>
  <node id="670660511" timestamp="2016-04-15T15:36:07Z" uid="260756" user="Felis Pimeja" visible="true" version="2" changeset="38592147" lat="55.7635415" lon="37.5838413"/>
  <node id="670660512" timestamp="2016-04-15T15:36:07Z" uid="260756" user="Felis Pimeja" visible="true" version="2" changeset="38592147" lat="55.7635534" lon="37.5838921"/>
  <node id="670660513" timestamp="2016-04-15T15:36:07Z" uid="260756" user="Felis Pimeja" visible="true" version="2" changeset="38592147" lat="55.7635579" lon="37.5839643"/>
  <node id="670660514" timestamp="2016-04-15T15:36:07Z" uid="260756" user="Felis Pimeja" visible="true" version="2" changeset="38592147" lat="55.7633006" lon="37.5838413"/>
  <node id="670660515" timestamp="2016-04-15T15:36:07Z" uid="260756" user="Felis Pimeja" visible="true" version="2" changeset="38592147" lat="55.76337" lon="37.5837834"/>
  <node id="670660516" timestamp="2016-04-15T15:36:07Z" uid="260756" user="Felis Pimeja" visible="true" version="4" changeset="38592147" lat="55.7638995" lon="37.5837686"/>
  <node id="670660517" timestamp="2016-04-15T15:36:07Z" uid="260756" user="Felis Pimeja" visible="true" version="4" changeset="38592147" lat="55.7638832" lon="37.5841665"/>
  <node id="670660518" timestamp="2016-04-15T15:36:07Z" uid="260756" user="Felis Pimeja" visible="true" version="4" changeset="38592147" lat="55.7638832" lon="37.5838916"/>
  <node id="670660519" timestamp="2016-04-15T15:36:07Z" uid="260756" user="Felis Pimeja" visible="true" version="2" changeset="38592147" lat="55.7635742" lon="37.5840294"/>
  <node id="670660520" timestamp="2016-04-15T15:36:07Z" uid="260756" user="Felis Pimeja" visible="true" version="2" changeset="38592147" lat="55.7635742" lon="37.5841234"/>
  <node id="670660521" timestamp="2016-04-05T15:01:44Z" uid="260756" user="Felis Pimeja" visible="true" version="3" changeset="38320240" lat="55.7643355" lon="37.582778"/>
  <node id="670660522" timestamp="2016-04-05T15:01:44Z" uid="260756" user="Felis Pimeja" visible="true" version="3" changeset="38320240" lat="55.7643518" lon="37.582778"/>
  <node id="670660523" timestamp="2016-04-15T15:36:07Z" uid="260756" user="Felis Pimeja" visible="true" version="4" changeset="38592147" lat="55.7642262" lon="37.5832189"/>
  <node id="670660524" timestamp="2016-04-15T15:36:07Z" uid="260756" user="Felis Pimeja" visible="true" version="4" changeset="38592147" lat="55.7640016" lon="37.5833708"/>
  <node id="670660525" timestamp="2016-04-15T15:36:07Z" uid="260756" user="Felis Pimeja" visible="true" version="4" changeset="38592147" lat="55.7640179" lon="37.5832767"/>
  <node id="670660526" timestamp="2016-04-15T15:36:07Z" uid="260756" user="Felis Pimeja" visible="true" version="4" changeset="38592147" lat="55.7641241" lon="37.5831827"/>
  <node id="670660527" timestamp="2016-04-15T15:36:07Z" uid="260756" user="Felis Pimeja" visible="true" version="4" changeset="38592147" lat="55.7641935" lon="37.5831827"/>
  <node id="670660528" timestamp="2016-04-15T15:36:07Z" uid="260756" user="Felis Pimeja" visible="true" version="4" changeset="38592147" lat="55.7640179" lon="37.5834286"/>
  <node id="670660529" timestamp="2016-04-15T15:36:07Z" uid="260756" user="Felis Pimeja" visible="true" version="4" changeset="38592147" lat="55.7640016" lon="37.5833997"/>
  <node id="670660530" timestamp="2016-04-15T15:36:07Z" uid="260756" user="Felis Pimeja" visible="true" version="4" changeset="38592147" lat="55.7639853" lon="37.5834937"/>
  <node id="670660531" timestamp="2016-04-05T15:01:44Z" uid="260756" user="Felis Pimeja" visible="true" version="3" changeset="38320240" lat="55.7644049" lon="37.582872"/>
  <node id="670660532" timestamp="2016-04-05T15:01:44Z" uid="260756" user="Felis Pimeja" visible="true" version="3" changeset="38320240" lat="55.7644049" lon="37.5829371"/>
  <node id="670660533" timestamp="2016-04-05T15:01:44Z" uid="260756" user="Felis Pimeja" visible="true" version="3" changeset="38320240" lat="55.7644985" lon="37.5830346"/>
  <node id="670660534" timestamp="2016-04-05T15:01:44Z" uid="260756" user="Felis Pimeja" visible="true" version="3" changeset="38320240" lat="55.7645521" lon="37.5830275"/>
  <node id="670660535" timestamp="2016-04-05T15:01:44Z" uid="260756" user="Felis Pimeja" visible="true" version="3" changeset="38320240" lat="55.7643682" lon="37.5830601"/>
  <node id="670660536" timestamp="2016-04-05T15:01:44Z" uid="260756" user="Felis Pimeja" visible="true" version="3" changeset="38320240" lat="55.7643028" lon="37.5830601"/>
  <node id="670660537" timestamp="2016-04-15T15:36:07Z" uid="260756" user="Felis Pimeja" visible="true" version="4" changeset="38592147" lat="55.764458" lon="37.5831429"/>
  <node id="670660538" timestamp="2016-04-15T15:36:07Z" uid="260756" user="Felis Pimeja" visible="true" version="4" changeset="38592147" lat="55.7643973" lon="37.5831078"/>
  <node id="670660539" timestamp="2016-04-05T15:01:44Z" uid="260756" user="Felis Pimeja" visible="true" version="3" changeset="38320240" lat="55.7643028" lon="37.5828141"/>
  <node id="670660540" timestamp="2016-04-05T15:01:44Z" uid="260756" user="Felis Pimeja" visible="true" version="3" changeset="38320240" lat="55.7643355" lon="37.5828141"/>
  <node id="670660541" timestamp="2016-04-05T15:01:44Z" uid="260756" user="Felis Pimeja" visible="true" version="3" changeset="38320240" lat="55.7642661" lon="37.582995"/>
  <node id="670660542" timestamp="2016-04-05T15:01:44Z" uid="260756" user="Felis Pimeja" visible="true" version="3" changeset="38320240" lat="55.7642661" lon="37.582872"/>
  <node id="670660543" timestamp="2016-04-15T15:36:07Z" uid="260756" user="Felis Pimeja" visible="true" version="4" changeset="38592147" lat="55.7645476" lon="37.583131"/>
  <node id="670660544" timestamp="2016-04-15T15:36:07Z" uid="260756" user="Felis Pimeja" visible="true" version="4" changeset="38592147" lat="55.7645769" lon="37.5833093"/>
  <node id="670660545" timestamp="2016-04-15T15:36:07Z" uid="260756" user="Felis Pimeja" visible="true" version="4" changeset="38592147" lat="55.7642956" lon="37.5833418"/>
  <node id="670660546" timestamp="2016-04-15T15:36:07Z" uid="260756" user="Felis Pimeja" visible="true" version="4" changeset="38592147" lat="55.7643324" lon="37.5834576"/>
  <node id="670660547" timestamp="2016-04-15T15:36:07Z" uid="260756" user="Felis Pimeja" visible="true" version="4" changeset="38592147" lat="55.7639322" lon="37.5836457"/>
  <node id="670660548" timestamp="2016-04-15T15:36:07Z" uid="260756" user="Felis Pimeja" visible="true" version="4" changeset="38592147" lat="55.7643814" lon="37.5835227"/>
  <node id="670660549" timestamp="2016-04-15T15:36:07Z" uid="260756" user="Felis Pimeja" visible="true" version="4" changeset="38592147" lat="55.7644018" lon="37.5841086"/>
  <node id="670660550" timestamp="2016-04-15T15:36:07Z" uid="260756" user="Felis Pimeja" visible="true" version="4" changeset="38592147" lat="55.7644344" lon="37.5839856"/>
  <node id="670660551" timestamp="2016-04-15T15:36:07Z" uid="260756" user="Felis Pimeja" visible="true" version="4" changeset="38592147" lat="55.7644344" lon="37.5839495"/>
  <node id="670660552" timestamp="2016-04-15T15:36:07Z" uid="260756" user="Felis Pimeja" visible="true" version="4" changeset="38592147" lat="55.7644508" lon="37.5838916"/>
  <node id="670660553" timestamp="2016-04-15T15:36:07Z" uid="260756" user="Felis Pimeja" visible="true" version="4" changeset="38592147" lat="55.7644508" lon="37.5838627"/>
  <node id="670660554" timestamp="2016-04-15T15:36:07Z" uid="260756" user="Felis Pimeja" visible="true" version="4" changeset="38592147" lat="55.7644181" lon="37.5838265"/>
  <node id="670660555" timestamp="2016-04-15T15:36:07Z" uid="260756" user="Felis Pimeja" visible="true" version="4" changeset="38592147" lat="55.7644181" lon="37.5836457"/>
  <node id="670660556" timestamp="2016-04-15T15:36:07Z" uid="260756" user="Felis Pimeja" visible="true" version="4" changeset="38592147" lat="55.7644018" lon="37.5836167"/>
  <node id="670660557" timestamp="2016-04-05T15:01:44Z" uid="260756" user="Felis Pimeja" visible="true" version="3" changeset="38320240" lat="55.7646662" lon="37.5831831"/>
  <node id="670660558" timestamp="2016-04-15T15:36:07Z" uid="260756" user="Felis Pimeja" visible="true" version="4" changeset="38592147" lat="55.764667" lon="37.5833214"/>
  <node id="670660559" timestamp="2016-04-15T15:36:07Z" uid="260756" user="Felis Pimeja" visible="true" version="4" changeset="38592147" lat="55.7646758" lon="37.5834705"/>
  <node id="670660560" timestamp="2016-04-15T15:36:07Z" uid="260756" user="Felis Pimeja" visible="true" version="4" changeset="38592147" lat="55.7646842" lon="37.5834438"/>
  <node id="670660561" timestamp="2016-04-15T15:36:07Z" uid="260756" user="Felis Pimeja" visible="true" version="4" changeset="38592147" lat="55.7646843" lon="37.5834704"/>
  <node id="670660563" timestamp="2016-04-15T15:36:07Z" uid="260756" user="Felis Pimeja" visible="true" version="4" changeset="38592147" lat="55.7648071" lon="37.5834476"/>
  <node id="670660564" timestamp="2016-04-15T15:36:07Z" uid="260756" user="Felis Pimeja" visible="true" version="4" changeset="38592147" lat="55.7647247" lon="37.5834696"/>
  <node id="670660565" timestamp="2016-04-15T15:36:07Z" uid="260756" user="Felis Pimeja" visible="true" version="4" changeset="38592147" lat="55.7647244" lon="37.5833945"/>
  <node id="670660566" timestamp="2016-04-15T15:36:07Z" uid="260756" user="Felis Pimeja" visible="true" version="4" changeset="38592147" lat="55.7647484" lon="37.5834691"/>
  <node id="670660567" timestamp="2016-04-15T15:36:07Z" uid="260756" user="Felis Pimeja" visible="true" version="4" changeset="38592147" lat="55.7646759" lon="37.5835392"/>
  <node id="670660568" timestamp="2016-04-15T15:36:07Z" uid="260756" user="Felis Pimeja" visible="true" version="4" changeset="38592147" lat="55.7646845" lon="37.5835393"/>
  <node id="670660569" timestamp="2016-04-15T15:36:07Z" uid="260756" user="Felis Pimeja" visible="true" version="4" changeset="38592147" lat="55.7646847" lon="37.5835968"/>
  <node id="670660570" timestamp="2016-04-15T15:36:07Z" uid="260756" user="Felis Pimeja" visible="true" version="4" changeset="38592147" lat="55.7647482" lon="37.5835396"/>
  <node id="670660571" timestamp="2016-04-15T15:36:07Z" uid="260756" user="Felis Pimeja" visible="true" version="4" changeset="38592147" lat="55.7647251" lon="37.5835662"/>
  <node id="670660572" timestamp="2016-04-15T15:36:07Z" uid="260756" user="Felis Pimeja" visible="true" version="4" changeset="38592147" lat="55.764725" lon="37.5835395"/>
  <node id="670660573" timestamp="2016-04-15T15:36:08Z" uid="260756" user="Felis Pimeja" visible="true" version="4" changeset="38592147" lat="55.764747" lon="37.5835913"/>
  <node id="670660574" timestamp="2016-04-15T15:36:08Z" uid="260756" user="Felis Pimeja" visible="true" version="4" changeset="38592147" lat="55.7648267" lon="37.5837938"/>
  <node id="670660576" timestamp="2016-04-15T15:36:08Z" uid="260756" user="Felis Pimeja" visible="true" version="4" changeset="38592147" lat="55.764914" lon="37.583587"/>
  <node id="670660578" timestamp="2016-04-15T15:36:08Z" uid="260756" user="Felis Pimeja" visible="true" version="4" changeset="38592147" lat="55.7649378" lon="37.5836181"/>
  <node id="670660580" timestamp="2016-04-15T15:36:08Z" uid="260756" user="Felis Pimeja" visible="true" version="4" changeset="38592147" lat="55.7648795" lon="37.5834852"/>
  <node id="670660581" timestamp="2016-04-15T15:36:08Z" uid="260756" user="Felis Pimeja" visible="true" version="4" changeset="38592147" lat="55.7648474" lon="37.5835002"/>
  <node id="670660583" timestamp="2016-04-15T15:36:08Z" uid="260756" user="Felis Pimeja" visible="true" version="4" changeset="38592147" lat="55.7649142" lon="37.5835297"/>
  <node id="670660586" timestamp="2016-04-05T15:01:44Z" uid="260756" user="Felis Pimeja" visible="true" version="3" changeset="38320240" lat="55.7647152" lon="37.5839788"/>
  <node id="670660587" timestamp="2016-04-05T15:01:44Z" uid="260756" user="Felis Pimeja" visible="true" version="3" changeset="38320240" lat="55.7646989" lon="37.5840077"/>
  <node id="670660588" timestamp="2016-04-05T15:01:44Z" uid="260756" user="Felis Pimeja" visible="true" version="3" changeset="38320240" lat="55.7646662" lon="37.5841017"/>
  <node id="670660589" timestamp="2016-04-15T15:36:08Z" uid="260756" user="Felis Pimeja" visible="true" version="4" changeset="38592147" lat="55.7647628" lon="37.5839616"/>
  <node id="670660590" timestamp="2016-04-15T15:36:08Z" uid="260756" user="Felis Pimeja" visible="true" version="4" changeset="38592147" lat="55.7647824" lon="37.583843"/>
  <node id="670660591" timestamp="2016-04-15T15:36:08Z" uid="260756" user="Felis Pimeja" visible="true" version="4" changeset="38592147" lat="55.7647995" lon="37.583865"/>
  <node id="670660600" timestamp="2016-04-15T15:36:08Z" uid="260756" user="Felis Pimeja" visible="true" version="3" changeset="38592147" lat="55.7628607" lon="37.5846322"/>
  <node id="670660603" timestamp="2016-04-15T15:36:08Z" uid="260756" user="Felis Pimeja" visible="true" version="3" changeset="38592147" lat="55.7628642" lon="37.5844772"/>
  <node id="670660604" timestamp="2016-04-15T15:36:08Z" uid="260756" user="Felis Pimeja" visible="true" version="3" changeset="38592147" lat="55.7631083" lon="37.5848735"/>
  <node id="670660605" timestamp="2016-04-15T15:36:08Z" uid="260756" user="Felis Pimeja" visible="true" version="3" changeset="38592147" lat="55.7629561" lon="37.5847747"/>
  <node id="670660607" timestamp="2016-04-15T15:36:08Z" uid="260756" user="Felis Pimeja" visible="true" version="3" changeset="38592147" lat="55.7630103" lon="37.5847312"/>
  <node id="670660608" timestamp="2016-04-15T15:36:08Z" uid="260756" user="Felis Pimeja" visible="true" version="3" changeset="38592147" lat="55.7630419" lon="37.5847104"/>
  <node id="670660609" timestamp="2016-04-15T15:36:08Z" uid="260756" user="Felis Pimeja" visible="true" version="3" changeset="38592147" lat="55.7631298" lon="37.5847507"/>
  <node id="670660610" timestamp="2016-04-15T15:36:08Z" uid="260756" user="Felis Pimeja" visible="true" version="3" changeset="38592147" lat="55.762887" lon="37.5844674"/>
  <node id="670660611" timestamp="2016-04-15T15:36:08Z" uid="260756" user="Felis Pimeja" visible="true" version="3" changeset="38592147" lat="55.7629203" lon="37.5845379"/>
  <node id="670660612" timestamp="2016-04-15T15:36:08Z" uid="260756" user="Felis Pimeja" visible="true" version="3" changeset="38592147" lat="55.7629194" lon="37.5845829"/>
  <node id="670660628" timestamp="2019-08-19T15:24:22Z" uid="830106" user="literan" visible="true" version="4" changeset="73504278" lat="55.7631144" lon="37.584952"/>
  <node id="670660630" timestamp="2016-04-15T15:36:08Z" uid="260756" user="Felis Pimeja" visible="true" version="2" changeset="38592147" lat="55.7634721" lon="37.5843983"/>
  <node id="670660631" timestamp="2016-04-15T15:36:08Z" uid="260756" user="Felis Pimeja" visible="true" version="2" changeset="38592147" lat="55.7635089" lon="37.5843983"/>
  <node id="670660632" timestamp="2016-04-15T15:36:08Z" uid="260756" user="Felis Pimeja" visible="true" version="2" changeset="38592147" lat="55.763419" lon="37.5843983"/>
  <node id="670660633" timestamp="2016-04-15T15:36:08Z" uid="260756" user="Felis Pimeja" visible="true" version="2" changeset="38592147" lat="55.7634721" lon="37.5843621"/>
  <node id="670660634" timestamp="2016-04-15T15:36:08Z" uid="260756" user="Felis Pimeja" visible="true" version="2" changeset="38592147" lat="55.7633333" lon="37.5843621"/>
  <node id="670660635" timestamp="2016-04-15T15:36:08Z" uid="260756" user="Felis Pimeja" visible="true" version="2" changeset="38592147" lat="55.7633864" lon="37.5843983"/>
  <node id="670660636" timestamp="2016-04-15T15:36:08Z" uid="260756" user="Felis Pimeja" visible="true" version="2" changeset="38592147" lat="55.7632639" lon="37.5842753"/>
  <node id="670660637" timestamp="2016-04-15T15:36:08Z" uid="260756" user="Felis Pimeja" visible="true" version="2" changeset="38592147" lat="55.7633006" lon="37.5843332"/>
  <node id="670660638" timestamp="2016-04-15T15:36:08Z" uid="260756" user="Felis Pimeja" visible="true" version="2" changeset="38592147" lat="55.7635579" lon="37.5842392"/>
  <node id="670660639" timestamp="2016-04-15T15:36:08Z" uid="260756" user="Felis Pimeja" visible="true" version="2" changeset="38592147" lat="55.7635252" lon="37.5843043"/>
  <node id="670660640" timestamp="2016-04-15T15:36:08Z" uid="260756" user="Felis Pimeja" visible="true" version="2" changeset="38592147" lat="55.7635089" lon="37.5843332"/>
  <node id="670660641" timestamp="2016-04-15T15:36:08Z" uid="260756" user="Felis Pimeja" visible="true" version="2" changeset="38592147" lat="55.7635252" lon="37.5843621"/>
  <node id="670660642" timestamp="2016-04-15T15:36:08Z" uid="260756" user="Felis Pimeja" visible="true" version="4" changeset="38592147" lat="55.7638995" lon="37.5844124"/>
  <node id="670660643" timestamp="2016-04-15T15:36:08Z" uid="260756" user="Felis Pimeja" visible="true" version="4" changeset="38592147" lat="55.7638628" lon="37.5842605"/>
  <node id="670660644" timestamp="2016-04-15T15:36:08Z" uid="260756" user="Felis Pimeja" visible="true" version="4" changeset="38592147" lat="55.7639159" lon="37.5844124"/>
  <node id="670660645" timestamp="2016-04-15T15:36:08Z" uid="260756" user="Felis Pimeja" visible="true" version="2" changeset="38592147" lat="55.7636273" lon="37.5843332"/>
  <node id="670660646" timestamp="2016-04-15T15:36:08Z" uid="260756" user="Felis Pimeja" visible="true" version="2" changeset="38592147" lat="55.7635946" lon="37.5843983"/>
  <node id="670660653" timestamp="2019-08-19T15:24:22Z" uid="830106" user="literan" visible="true" version="4" changeset="73504278" lat="55.7633484" lon="37.5851599"/>
  <node id="670660654" timestamp="2016-04-15T15:36:08Z" uid="260756" user="Felis Pimeja" visible="true" version="3" changeset="38592147" lat="55.7634962" lon="37.5851377"/>
  <node id="670660656" timestamp="2019-08-19T15:24:22Z" uid="830106" user="literan" visible="true" version="4" changeset="73504278" lat="55.7635418" lon="37.5851122"/>
  <node id="670660658" timestamp="2016-04-15T15:36:08Z" uid="260756" user="Felis Pimeja" visible="true" version="3" changeset="38592147" lat="55.7633439" lon="37.5850329"/>
  <node id="670660660" timestamp="2016-04-15T15:36:08Z" uid="260756" user="Felis Pimeja" visible="true" version="3" changeset="38592147" lat="55.7634496" lon="37.5850833"/>
  <node id="670660661" timestamp="2016-04-15T15:36:08Z" uid="260756" user="Felis Pimeja" visible="true" version="3" changeset="38592147" lat="55.7633818" lon="37.5850369"/>
  <node id="670660662" timestamp="2019-08-19T15:24:22Z" uid="830106" user="literan" visible="true" version="4" changeset="73504278" lat="55.7634249" lon="37.5852022"/>
  <node id="670660676" timestamp="2019-08-19T15:24:22Z" uid="830106" user="literan" visible="true" version="4" changeset="73504278" lat="55.7636514" lon="37.5853063"/>
  <node id="670660677" timestamp="2019-08-19T15:24:22Z" uid="830106" user="literan" visible="true" version="4" changeset="73504278" lat="55.7635896" lon="37.5852566"/>
  <node id="670660678" timestamp="2019-08-19T15:24:22Z" uid="830106" user="literan" visible="true" version="4" changeset="73504278" lat="55.763594" lon="37.5853285"/>
  <node id="670660680" timestamp="2019-08-19T15:24:22Z" uid="830106" user="literan" visible="true" version="3" changeset="73504278" lat="55.7637517" lon="37.5855686"/>
  <node id="670660708" timestamp="2019-08-19T15:24:22Z" uid="830106" user="literan" visible="true" version="4" changeset="73504278" lat="55.7635111" lon="37.5854155"/>
  <node id="670660714" timestamp="2019-08-19T15:24:22Z" uid="830106" user="literan" visible="true" version="7" changeset="73504278" lat="55.7639039" lon="37.5856932"/>
  <node id="670660715" timestamp="2019-08-19T15:24:22Z" uid="830106" user="literan" visible="true" version="7" changeset="73504278" lat="55.7637747" lon="37.5856064"/>
  <node id="670660802" timestamp="2016-04-15T15:36:09Z" uid="260756" user="Felis Pimeja" visible="true" version="4" changeset="38592147" lat="55.7640016" lon="37.5844703"/>
  <node id="670660804" timestamp="2016-04-15T15:36:09Z" uid="260756" user="Felis Pimeja" visible="true" version="4" changeset="38592147" lat="55.7641241" lon="37.5845643"/>
  <node id="670660806" timestamp="2016-04-15T15:36:09Z" uid="260756" user="Felis Pimeja" visible="true" version="4" changeset="38592147" lat="55.7640874" lon="37.5844703"/>
  <node id="670660807" timestamp="2016-04-15T15:36:09Z" uid="260756" user="Felis Pimeja" visible="true" version="4" changeset="38592147" lat="55.7641404" lon="37.5845354"/>
  <node id="670660808" timestamp="2016-04-15T15:36:09Z" uid="260756" user="Felis Pimeja" visible="true" version="4" changeset="38592147" lat="55.7641241" lon="37.5844124"/>
  <node id="670660809" timestamp="2016-04-15T15:36:09Z" uid="260756" user="Felis Pimeja" visible="true" version="4" changeset="38592147" lat="55.7641404" lon="37.5844124"/>
  <node id="670660810" timestamp="2016-04-15T15:36:09Z" uid="260756" user="Felis Pimeja" visible="true" version="4" changeset="38592147" lat="55.7641568" lon="37.5844414"/>
  <node id="670660811" timestamp="2016-04-15T15:36:09Z" uid="260756" user="Felis Pimeja" visible="true" version="4" changeset="38592147" lat="55.7642262" lon="37.5844414"/>
  <node id="670660813" timestamp="2016-04-15T15:36:09Z" uid="260756" user="Felis Pimeja" visible="true" version="4" changeset="38592147" lat="55.7642793" lon="37.5844124"/>
  <node id="670660814" timestamp="2016-04-15T15:36:09Z" uid="260756" user="Felis Pimeja" visible="true" version="4" changeset="38592147" lat="55.764316" lon="37.5843473"/>
  <node id="670660815" timestamp="2016-04-15T15:36:09Z" uid="260756" user="Felis Pimeja" visible="true" version="4" changeset="38592147" lat="55.7643324" lon="37.5842605"/>
  <node id="670660816" timestamp="2016-04-15T15:36:09Z" uid="260756" user="Felis Pimeja" visible="true" version="4" changeset="38592147" lat="55.7643487" lon="37.5842244"/>
  <node id="670660818" timestamp="2016-04-15T15:36:09Z" uid="260756" user="Felis Pimeja" visible="true" version="3" changeset="38592147" lat="55.7645797" lon="37.584467"/>
  <node id="670660819" timestamp="2016-04-15T15:36:09Z" uid="260756" user="Felis Pimeja" visible="true" version="3" changeset="38592147" lat="55.7645617" lon="37.5844879"/>
  <node id="670660820" timestamp="2016-04-15T15:36:09Z" uid="260756" user="Felis Pimeja" visible="true" version="3" changeset="38592147" lat="55.7645584" lon="37.5845637"/>
  <node id="670660825" timestamp="2010-05-01T18:47:52Z" uid="30590" user="KekcuHa" visible="true" version="2" changeset="4578212" lat="55.7644719" lon="37.5846853"/>
  <node id="670660826" timestamp="2016-03-30T09:09:49Z" uid="260756" user="Felis Pimeja" visible="true" version="3" changeset="38161883" lat="55.7644888" lon="37.5847398"/>
  <node id="670660828" timestamp="2010-05-01T18:47:23Z" uid="30590" user="KekcuHa" visible="true" version="2" changeset="4578212" lat="55.76456" lon="37.5847528"/>
  <node id="670660829" timestamp="2016-04-15T15:36:09Z" uid="260756" user="Felis Pimeja" visible="true" version="3" changeset="38592147" lat="55.7645395" lon="37.5846318"/>
  <node id="670660830" timestamp="2010-05-01T18:47:46Z" uid="30590" user="KekcuHa" visible="true" version="2" changeset="4578212" lat="55.7645209" lon="37.5846202"/>
  <node id="670660831" timestamp="2010-05-01T18:47:29Z" uid="30590" user="KekcuHa" visible="true" version="2" changeset="4578212" lat="55.76449" lon="37.5846245"/>
  <node id="670660832" timestamp="2010-05-01T18:47:37Z" uid="30590" user="KekcuHa" visible="true" version="2" changeset="4578212" lat="55.764574" lon="37.5846492"/>
  <node id="670660833" timestamp="2010-05-01T18:47:17Z" uid="30590" user="KekcuHa" visible="true" version="2" changeset="4578212" lat="55.764574" lon="37.5847143"/>
  <node id="670660864" timestamp="2016-04-05T15:01:45Z" uid="260756" user="Felis Pimeja" visible="true" version="3" changeset="38320240" lat="55.7646596" lon="37.5843466"/>
  <node id="670660865" timestamp="2016-04-05T15:01:45Z" uid="260756" user="Felis Pimeja" visible="true" version="3" changeset="38320240" lat="55.7646295" lon="37.5843115"/>
  <node id="670660866" timestamp="2016-04-15T15:36:09Z" uid="260756" user="Felis Pimeja" visible="true" version="4" changeset="38592147" lat="55.7646759" lon="37.5841896"/>
  <node id="670660867" timestamp="2016-04-15T15:36:09Z" uid="260756" user="Felis Pimeja" visible="true" version="3" changeset="38592147" lat="55.7645967" lon="37.5844663"/>
  <node id="670660868" timestamp="2010-05-01T18:47:47Z" uid="30590" user="KekcuHa" visible="true" version="2" changeset="4578212" lat="55.7646434" lon="37.5844394"/>
  <node id="670660869" timestamp="2016-04-15T15:36:09Z" uid="260756" user="Felis Pimeja" visible="true" version="3" changeset="38592147" lat="55.7646175" lon="37.5844091"/>
  <node id="670660892" timestamp="2019-08-19T15:24:22Z" uid="830106" user="literan" visible="true" version="4" changeset="73504278" lat="55.7640381" lon="37.5857895"/>
  <node id="715786728" timestamp="2013-12-09T07:46:31Z" uid="260756" user="Felis Pimeja" visible="true" version="3" changeset="19353552" lat="55.7613929" lon="37.5831518"/>
  <node id="715786914" timestamp="2019-08-19T15:24:22Z" uid="830106" user="literan" visible="true" version="3" changeset="73504278" lat="55.7628939" lon="37.5847677"/>
  <node id="715797825" timestamp="2013-12-09T07:46:31Z" uid="260756" user="Felis Pimeja" visible="true" version="2" changeset="19353552" lat="55.7627459" lon="37.5807972"/>
  <node id="715797843" timestamp="2016-04-15T15:36:09Z" uid="260756" user="Felis Pimeja" visible="true" version="2" changeset="38592147" lat="55.7623994" lon="37.579708"/>
  <node id="774889166" timestamp="2016-04-15T15:36:09Z" uid="260756" user="Felis Pimeja" visible="true" version="2" changeset="38592147" lat="55.762422" lon="37.5825733"/>
  <node id="774890927" timestamp="2016-04-15T15:36:09Z" uid="260756" user="Felis Pimeja" visible="true" version="2" changeset="38592147" lat="55.7612391" lon="37.5817603"/>
  <node id="774890935" action="modify" timestamp="2016-04-15T15:36:09Z" uid="260756" user="Felis Pimeja" visible="true" version="2" changeset="38592147" lat="55.76168099238" lon="37.58201479523"/>
  <node id="968712139" timestamp="2016-02-02T14:03:50Z" uid="260756" user="Felis Pimeja" visible="true" version="4" changeset="36957804" lat="55.7613308" lon="37.5786963"/>
  <node id="1188905053" timestamp="2011-08-17T06:36:10Z" uid="260756" user="Felis Pimeja" visible="true" version="2" changeset="9044556" lat="55.762374" lon="37.5763374"/>
  <node id="1188905577" timestamp="2023-07-24T08:46:08Z" uid="260756" user="Felis Pimeja" visible="true" version="3" changeset="138927867" lat="55.7627139" lon="37.5769394"/>
  <node id="1188905872" timestamp="2023-07-24T08:46:08Z" uid="260756" user="Felis Pimeja" visible="true" version="3" changeset="138927867" lat="55.7623125" lon="37.576312"/>
  <node id="1253152090" timestamp="2011-08-17T06:36:11Z" uid="260756" user="Felis Pimeja" visible="true" version="2" changeset="9044556" lat="55.7632073" lon="37.5814868"/>
  <node id="1253152092" action="modify" timestamp="2016-04-15T15:35:56Z" uid="260756" user="Felis Pimeja" visible="true" version="2" changeset="38592147" lat="55.7631962199" lon="37.58479057732"/>
  <node id="1253152099" timestamp="2015-11-28T15:00:07Z" uid="3351026" user="Alexander Khomyak" visible="true" version="3" changeset="35629775" lat="55.7633149" lon="37.5816842"/>
  <node id="1253152101" timestamp="2011-08-17T06:36:11Z" uid="260756" user="Felis Pimeja" visible="true" version="2" changeset="9044556" lat="55.7635079" lon="37.5811931"/>
  <node id="1253152104" timestamp="2013-12-09T08:00:46Z" uid="260756" user="Felis Pimeja" visible="true" version="3" changeset="19353552" lat="55.7629131" lon="37.5808827"/>
  <node id="1253152106" timestamp="2013-12-09T08:00:46Z" uid="260756" user="Felis Pimeja" visible="true" version="3" changeset="19353552" lat="55.7629387" lon="37.5793895"/>
  <node id="1253152108" timestamp="2011-08-17T06:36:12Z" uid="260756" user="Felis Pimeja" visible="true" version="2" changeset="9044556" lat="55.7637853" lon="37.5816669"/>
  <node id="1253152111" timestamp="2011-04-20T21:32:25Z" uid="266092" user="luch86" visible="true" version="1" changeset="7919460" lat="55.7635785" lon="37.5827063"/>
  <node id="1253152118" timestamp="2013-12-09T08:00:46Z" uid="260756" user="Felis Pimeja" visible="true" version="3" changeset="19353552" lat="55.762731" lon="37.5795304"/>
  <node id="1253152119" timestamp="2013-12-09T08:00:46Z" uid="260756" user="Felis Pimeja" visible="true" version="3" changeset="19353552" lat="55.7626828" lon="37.5797957"/>
  <node id="1253152121" timestamp="2011-08-17T06:36:12Z" uid="260756" user="Felis Pimeja" visible="true" version="2" changeset="9044556" lat="55.7630774" lon="37.5812985"/>
  <node id="1253152125" timestamp="2015-11-28T15:00:07Z" uid="3351026" user="Alexander Khomyak" visible="true" version="3" changeset="35629775" lat="55.7631775" lon="37.5794849"/>
  <node id="1253152126" timestamp="2011-08-17T06:36:12Z" uid="260756" user="Felis Pimeja" visible="true" version="2" changeset="9044556" lat="55.7635514" lon="37.5810675"/>
  <node id="1253152128" action="modify" timestamp="2013-12-09T07:46:10Z" uid="260756" user="Felis Pimeja" visible="true" version="2" changeset="19353552" lat="55.76290818323" lon="37.58114349072"/>
  <node id="1253152142" timestamp="2013-12-09T08:00:47Z" uid="260756" user="Felis Pimeja" visible="true" version="3" changeset="19353552" lat="55.7626558" lon="37.5799754"/>
  <node id="1253152144" timestamp="2013-12-09T08:00:47Z" uid="260756" user="Felis Pimeja" visible="true" version="3" changeset="19353552" lat="55.7630111" lon="37.5794435"/>
  <node id="1253152147" timestamp="2011-04-20T21:32:26Z" uid="266092" user="luch86" visible="true" version="1" changeset="7919460" lat="55.7636528" lon="37.5823969"/>
  <node id="1253152149" timestamp="2013-12-09T08:00:48Z" uid="260756" user="Felis Pimeja" visible="true" version="2" changeset="19353552" lat="55.7631184" lon="37.5820579"/>
  <node id="1253152153" timestamp="2013-12-09T08:00:48Z" uid="260756" user="Felis Pimeja" visible="true" version="3" changeset="19353552" lat="55.762688" lon="37.5797489"/>
  <node id="1253152160" timestamp="2013-12-09T08:00:48Z" uid="260756" user="Felis Pimeja" visible="true" version="3" changeset="19353552" lat="55.7633712" lon="37.5810789"/>
  <node id="1253152175" timestamp="2016-04-15T15:35:56Z" uid="260756" user="Felis Pimeja" visible="true" version="2" changeset="38592147" lat="55.7630603" lon="37.5845276"/>
  <node id="1253152178" timestamp="2011-08-17T06:36:12Z" uid="260756" user="Felis Pimeja" visible="true" version="2" changeset="9044556" lat="55.7628415" lon="37.5794356"/>
  <node id="1253152182" timestamp="2011-08-17T06:36:12Z" uid="260756" user="Felis Pimeja" visible="true" version="2" changeset="9044556" lat="55.7634173" lon="37.5815863"/>
  <node id="1253152184" timestamp="2016-04-15T15:35:56Z" uid="260756" user="Felis Pimeja" visible="true" version="2" changeset="38592147" lat="55.7635165" lon="37.5827864"/>
  <node id="1253152188" timestamp="2016-04-15T15:35:56Z" uid="260756" user="Felis Pimeja" visible="true" version="2" changeset="38592147" lat="55.7630655" lon="37.5824681"/>
  <node id="1253152191" timestamp="2011-04-20T21:32:27Z" uid="266092" user="luch86" visible="true" version="1" changeset="7919460" lat="55.7639211" lon="37.5826588"/>
  <node id="1253152194" timestamp="2013-12-09T08:00:49Z" uid="260756" user="Felis Pimeja" visible="true" version="3" changeset="19353552" lat="55.762655" lon="37.5799056"/>
  <node id="1253152210" timestamp="2016-04-15T15:35:56Z" uid="260756" user="Felis Pimeja" visible="true" version="2" changeset="38592147" lat="55.76386" lon="37.5845654"/>
  <node id="1253152212" timestamp="2011-08-17T06:36:12Z" uid="260756" user="Felis Pimeja" visible="true" version="2" changeset="9044556" lat="55.7633712" lon="37.5807939"/>
  <node id="1253152215" timestamp="2011-08-17T06:36:12Z" uid="260756" user="Felis Pimeja" visible="true" version="2" changeset="9044556" lat="55.7635025" lon="37.5818312"/>
  <node id="1253152216" action="modify" timestamp="2016-04-15T15:35:56Z" uid="260756" user="Felis Pimeja" visible="true" version="5" changeset="38592147" lat="55.76259458297" lon="37.57993719072"/>
  <node id="1253152217" timestamp="2011-08-17T06:36:13Z" uid="260756" user="Felis Pimeja" visible="true" version="2" changeset="9044556" lat="55.7632624" lon="37.5814316"/>
  <node id="1253152219" timestamp="2011-08-17T06:36:13Z" uid="260756" user="Felis Pimeja" visible="true" version="2" changeset="9044556" lat="55.7636856" lon="37.5820794"/>
  <node id="1253152224" timestamp="2015-11-28T15:00:07Z" uid="3351026" user="Alexander Khomyak" visible="true" version="2" changeset="35629775" lat="55.7634892" lon="37.5809808"/>
  <node id="1253152226" timestamp="2016-04-15T15:35:56Z" uid="260756" user="Felis Pimeja" visible="true" version="2" changeset="38592147" lat="55.76299" lon="37.5835825"/>
  <node id="1253152228" timestamp="2011-08-17T06:36:13Z" uid="260756" user="Felis Pimeja" visible="true" version="2" changeset="9044556" lat="55.7634572" lon="37.5814284"/>
  <node id="1253152230" timestamp="2016-04-15T15:35:56Z" uid="260756" user="Felis Pimeja" visible="true" version="2" changeset="38592147" lat="55.7630626" lon="37.5821465"/>
  <node id="1253152236" timestamp="2011-08-17T06:36:13Z" uid="260756" user="Felis Pimeja" visible="true" version="2" changeset="9044556" lat="55.7633896" lon="37.5809721"/>
  <node id="1253152240" action="modify" timestamp="2016-04-15T15:35:56Z" uid="260756" user="Felis Pimeja" visible="true" version="3" changeset="38592147" lat="55.762632383" lon="37.57959929072"/>
  <node id="1253152242" timestamp="2011-08-17T06:36:13Z" uid="260756" user="Felis Pimeja" visible="true" version="2" changeset="9044556" lat="55.7637527" lon="37.5820955"/>
  <node id="1253152245" timestamp="2011-08-17T06:36:13Z" uid="260756" user="Felis Pimeja" visible="true" version="2" changeset="9044556" lat="55.7634191" lon="37.5816862"/>
  <node id="1253152247" action="modify" timestamp="2015-11-28T15:00:07Z" uid="3351026" user="Alexander Khomyak" visible="true" version="4" changeset="35629775" lat="55.76261968299" lon="37.58010749072"/>
  <node id="1253152249" timestamp="2013-12-09T08:00:49Z" uid="260756" user="Felis Pimeja" visible="true" version="3" changeset="19353552" lat="55.7629106" lon="37.5807133"/>
  <node id="1253152251" timestamp="2016-04-15T15:35:56Z" uid="260756" user="Felis Pimeja" visible="true" version="2" changeset="38592147" lat="55.7636065" lon="37.5846627"/>
  <node id="1253152253" timestamp="2026-05-18T07:24:16Z" uid="830106" user="literan" visible="true" version="3" changeset="182815711" lat="55.7632964" lon="37.5800313"/>
  <node id="1253152256" timestamp="2011-08-17T06:36:13Z" uid="260756" user="Felis Pimeja" visible="true" version="2" changeset="9044556" lat="55.7638561" lon="37.5818893"/>
  <node id="1253152264" timestamp="2011-08-17T06:36:13Z" uid="260756" user="Felis Pimeja" visible="true" version="2" changeset="9044556" lat="55.7631975" lon="37.5801486"/>
  <node id="1253152269" action="modify" timestamp="2015-11-28T15:00:07Z" uid="3351026" user="Alexander Khomyak" visible="true" version="3" changeset="35629775" lat="55.76311188341" lon="37.58180769072"/>
  <node id="1253152271" timestamp="2013-12-09T08:00:50Z" uid="260756" user="Felis Pimeja" visible="true" version="3" changeset="19353552" lat="55.7627865" lon="37.580452"/>
  <node id="1253152275" timestamp="2016-04-15T15:35:56Z" uid="260756" user="Felis Pimeja" visible="true" version="2" changeset="38592147" lat="55.7633453" lon="37.584816"/>
  <node id="1253152278" timestamp="2011-08-17T06:36:13Z" uid="260756" user="Felis Pimeja" visible="true" version="2" changeset="9044556" lat="55.7630689" lon="37.5796465"/>
  <node id="1253152281" timestamp="2011-08-17T06:36:13Z" uid="260756" user="Felis Pimeja" visible="true" version="2" changeset="9044556" lat="55.7638216" lon="37.5820117"/>
  <node id="1253152283" timestamp="2015-11-28T15:00:07Z" uid="3351026" user="Alexander Khomyak" visible="true" version="3" changeset="35629775" lat="55.7636255" lon="37.5821833"/>
  <node id="1253152285" timestamp="2016-04-15T15:35:56Z" uid="260756" user="Felis Pimeja" visible="true" version="2" changeset="38592147" lat="55.7631303" lon="37.5827382"/>
  <node id="1253152286" timestamp="2011-08-17T06:36:13Z" uid="260756" user="Felis Pimeja" visible="true" version="2" changeset="9044556" lat="55.7633119" lon="37.580593"/>
  <node id="1253152292" timestamp="2013-12-09T08:00:50Z" uid="260756" user="Felis Pimeja" visible="true" version="3" changeset="19353552" lat="55.7630341" lon="37.581201"/>
  <node id="1253152294" action="modify" timestamp="2016-04-15T15:35:56Z" uid="260756" user="Felis Pimeja" visible="true" version="2" changeset="38592147" lat="55.7634888199" lon="37.58487397732"/>
  <node id="1253152297" timestamp="2013-12-09T07:46:12Z" uid="260756" user="Felis Pimeja" visible="true" version="4" changeset="19353552" lat="55.7631402" lon="37.5799248"/>
  <node id="1253152299" timestamp="2013-12-09T08:00:50Z" uid="260756" user="Felis Pimeja" visible="true" version="3" changeset="19353552" lat="55.7626886" lon="37.5796887"/>
  <node id="1253152301" timestamp="2011-08-17T06:36:13Z" uid="260756" user="Felis Pimeja" visible="true" version="2" changeset="9044556" lat="55.7636385" lon="37.5812834"/>
  <node id="1395549617" timestamp="2015-12-04T13:52:28Z" uid="149412" user="Haserbaba" visible="true" version="3" changeset="35747694" lat="55.7611439" lon="37.5772273"/>
  <node id="1399841565" timestamp="2016-02-02T14:03:48Z" uid="260756" user="Felis Pimeja" visible="true" version="2" changeset="36957804" lat="55.7609962" lon="37.5778849"/>
  <node id="1399841711" timestamp="2011-08-15T13:57:41Z" uid="260756" user="Felis Pimeja" visible="true" version="1" changeset="9027346" lat="55.7613583" lon="37.5789601"/>
  <node id="1399841755" timestamp="2014-12-04T14:00:06Z" uid="830106" user="literan" visible="true" version="2" changeset="27235647" lat="55.7614291" lon="37.5750863"/>
  <node id="1399841884" timestamp="2014-12-04T14:00:07Z" uid="830106" user="literan" visible="true" version="2" changeset="27235647" lat="55.7618689" lon="37.5745125"/>
  <node id="1399841904" timestamp="2011-08-15T13:57:45Z" uid="260756" user="Felis Pimeja" visible="true" version="1" changeset="9027346" lat="55.7620841" lon="37.5791625"/>
  <node id="1399841912" timestamp="2011-08-15T13:57:45Z" uid="260756" user="Felis Pimeja" visible="true" version="1" changeset="9027346" lat="55.7622099" lon="37.5791883"/>
  <node id="1399841937" timestamp="2016-04-15T15:35:56Z" uid="260756" user="Felis Pimeja" visible="true" version="2" changeset="38592147" lat="55.7623419" lon="37.5791794"/>
  <node id="1399842006" timestamp="2011-08-15T13:57:46Z" uid="260756" user="Felis Pimeja" visible="true" version="1" changeset="9027346" lat="55.7629077" lon="37.5787984"/>
  <node id="1399842008" timestamp="2015-12-01T11:03:16Z" uid="149412" user="Haserbaba" visible="true" version="3" changeset="35682327" lat="55.7628967" lon="37.5750931"/>
  <node id="1399842039" timestamp="2011-08-15T13:57:47Z" uid="260756" user="Felis Pimeja" visible="true" version="1" changeset="9027346" lat="55.7630337" lon="37.5786748"/>
  <node id="1399842044" timestamp="2015-12-01T11:03:16Z" uid="149412" user="Haserbaba" visible="true" version="3" changeset="35682327" lat="55.7631826" lon="37.5750525"/>
  <node id="1399842050" timestamp="2016-04-15T15:35:56Z" uid="260756" user="Felis Pimeja" visible="true" version="2" changeset="38592147" lat="55.7631462" lon="37.578559"/>
  <node id="1399842163" timestamp="2011-08-15T13:57:49Z" uid="260756" user="Felis Pimeja" visible="true" version="1" changeset="9027346" lat="55.7635646" lon="37.5781341"/>
  <node id="1399842226" timestamp="2016-04-15T15:35:56Z" uid="260756" user="Felis Pimeja" visible="true" version="3" changeset="38592147" lat="55.7637813" lon="37.5781442"/>
  <node id="1399842234" timestamp="2016-04-15T15:35:56Z" uid="260756" user="Felis Pimeja" visible="true" version="3" changeset="38592147" lat="55.7638542" lon="37.5781475"/>
  <node id="1399842293" timestamp="2019-12-09T20:52:38Z" uid="830106" user="literan" visible="true" version="2" changeset="78170709" lat="55.7641884" lon="37.5742009"/>
  <node id="1399842360" timestamp="2019-12-09T20:52:38Z" uid="830106" user="literan" visible="true" version="2" changeset="78170709" lat="55.7642475" lon="37.5741916"/>
  <node id="1399842465" timestamp="2011-08-15T13:57:55Z" uid="260756" user="Felis Pimeja" visible="true" version="1" changeset="9027346" lat="55.7644672" lon="37.5781743"/>
  <node id="1399842502" timestamp="2011-08-15T13:57:56Z" uid="260756" user="Felis Pimeja" visible="true" version="1" changeset="9027346" lat="55.7646437" lon="37.5781421"/>
  <node id="1399842544" timestamp="2023-07-27T20:57:55Z" uid="830106" user="literan" visible="true" version="4" changeset="139107196" lat="55.7650416" lon="37.5740776"/>
  <node id="1399842600" timestamp="2011-08-15T13:58:00Z" uid="260756" user="Felis Pimeja" visible="true" version="1" changeset="9027346" lat="55.7651254" lon="37.577958"/>
  <node id="1399842787" timestamp="2023-07-27T20:57:55Z" uid="830106" user="literan" visible="true" version="2" changeset="139107196" lat="55.7653097" lon="37.5761641"/>
  <node id="1399842852" timestamp="2023-07-27T20:57:55Z" uid="830106" user="literan" visible="true" version="2" changeset="139107196" lat="55.765424" lon="37.5779201"/>
  <node id="1399842912" timestamp="2023-07-27T20:57:55Z" uid="830106" user="literan" visible="true" version="2" changeset="139107196" lat="55.7654495" lon="37.5768463"/>
  <node id="1399842938" timestamp="2023-07-27T20:57:55Z" uid="830106" user="literan" visible="true" version="2" changeset="139107196" lat="55.7655056" lon="37.5775437"/>
  <node id="1399842960" timestamp="2023-07-27T20:57:55Z" uid="830106" user="literan" visible="true" version="2" changeset="139107196" lat="55.7655115" lon="37.5771785"/>
  <node id="1399842961" timestamp="2023-07-27T20:57:55Z" uid="830106" user="literan" visible="true" version="2" changeset="139107196" lat="55.7655254" lon="37.5773765"/>
  <node id="1400272518" action="modify" timestamp="2013-12-30T15:08:38Z" uid="830106" user="literan" visible="true" version="2" changeset="19715914" lat="55.7614562" lon="37.58314752062"/>
  <node id="1400272520" timestamp="2016-04-15T15:35:56Z" uid="260756" user="Felis Pimeja" visible="true" version="2" changeset="38592147" lat="55.7616019" lon="37.5825321"/>
  <node id="1400272521" timestamp="2011-08-15T20:14:21Z" uid="266092" user="luch86" visible="true" version="1" changeset="9030914" lat="55.7617688" lon="37.5824294"/>
  <node id="1400272522" timestamp="2016-04-15T15:35:56Z" uid="260756" user="Felis Pimeja" visible="true" version="2" changeset="38592147" lat="55.7623809" lon="37.582907"/>
  <node id="1400272524" timestamp="2016-04-15T15:35:56Z" uid="260756" user="Felis Pimeja" visible="true" version="2" changeset="38592147" lat="55.7624584" lon="37.5828641"/>
  <node id="1400272525" timestamp="2016-04-15T15:35:56Z" uid="260756" user="Felis Pimeja" visible="true" version="2" changeset="38592147" lat="55.7624875" lon="37.5827686"/>
  <node id="1400272528" timestamp="2016-04-15T15:35:56Z" uid="260756" user="Felis Pimeja" visible="true" version="2" changeset="38592147" lat="55.7627044" lon="37.5823343"/>
  <node id="1400272529" timestamp="2016-04-15T15:35:56Z" uid="260756" user="Felis Pimeja" visible="true" version="3" changeset="38592147" lat="55.7626915" lon="37.5841168"/>
  <node id="1400272535" timestamp="2016-04-15T15:35:56Z" uid="260756" user="Felis Pimeja" visible="true" version="2" changeset="38592147" lat="55.7628787" lon="37.5823361"/>
  <node id="1400281020" timestamp="2016-04-15T15:35:56Z" uid="260756" user="Felis Pimeja" visible="true" version="2" changeset="38592147" lat="55.7638403" lon="37.584133"/>
  <node id="1400281023" timestamp="2016-04-15T15:35:56Z" uid="260756" user="Felis Pimeja" visible="true" version="2" changeset="38592147" lat="55.7638607" lon="37.5836983"/>
  <node id="1400281024" timestamp="2016-04-15T15:35:56Z" uid="260756" user="Felis Pimeja" visible="true" version="2" changeset="38592147" lat="55.7638974" lon="37.5835738"/>
  <node id="1400281029" timestamp="2011-08-15T20:22:01Z" uid="266092" user="luch86" visible="true" version="1" changeset="9030914" lat="55.7639181" lon="37.5832054"/>
  <node id="1400281031" timestamp="2011-08-15T20:22:01Z" uid="266092" user="luch86" visible="true" version="1" changeset="9030914" lat="55.763933" lon="37.5829754"/>
  <node id="1400281033" timestamp="2016-04-15T15:35:56Z" uid="260756" user="Felis Pimeja" visible="true" version="2" changeset="38592147" lat="55.7640066" lon="37.5831846"/>
  <node id="1400281035" timestamp="2016-04-15T15:35:56Z" uid="260756" user="Felis Pimeja" visible="true" version="2" changeset="38592147" lat="55.7640223" lon="37.5845985"/>
  <node id="1400281036" timestamp="2016-04-15T15:35:56Z" uid="260756" user="Felis Pimeja" visible="true" version="3" changeset="38592147" lat="55.7642399" lon="37.5831259"/>
  <node id="1400281038" timestamp="2016-04-15T15:35:56Z" uid="260756" user="Felis Pimeja" visible="true" version="2" changeset="38592147" lat="55.7641411" lon="37.5829408"/>
  <node id="1400281039" timestamp="2016-04-15T15:35:56Z" uid="260756" user="Felis Pimeja" visible="true" version="2" changeset="38592147" lat="55.7642045" lon="37.5845501"/>
  <node id="1400281040" timestamp="2016-04-15T15:35:57Z" uid="260756" user="Felis Pimeja" visible="true" version="2" changeset="38592147" lat="55.764329" lon="37.5844106"/>
  <node id="1400281041" timestamp="2018-08-25T19:37:10Z" uid="1337142" user="Nordpfeil" visible="true" version="4" changeset="61992958" lat="55.7644165" lon="37.5835604"/>
  <node id="1400281044" timestamp="2018-08-25T19:38:00Z" uid="1337142" user="Nordpfeil" visible="true" version="4" changeset="61992975" lat="55.7644723" lon="37.5839359"/>
  <node id="1475061425" timestamp="2016-02-02T14:03:48Z" uid="260756" user="Felis Pimeja" visible="true" version="2" changeset="36957804" lat="55.7609679" lon="37.5782874"/>
  <node id="1475061426" timestamp="2016-04-15T15:35:57Z" uid="260756" user="Felis Pimeja" visible="true" version="2" changeset="38592147" lat="55.7623963" lon="37.5795654"/>
  <node id="1475061427" timestamp="2011-10-21T15:05:56Z" uid="266092" user="luch86" visible="true" version="1" changeset="9617036" lat="55.7626057" lon="37.5794654"/>
  <node id="1475061428" timestamp="2011-10-21T15:05:56Z" uid="266092" user="luch86" visible="true" version="1" changeset="9617036" lat="55.762871" lon="37.5792186"/>
  <node id="1475061429" timestamp="2025-11-23T11:41:08Z" uid="830106" user="literan" visible="true" version="2" changeset="175022075" lat="55.7630771" lon="37.5790325"/>
  <node id="1475061431" timestamp="2016-04-05T15:01:42Z" uid="260756" user="Felis Pimeja" visible="true" version="2" changeset="38320240" lat="55.7643679" lon="37.5827426"/>
  <node id="1475061432" timestamp="2016-04-05T15:01:43Z" uid="260756" user="Felis Pimeja" visible="true" version="2" changeset="38320240" lat="55.764425" lon="37.5828349"/>
  <node id="1475061433" timestamp="2016-04-05T15:01:43Z" uid="260756" user="Felis Pimeja" visible="true" version="2" changeset="38320240" lat="55.7648255" lon="37.5833905"/>
  <node id="1475061434" timestamp="2016-04-05T15:01:43Z" uid="260756" user="Felis Pimeja" visible="true" version="3" changeset="38320240" lat="55.7650032" lon="37.5836219"/>
  <node id="1644045345" timestamp="2015-11-30T16:05:46Z" uid="2335615" user="a_isaeva" visible="true" version="2" changeset="35668729" lat="55.7643425" lon="37.5768133"/>
  <node id="1644045348" timestamp="2015-11-30T16:05:46Z" uid="2335615" user="a_isaeva" visible="true" version="2" changeset="35668729" lat="55.7644474" lon="37.576836"/>
  <node id="1644045350" timestamp="2012-02-23T10:25:21Z" uid="336354" user="esaulenka" visible="true" version="1" changeset="10766864" lat="55.7645709" lon="37.5773306"/>
  <node id="1644045354" timestamp="2012-02-23T10:25:21Z" uid="336354" user="esaulenka" visible="true" version="1" changeset="10766864" lat="55.7649552" lon="37.5766537"/>
  <node id="1644045356" timestamp="2023-07-27T20:57:55Z" uid="830106" user="literan" visible="true" version="2" changeset="139107196" lat="55.7652566" lon="37.5759977"/>
  <node id="1838704619" timestamp="2016-04-15T15:35:57Z" uid="260756" user="Felis Pimeja" visible="true" version="2" changeset="38592147" lat="55.7626702" lon="37.5817452"/>
  <node id="1838704620" timestamp="2017-01-23T18:02:15Z" uid="830106" user="literan" visible="true" version="4" changeset="45406844" lat="55.7626733" lon="37.5817906"/>
  <node id="1838704623" timestamp="2016-04-15T15:35:57Z" uid="260756" user="Felis Pimeja" visible="true" version="2" changeset="38592147" lat="55.7628716" lon="37.5815253"/>
  <node id="1838704625" action="modify" timestamp="2025-05-28T09:51:55Z" uid="1925053" user="J_Doe" visible="true" version="6" changeset="166867159" lat="55.76290855397" lon="37.58146601032">
    <tag k="attraction" v="animal"/>
    <tag k="is_in:zoo" v="Московский зоопарк"/>
    <tag k="name" v="Белые медведи"/>
  </node>
  <node id="1838704626" timestamp="2016-04-15T15:35:57Z" uid="260756" user="Felis Pimeja" visible="true" version="2" changeset="38592147" lat="55.7627894" lon="37.5820429"/>
  <node id="1838704627" timestamp="2016-04-15T15:35:57Z" uid="260756" user="Felis Pimeja" visible="true" version="2" changeset="38592147" lat="55.7627101" lon="37.5820751"/>
  <node id="1838704633" timestamp="2016-04-15T15:35:57Z" uid="260756" user="Felis Pimeja" visible="true" version="2" changeset="38592147" lat="55.7627856" lon="37.5818578"/>
  <node id="1838704634" action="modify" timestamp="2025-05-28T09:51:55Z" uid="1925053" user="J_Doe" visible="true" version="7" changeset="166867159" lat="55.76255387968" lon="37.5797218134">
    <tag k="attraction" v="animal"/>
    <tag k="is_in:zoo" v="Московский зоопарк"/>
    <tag k="name" v="Гигантская выдра"/>
  </node>
  <node id="1838704635" timestamp="2016-04-15T15:35:57Z" uid="260756" user="Felis Pimeja" visible="true" version="2" changeset="38592147" lat="55.7627916" lon="37.5813683"/>
  <node id="1838704636" timestamp="2016-04-15T15:35:57Z" uid="260756" user="Felis Pimeja" visible="true" version="2" changeset="38592147" lat="55.7628135" lon="37.5819517"/>
  <node id="1839631442" action="modify" timestamp="2023-09-13T17:59:28Z" uid="2006945" user="Nine-tailed" visible="true" version="5" changeset="141223350" lat="55.76284978053" lon="37.58107451547">
    <tag k="attraction" v="animal"/>
    <tag k="is_in:zoo" v="Московский зоопарк"/>
    <tag k="name" v="Белая сова"/>
  </node>
  <node id="1839631444" action="modify" timestamp="2025-05-28T09:51:55Z" uid="1925053" user="J_Doe" visible="true" version="8" changeset="166867159" lat="55.7622604" lon="37.5833966">
    <tag k="attraction" v="animal"/>
    <tag k="is_in:zoo" v="Московский зоопарк"/>
    <tag k="name" v="Дом приматов"/>
  </node>
  <node id="1839631447" action="modify" timestamp="2025-05-28T09:51:55Z" uid="1925053" user="J_Doe" visible="true" version="4" changeset="166867159" lat="55.7633461204" lon="37.58206877011">
    <tag k="attraction" v="animal"/>
    <tag k="is_in:zoo" v="Московский зоопарк"/>
    <tag k="name" v="Горный козел"/>
  </node>
  <node id="1839631468" action="modify" timestamp="2025-05-28T09:51:55Z" uid="1925053" user="J_Doe" visible="true" version="5" changeset="166867159" lat="55.76245087344" lon="37.57962066185">
    <tag k="attraction" v="animal"/>
    <tag k="is_in:zoo" v="Московский зоопарк"/>
    <tag k="name" v="Двупалый ленивцы"/>
  </node>
  <node id="1839631470" action="modify" timestamp="2025-05-28T09:51:55Z" uid="1925053" user="J_Doe" visible="true" version="6" changeset="166867159" lat="55.76418632791" lon="37.5838608598">
    <tag k="attraction" v="animal"/>
    <tag k="is_in:zoo" v="Московский зоопарк"/>
    <tag k="name" v="Экзотариум"/>
  </node>
  <node id="1845119770" action="modify" timestamp="2023-09-13T17:59:28Z" uid="2006945" user="Nine-tailed" visible="true" version="4" changeset="141223350" lat="55.76195046902" lon="37.5789343723">
    <tag k="attraction" v="animal"/>
    <tag k="is_in:zoo" v="Московский зоопарк"/>
    <tag k="name" v="Капибары"/>
  </node>
  <node id="1845119771" action="modify" timestamp="2026-05-18T07:24:16Z" uid="830106" user="literan" visible="true" version="7" changeset="182815711" lat="55.76274835339" lon="37.57866091259">
    <tag k="attraction" v="animal"/>
    <tag k="is_in:zoo" v="Московский зоопарк"/>
  </node>
  <node id="1845119772" action="modify" timestamp="2023-09-13T17:59:28Z" uid="2006945" user="Nine-tailed" visible="true" version="5" changeset="141223350" lat="55.7624191" lon="37.5790074">
    <tag k="attraction" v="animal"/>
    <tag k="is_in:zoo" v="Московский зоопарк"/>
    <tag k="name" v="Японские макаки"/>
  </node>
  <node id="1845119773" action="modify" timestamp="2025-05-28T09:51:55Z" uid="1925053" user="J_Doe" visible="true" version="6" changeset="166867159" lat="55.7621541" lon="37.5748676">
    <tag k="attraction" v="animal"/>
    <tag k="is_in:zoo" v="Московский зоопарк"/>
    <tag k="name" v="Фауна Китая"/>
  </node>
  <node id="1845119778" action="modify" timestamp="2025-05-28T09:51:55Z" uid="1925053" user="J_Doe" visible="true" version="5" changeset="166867159" lat="55.76404758679" lon="37.57694668581">
    <tag k="attraction" v="animal"/>
    <tag k="is_in:zoo" v="Московский зоопарк"/>
    <tag k="name" v="Хищные птицы"/>
  </node>
  <node id="1845119782" action="modify" timestamp="2025-05-28T09:51:55Z" uid="1925053" user="J_Doe" visible="true" version="5" changeset="166867159" lat="55.7635945" lon="37.5744594">
    <tag k="attraction" v="animal"/>
    <tag k="is_in:zoo" v="Московский зоопарк"/>
    <tag k="name" v="Домашний як"/>
  </node>
  <node id="1845119797" action="modify" timestamp="2025-05-28T09:51:55Z" uid="1925053" user="J_Doe" visible="true" version="5" changeset="166867159" lat="55.76235128345" lon="37.57564036776">
    <tag k="attraction" v="animal"/>
    <tag k="is_in:zoo" v="Московский зоопарк"/>
    <tag k="name" v="Енотовидная собака"/>
  </node>
  <node id="1845119798" action="modify" timestamp="2025-05-28T09:51:55Z" uid="1925053" user="J_Doe" visible="true" version="6" changeset="166867159" lat="55.76285657087" lon="37.57651762205">
    <tag k="attraction" v="animal"/>
    <tag k="is_in:zoo" v="Московский зоопарк"/>
    <tag k="name" v="Орлан-белохвост"/>
  </node>
  <node id="1845119799" action="modify" timestamp="2025-05-28T09:51:55Z" uid="1925053" user="J_Doe" visible="true" version="5" changeset="166867159" lat="55.763183093" lon="37.57787526227">
    <tag k="attraction" v="animal"/>
    <tag k="is_in:zoo" v="Московский зоопарк"/>
    <tag k="name" v="Сумеречный мир"/>
  </node>
  <node id="1845119810" action="modify" timestamp="2025-05-28T09:51:55Z" uid="1925053" user="J_Doe" visible="true" version="7" changeset="166867159" lat="55.7635003" lon="37.5762349">
    <tag k="animal" v="goat"/>
    <tag k="attraction" v="animal"/>
    <tag k="is_in:zoo" v="Московский зоопарк"/>
    <tag k="name" v="Ирбис"/>
  </node>
  <node id="1845119825" action="modify" timestamp="2025-05-28T09:51:55Z" uid="1925053" user="J_Doe" visible="true" version="4" changeset="166867159" lat="55.76323218218" lon="37.5751857008">
    <tag k="attraction" v="animal"/>
    <tag k="is_in:zoo" v="Московский зоопарк"/>
    <tag k="name" v="Кошачий ряд"/>
  </node>
  <node id="1845119826" action="modify" timestamp="2025-05-28T09:51:55Z" uid="1925053" user="J_Doe" visible="true" version="5" changeset="166867159" lat="55.76319242487" lon="37.57624655188">
    <tag k="attraction" v="animal"/>
    <tag k="is_in:zoo" v="Московский зоопарк"/>
    <tag k="name" v="Альпака"/>
  </node>
  <node id="1845119831" action="modify" timestamp="2025-05-28T09:51:55Z" uid="1925053" user="J_Doe" visible="true" version="7" changeset="166867159" lat="55.76270796227" lon="37.5748992567">
    <tag k="attraction" v="animal"/>
    <tag k="is_in:zoo" v="Московский зоопарк"/>
    <tag k="name" v="Гимолайский медведь"/>
  </node>
  <node id="1845119835" action="modify" timestamp="2025-05-28T09:51:55Z" uid="1925053" user="J_Doe" visible="true" version="5" changeset="166867159" lat="55.76342837537" lon="37.57783429922">
    <tag k="attraction" v="animal"/>
    <tag k="is_in:zoo" v="Московский зоопарк"/>
    <tag k="name" v="Волки"/>
  </node>
  <node id="2038035115" action="modify" timestamp="2016-04-15T15:35:57Z" uid="260756" user="Felis Pimeja" visible="true" version="2" changeset="38592147" lat="55.76221761594" lon="37.58244338144"/>
  <node id="2572579696" timestamp="2016-11-26T17:02:53Z" uid="624271" user="osmer120311" visible="true" version="3" changeset="43967287" lat="55.7617523" lon="37.5834324"/>
  <node id="2572579710" timestamp="2016-04-15T15:36:01Z" uid="260756" user="Felis Pimeja" visible="true" version="2" changeset="38592147" lat="55.7624422" lon="37.5798806"/>
  <node id="2572579712" timestamp="2013-12-09T07:45:47Z" uid="260756" user="Felis Pimeja" visible="true" version="1" changeset="19353552" lat="55.7624797" lon="37.580032"/>
  <node id="2572579719" timestamp="2013-12-09T07:45:48Z" uid="260756" user="Felis Pimeja" visible="true" version="1" changeset="19353552" lat="55.7625004" lon="37.5800219"/>
  <node id="2572579761" timestamp="2013-12-09T07:45:49Z" uid="260756" user="Felis Pimeja" visible="true" version="1" changeset="19353552" lat="55.7625555" lon="37.5800616"/>
  <node id="2572589132" action="modify" timestamp="2016-04-15T15:36:01Z" uid="260756" user="Felis Pimeja" visible="true" version="3" changeset="38592147" lat="55.76259838297" lon="37.58001569072"/>
  <node id="2572589133" timestamp="2013-12-09T07:59:13Z" uid="260756" user="Felis Pimeja" visible="true" version="1" changeset="19353552" lat="55.762652" lon="37.5799269"/>
  <node id="2572589134" timestamp="2013-12-09T07:59:13Z" uid="260756" user="Felis Pimeja" visible="true" version="1" changeset="19353552" lat="55.762652" lon="37.5799507"/>
  <node id="2572589142" timestamp="2013-12-09T07:59:14Z" uid="260756" user="Felis Pimeja" visible="true" version="1" changeset="19353552" lat="55.7626887" lon="37.5796215"/>
  <node id="2572589148" timestamp="2013-12-09T07:59:15Z" uid="260756" user="Felis Pimeja" visible="true" version="1" changeset="19353552" lat="55.7626959" lon="37.5795823"/>
  <node id="2572589150" timestamp="2013-12-09T07:59:15Z" uid="260756" user="Felis Pimeja" visible="true" version="1" changeset="19353552" lat="55.7627097" lon="37.5795538"/>
  <node id="2572589197" timestamp="2013-12-09T07:59:20Z" uid="260756" user="Felis Pimeja" visible="true" version="1" changeset="19353552" lat="55.762806" lon="37.5804938"/>
  <node id="2572589218" timestamp="2013-12-09T07:59:22Z" uid="260756" user="Felis Pimeja" visible="true" version="1" changeset="19353552" lat="55.7628266" lon="37.5805299"/>
  <node id="2572589236" timestamp="2013-12-09T07:59:24Z" uid="260756" user="Felis Pimeja" visible="true" version="1" changeset="19353552" lat="55.7628545" lon="37.5794266"/>
  <node id="2572589284" timestamp="2013-12-09T07:59:26Z" uid="260756" user="Felis Pimeja" visible="true" version="1" changeset="19353552" lat="55.7628948" lon="37.579416"/>
  <node id="2572589286" timestamp="2013-12-09T07:59:26Z" uid="260756" user="Felis Pimeja" visible="true" version="1" changeset="19353552" lat="55.7628953" lon="37.5806499"/>
  <node id="2572589289" timestamp="2013-12-09T07:59:26Z" uid="260756" user="Felis Pimeja" visible="true" version="1" changeset="19353552" lat="55.7629051" lon="37.5794118"/>
  <node id="2572589292" timestamp="2013-12-09T07:59:26Z" uid="260756" user="Felis Pimeja" visible="true" version="1" changeset="19353552" lat="55.7629053" lon="37.5807998"/>
  <node id="2572589294" timestamp="2013-12-09T07:59:27Z" uid="260756" user="Felis Pimeja" visible="true" version="1" changeset="19353552" lat="55.762906" lon="37.5806796"/>
  <node id="2572589296" timestamp="2013-12-09T07:59:27Z" uid="260756" user="Felis Pimeja" visible="true" version="1" changeset="19353552" lat="55.762906" lon="37.58084"/>
  <node id="2572589314" timestamp="2013-12-09T07:59:29Z" uid="260756" user="Felis Pimeja" visible="true" version="1" changeset="19353552" lat="55.7629416" lon="37.5810189"/>
  <node id="2572589320" timestamp="2013-12-09T07:59:29Z" uid="260756" user="Felis Pimeja" visible="true" version="1" changeset="19353552" lat="55.7629545" lon="37.5810418"/>
  <node id="2572589330" timestamp="2016-04-15T15:36:01Z" uid="260756" user="Felis Pimeja" visible="true" version="3" changeset="38592147" lat="55.7629839" lon="37.5793021"/>
  <node id="2572589343" timestamp="2013-12-09T07:59:30Z" uid="260756" user="Felis Pimeja" visible="true" version="1" changeset="19353552" lat="55.7629594" lon="37.5793845"/>
  <node id="2572589417" timestamp="2013-12-09T07:59:31Z" uid="260756" user="Felis Pimeja" visible="true" version="1" changeset="19353552" lat="55.7629701" lon="37.5810521"/>
  <node id="2572589458" timestamp="2013-12-09T07:59:32Z" uid="260756" user="Felis Pimeja" visible="true" version="1" changeset="19353552" lat="55.7629754" lon="37.5793924"/>
  <node id="2572589484" timestamp="2016-04-15T15:36:01Z" uid="260756" user="Felis Pimeja" visible="true" version="3" changeset="38592147" lat="55.7630333" lon="37.5792509"/>
  <node id="2572589498" timestamp="2013-12-09T07:59:33Z" uid="260756" user="Felis Pimeja" visible="true" version="1" changeset="19353552" lat="55.7629896" lon="37.5810473"/>
  <node id="2572589505" timestamp="2013-12-09T07:59:33Z" uid="260756" user="Felis Pimeja" visible="true" version="1" changeset="19353552" lat="55.7629945" lon="37.5794137"/>
  <node id="2572589522" timestamp="2013-12-09T07:59:35Z" uid="260756" user="Felis Pimeja" visible="true" version="1" changeset="19353552" lat="55.7630087" lon="37.5810386"/>
  <node id="2572589535" timestamp="2015-11-28T15:00:07Z" uid="3351026" user="Alexander Khomyak" visible="true" version="2" changeset="35629775" lat="55.7631365" lon="37.5793384"/>
  <node id="2572589558" timestamp="2013-12-09T07:59:39Z" uid="260756" user="Felis Pimeja" visible="true" version="1" changeset="19353552" lat="55.7630243" lon="37.5810473"/>
  <node id="2572589614" timestamp="2013-12-09T07:59:42Z" uid="260756" user="Felis Pimeja" visible="true" version="1" changeset="19353552" lat="55.7630453" lon="37.579551"/>
  <node id="2572589616" timestamp="2013-12-09T07:59:42Z" uid="260756" user="Felis Pimeja" visible="true" version="1" changeset="19353552" lat="55.7630457" lon="37.5810979"/>
  <node id="2572589643" timestamp="2016-04-15T15:36:01Z" uid="260756" user="Felis Pimeja" visible="true" version="2" changeset="38592147" lat="55.7630918" lon="37.5823317"/>
  <node id="2572589644" timestamp="2016-04-15T15:36:01Z" uid="260756" user="Felis Pimeja" visible="true" version="2" changeset="38592147" lat="55.7630918" lon="37.582406"/>
  <node id="2572589646" timestamp="2016-04-15T15:36:01Z" uid="260756" user="Felis Pimeja" visible="true" version="2" changeset="38592147" lat="55.7630954" lon="37.5824597"/>
  <node id="2572589648" timestamp="2016-04-15T15:36:01Z" uid="260756" user="Felis Pimeja" visible="true" version="2" changeset="38592147" lat="55.7631043" lon="37.5822479"/>
  <node id="2572589652" timestamp="2016-04-15T15:36:01Z" uid="260756" user="Felis Pimeja" visible="true" version="2" changeset="38592147" lat="55.7631203" lon="37.5821531"/>
  <node id="2572589654" timestamp="2016-04-15T15:36:01Z" uid="260756" user="Felis Pimeja" visible="true" version="2" changeset="38592147" lat="55.7631239" lon="37.5825277"/>
  <node id="2572589666" timestamp="2016-04-15T15:36:01Z" uid="260756" user="Felis Pimeja" visible="true" version="2" changeset="38592147" lat="55.7631399" lon="37.5820756"/>
  <node id="2572589667" timestamp="2013-12-09T07:59:52Z" uid="260756" user="Felis Pimeja" visible="true" version="1" changeset="19353552" lat="55.7631393" lon="37.5814069"/>
  <node id="2572589673" timestamp="2016-04-15T15:36:01Z" uid="260756" user="Felis Pimeja" visible="true" version="2" changeset="38592147" lat="55.7631541" lon="37.582572"/>
  <node id="2572589677" timestamp="2013-12-09T07:59:54Z" uid="260756" user="Felis Pimeja" visible="true" version="1" changeset="19353552" lat="55.7631598" lon="37.5812283"/>
  <node id="2572589678" timestamp="2013-12-09T07:59:54Z" uid="260756" user="Felis Pimeja" visible="true" version="1" changeset="19353552" lat="55.7631607" lon="37.5811967"/>
  <node id="2572589685" timestamp="2016-04-15T15:36:01Z" uid="260756" user="Felis Pimeja" visible="true" version="2" changeset="38592147" lat="55.7631763" lon="37.5819152"/>
  <node id="2572589689" timestamp="2013-12-09T07:59:57Z" uid="260756" user="Felis Pimeja" visible="true" version="1" changeset="19353552" lat="55.7631785" lon="37.5810765"/>
  <node id="2572589690" timestamp="2013-12-09T07:59:57Z" uid="260756" user="Felis Pimeja" visible="true" version="1" changeset="19353552" lat="55.7631785" lon="37.581233"/>
  <node id="2572589692" timestamp="2016-04-15T15:36:01Z" uid="260756" user="Felis Pimeja" visible="true" version="2" changeset="38592147" lat="55.7631825" lon="37.5825973"/>
  <node id="2572589703" timestamp="2013-12-09T07:59:59Z" uid="260756" user="Felis Pimeja" visible="true" version="1" changeset="19353552" lat="55.7631945" lon="37.5812188"/>
  <node id="2572589710" timestamp="2013-12-09T08:00:01Z" uid="260756" user="Felis Pimeja" visible="true" version="1" changeset="19353552" lat="55.7632132" lon="37.5812156"/>
  <node id="2572589711" timestamp="2013-12-09T08:00:01Z" uid="260756" user="Felis Pimeja" visible="true" version="1" changeset="19353552" lat="55.7632141" lon="37.5809327"/>
  <node id="2572589713" timestamp="2013-12-09T08:00:02Z" uid="260756" user="Felis Pimeja" visible="true" version="1" changeset="19353552" lat="55.7632247" lon="37.5810987"/>
  <node id="2572589714" timestamp="2013-12-09T08:00:02Z" uid="260756" user="Felis Pimeja" visible="true" version="1" changeset="19353552" lat="55.7632256" lon="37.5811334"/>
  <node id="2572589721" timestamp="2013-12-09T08:00:04Z" uid="260756" user="Felis Pimeja" visible="true" version="1" changeset="19353552" lat="55.7632301" lon="37.5812251"/>
  <node id="2572589722" timestamp="2013-12-09T08:00:04Z" uid="260756" user="Felis Pimeja" visible="true" version="1" changeset="19353552" lat="55.7632318" lon="37.5809358"/>
  <node id="2572589724" timestamp="2013-12-09T08:00:04Z" uid="260756" user="Felis Pimeja" visible="true" version="1" changeset="19353552" lat="55.7632354" lon="37.5811619"/>
  <node id="2572589728" timestamp="2013-12-09T08:00:05Z" uid="260756" user="Felis Pimeja" visible="true" version="1" changeset="19353552" lat="55.7632425" lon="37.5814828"/>
  <node id="2572589734" timestamp="2013-12-09T08:00:06Z" uid="260756" user="Felis Pimeja" visible="true" version="1" changeset="19353552" lat="55.7632514" lon="37.5811793"/>
  <node id="2572589738" timestamp="2013-12-09T08:00:07Z" uid="260756" user="Felis Pimeja" visible="true" version="1" changeset="19353552" lat="55.7632576" lon="37.5812646"/>
  <node id="2572589741" timestamp="2016-04-15T15:36:01Z" uid="260756" user="Felis Pimeja" visible="true" version="2" changeset="38592147" lat="55.7632635" lon="37.5826352"/>
  <node id="2572589742" timestamp="2013-12-09T08:00:08Z" uid="260756" user="Felis Pimeja" visible="true" version="1" changeset="19353552" lat="55.7632656" lon="37.5813437"/>
  <node id="2572589754" timestamp="2013-12-09T08:00:11Z" uid="260756" user="Felis Pimeja" visible="true" version="1" changeset="19353552" lat="55.763287" lon="37.5811872"/>
  <node id="2572589755" timestamp="2016-04-15T15:36:01Z" uid="260756" user="Felis Pimeja" visible="true" version="2" changeset="38592147" lat="55.7632908" lon="37.5817408"/>
  <node id="2572589784" timestamp="2013-12-09T08:00:16Z" uid="260756" user="Felis Pimeja" visible="true" version="1" changeset="19353552" lat="55.7633226" lon="37.5811698"/>
  <node id="2572589789" timestamp="2013-12-09T08:00:17Z" uid="260756" user="Felis Pimeja" visible="true" version="1" changeset="19353552" lat="55.7633395" lon="37.581154"/>
  <node id="2572589796" timestamp="2013-12-09T08:00:18Z" uid="260756" user="Felis Pimeja" visible="true" version="1" changeset="19353552" lat="55.7633519" lon="37.5811319"/>
  <node id="2572589829" timestamp="2016-04-15T15:36:01Z" uid="260756" user="Felis Pimeja" visible="true" version="2" changeset="38592147" lat="55.7634912" lon="37.5826889"/>
  <node id="2572589842" timestamp="2016-04-15T15:36:01Z" uid="260756" user="Felis Pimeja" visible="true" version="2" changeset="38592147" lat="55.7635463" lon="37.5826494"/>
  <node id="2572589853" timestamp="2016-04-15T15:36:01Z" uid="260756" user="Felis Pimeja" visible="true" version="2" changeset="38592147" lat="55.763581" lon="37.5825735"/>
  <node id="2572589854" timestamp="2016-04-15T15:36:01Z" uid="260756" user="Felis Pimeja" visible="true" version="2" changeset="38592147" lat="55.7635872" lon="37.5821815"/>
  <node id="2572589861" timestamp="2016-04-15T15:36:01Z" uid="260756" user="Felis Pimeja" visible="true" version="2" changeset="38592147" lat="55.7636139" lon="37.5824218"/>
  <node id="2572809169" timestamp="2013-12-09T12:01:14Z" uid="260756" user="Felis Pimeja" visible="true" version="1" changeset="19357638" lat="55.7612533" lon="37.5764805"/>
  <node id="2572809189" timestamp="2015-12-04T13:52:28Z" uid="149412" user="Haserbaba" visible="true" version="2" changeset="35747694" lat="55.7612627" lon="37.5765151"/>
  <node id="2572809216" timestamp="2015-12-04T13:52:28Z" uid="149412" user="Haserbaba" visible="true" version="2" changeset="35747694" lat="55.7612637" lon="37.5764474"/>
  <node id="2572809265" timestamp="2013-12-09T12:01:16Z" uid="260756" user="Felis Pimeja" visible="true" version="1" changeset="19357638" lat="55.761295" lon="37.5764459"/>
  <node id="2572809278" timestamp="2013-12-09T12:01:16Z" uid="260756" user="Felis Pimeja" visible="true" version="1" changeset="19357638" lat="55.7613242" lon="37.576483"/>
  <node id="2572809895" timestamp="2013-12-09T12:01:30Z" uid="260756" user="Felis Pimeja" visible="true" version="1" changeset="19357638" lat="55.7615968" lon="37.578596"/>
  <node id="2572810180" action="modify" timestamp="2013-12-09T12:01:37Z" uid="260756" user="Felis Pimeja" visible="true" version="1" changeset="19357638" lat="55.76173288081" lon="37.57863284761"/>
  <node id="2572810350" action="modify" timestamp="2013-12-09T12:01:40Z" uid="260756" user="Felis Pimeja" visible="true" version="1" changeset="19357638" lat="55.76183593835" lon="37.57867579206"/>
  <node id="2572810709" timestamp="2013-12-09T12:01:45Z" uid="260756" user="Felis Pimeja" visible="true" version="1" changeset="19357638" lat="55.7619782" lon="37.5788214"/>
  <node id="2572810793" action="modify" timestamp="2013-12-09T12:01:46Z" uid="260756" user="Felis Pimeja" visible="true" version="1" changeset="19357638" lat="55.76202165603" lon="37.57879924285"/>
  <node id="2572810805" action="modify" timestamp="2013-12-09T12:01:46Z" uid="260756" user="Felis Pimeja" visible="true" version="1" changeset="19357638" lat="55.76197198368" lon="37.57890571905"/>
  <node id="2572810839" timestamp="2013-12-09T12:01:47Z" uid="260756" user="Felis Pimeja" visible="true" version="1" changeset="19357638" lat="55.7620035" lon="37.5763783"/>
  <node id="2572810878" action="modify" timestamp="2013-12-09T12:01:47Z" uid="260756" user="Felis Pimeja" visible="true" version="1" changeset="19357638" lat="55.76206611201" lon="37.57878157777"/>
  <node id="2572810962" timestamp="2013-12-09T12:01:49Z" uid="260756" user="Felis Pimeja" visible="true" version="1" changeset="19357638" lat="55.7620642" lon="37.5757347"/>
  <node id="2572810979" timestamp="2013-12-09T12:01:49Z" uid="260756" user="Felis Pimeja" visible="true" version="1" changeset="19357638" lat="55.7620726" lon="37.5759447"/>
  <node id="2572811083" timestamp="2013-12-09T12:01:50Z" uid="260756" user="Felis Pimeja" visible="true" version="1" changeset="19357638" lat="55.7620892" lon="37.5757075"/>
  <node id="2572811115" timestamp="2013-12-09T12:01:51Z" uid="260756" user="Felis Pimeja" visible="true" version="1" changeset="19357638" lat="55.7620976" lon="37.5754974"/>
  <node id="2572811195" timestamp="2013-12-09T12:01:53Z" uid="260756" user="Felis Pimeja" visible="true" version="1" changeset="19357638" lat="55.7621101" lon="37.5755444"/>
  <node id="2572811216" action="modify" timestamp="2013-12-09T12:01:53Z" uid="260756" user="Felis Pimeja" visible="true" version="1" changeset="19357638" lat="55.76211130072" lon="37.57877170317"/>
  <node id="2572811278" timestamp="2013-12-09T12:01:55Z" uid="260756" user="Felis Pimeja" visible="true" version="1" changeset="19357638" lat="55.7621254" lon="37.5759867"/>
  <node id="2572811288" timestamp="2013-12-09T12:01:55Z" uid="260756" user="Felis Pimeja" visible="true" version="1" changeset="19357638" lat="55.7621323" lon="37.5760361"/>
  <node id="2572811295" timestamp="2013-12-09T12:01:55Z" uid="260756" user="Felis Pimeja" visible="true" version="1" changeset="19357638" lat="55.7621337" lon="37.5754208"/>
  <node id="2572811360" timestamp="2013-12-09T12:01:57Z" uid="260756" user="Felis Pimeja" visible="true" version="1" changeset="19357638" lat="55.7621476" lon="37.5757075"/>
  <node id="2572811423" timestamp="2013-12-09T12:01:59Z" uid="260756" user="Felis Pimeja" visible="true" version="1" changeset="19357638" lat="55.7621574" lon="37.5760559"/>
  <node id="2572811437" timestamp="2013-12-09T12:01:59Z" uid="260756" user="Felis Pimeja" visible="true" version="1" changeset="19357638" lat="55.7621615" lon="37.5755963"/>
  <node id="2572811446" action="modify" timestamp="2013-12-09T12:02:00Z" uid="260756" user="Felis Pimeja" visible="true" version="1" changeset="19357638" lat="55.76217204383" lon="37.57567971893"/>
  <node id="2572811576" action="modify" timestamp="2013-12-09T12:02:02Z" uid="260756" user="Felis Pimeja" visible="true" version="1" changeset="19357638" lat="55.76222823165" lon="37.57876363492"/>
  <node id="2572811594" timestamp="2013-12-09T12:02:03Z" uid="260756" user="Felis Pimeja" visible="true" version="1" changeset="19357638" lat="55.7621838" lon="37.5755938"/>
  <node id="2572811657" timestamp="2013-12-09T12:02:04Z" uid="260756" user="Felis Pimeja" visible="true" version="1" changeset="19357638" lat="55.762206" lon="37.5760015"/>
  <node id="2572811673" action="modify" timestamp="2013-12-09T12:02:05Z" uid="260756" user="Felis Pimeja" visible="true" version="1" changeset="19357638" lat="55.76230304478" lon="37.57877486667"/>
  <node id="2572811743" action="modify" timestamp="2013-12-09T12:02:07Z" uid="260756" user="Felis Pimeja" visible="true" version="1" changeset="19357638" lat="55.76224683823" lon="37.57919177618"/>
  <node id="2572811763" action="modify" timestamp="2013-12-09T12:02:07Z" uid="260756" user="Felis Pimeja" visible="true" version="1" changeset="19357638" lat="55.76221818839" lon="37.57565932446"/>
  <node id="2572811777" action="modify" timestamp="2013-12-09T12:02:08Z" uid="260756" user="Felis Pimeja" visible="true" version="1" changeset="19357638" lat="55.76231896754" lon="37.57880573493"/>
  <node id="2572811783" action="modify" timestamp="2013-12-09T12:02:08Z" uid="260756" user="Felis Pimeja" visible="true" version="1" changeset="19357638" lat="55.76231688961" lon="37.57884580478"/>
  <node id="2572811786" timestamp="2013-12-09T12:02:08Z" uid="260756" user="Felis Pimeja" visible="true" version="1" changeset="19357638" lat="55.7622533" lon="37.5755172"/>
  <node id="2572811788" action="modify" timestamp="2013-12-09T12:02:09Z" uid="260756" user="Felis Pimeja" visible="true" version="1" changeset="19357638" lat="55.7622616" lon="37.57564660241"/>
  <node id="2572811789" timestamp="2013-12-09T12:02:09Z" uid="260756" user="Felis Pimeja" visible="true" version="1" changeset="19357638" lat="55.7622728" lon="37.5760361"/>
  <node id="2572811790" action="modify" timestamp="2013-12-09T12:02:10Z" uid="260756" user="Felis Pimeja" visible="true" version="1" changeset="19357638" lat="55.76231077521" lon="37.57562341812"/>
  <node id="2572811798" timestamp="2013-12-09T12:02:11Z" uid="260756" user="Felis Pimeja" visible="true" version="1" changeset="19357638" lat="55.7623061" lon="37.5752998"/>
  <node id="2572811818" timestamp="2013-12-09T12:02:16Z" uid="260756" user="Felis Pimeja" visible="true" version="1" changeset="19357638" lat="55.7623645" lon="37.5752726"/>
  <node id="2572811996" timestamp="2013-12-09T12:02:18Z" uid="260756" user="Felis Pimeja" visible="true" version="1" changeset="19357638" lat="55.7623951" lon="37.5756432"/>
  <node id="2572812020" timestamp="2013-12-09T12:02:18Z" uid="260756" user="Felis Pimeja" visible="true" version="1" changeset="19357638" lat="55.7623993" lon="37.5754357"/>
  <node id="2572812227" timestamp="2013-12-09T12:02:20Z" uid="260756" user="Felis Pimeja" visible="true" version="1" changeset="19357638" lat="55.7624187" lon="37.5752923"/>
  <node id="2572812280" timestamp="2013-12-09T12:02:21Z" uid="260756" user="Felis Pimeja" visible="true" version="1" changeset="19357638" lat="55.7624271" lon="37.575411"/>
  <node id="2572812385" timestamp="2013-12-09T12:02:22Z" uid="260756" user="Felis Pimeja" visible="true" version="1" changeset="19357638" lat="55.7624396" lon="37.5753245"/>
  <node id="2572812442" timestamp="2013-12-09T12:02:24Z" uid="260756" user="Felis Pimeja" visible="true" version="1" changeset="19357638" lat="55.7624438" lon="37.5753739"/>
  <node id="2572812464" timestamp="2013-12-09T12:02:24Z" uid="260756" user="Felis Pimeja" visible="true" version="1" changeset="19357638" lat="55.7624452" lon="37.5759571"/>
  <node id="2572812528" timestamp="2013-12-09T12:02:25Z" uid="260756" user="Felis Pimeja" visible="true" version="1" changeset="19357638" lat="55.7624688" lon="37.57571"/>
  <node id="2572812599" timestamp="2013-12-09T12:02:27Z" uid="260756" user="Felis Pimeja" visible="true" version="1" changeset="19357638" lat="55.7624841" lon="37.5757495"/>
  <node id="2572812623" timestamp="2013-12-09T12:02:27Z" uid="260756" user="Felis Pimeja" visible="true" version="1" changeset="19357638" lat="55.762491" lon="37.5758978"/>
  <node id="2572814250" timestamp="2023-07-24T08:46:08Z" uid="260756" user="Felis Pimeja" visible="true" version="3" changeset="138927867" lat="55.7629306" lon="37.5772737"/>
  <node id="2572814252" timestamp="2023-07-24T08:46:08Z" uid="260756" user="Felis Pimeja" visible="true" version="3" changeset="138927867" lat="55.7629345" lon="37.5771802"/>
  <node id="2572814254" timestamp="2023-07-24T08:46:08Z" uid="260756" user="Felis Pimeja" visible="true" version="3" changeset="138927867" lat="55.7629375" lon="37.577375"/>
  <node id="2572814260" timestamp="2023-07-24T08:46:08Z" uid="260756" user="Felis Pimeja" visible="true" version="3" changeset="138927867" lat="55.7629517" lon="37.5770597"/>
  <node id="2572814261" timestamp="2023-07-24T08:46:08Z" uid="260756" user="Felis Pimeja" visible="true" version="3" changeset="138927867" lat="55.7629566" lon="37.5774781"/>
  <node id="2572814267" timestamp="2023-07-24T08:46:08Z" uid="260756" user="Felis Pimeja" visible="true" version="3" changeset="138927867" lat="55.7629807" lon="37.5769697"/>
  <node id="2572814270" timestamp="2023-07-24T08:46:08Z" uid="260756" user="Felis Pimeja" visible="true" version="3" changeset="138927867" lat="55.7629881" lon="37.5775839"/>
  <node id="2572814273" timestamp="2023-07-24T08:46:08Z" uid="260756" user="Felis Pimeja" visible="true" version="3" changeset="138927867" lat="55.7630122" lon="37.5769132"/>
  <node id="2572814278" timestamp="2023-07-24T08:46:08Z" uid="260756" user="Felis Pimeja" visible="true" version="3" changeset="138927867" lat="55.7630324" lon="37.5772167"/>
  <node id="2572814279" timestamp="2023-07-24T08:46:08Z" uid="260756" user="Felis Pimeja" visible="true" version="3" changeset="138927867" lat="55.7630304" lon="37.5776564"/>
  <node id="2572814280" timestamp="2023-07-24T08:46:08Z" uid="260756" user="Felis Pimeja" visible="true" version="3" changeset="138927867" lat="55.7630368" lon="37.5773294"/>
  <node id="2572814281" timestamp="2023-07-24T08:46:08Z" uid="260756" user="Felis Pimeja" visible="true" version="3" changeset="138927867" lat="55.7630417" lon="37.5771424"/>
  <node id="2572814283" timestamp="2023-07-24T08:46:08Z" uid="260756" user="Felis Pimeja" visible="true" version="3" changeset="138927867" lat="55.7630491" lon="37.5768739"/>
  <node id="2572814285" timestamp="2023-07-24T08:46:08Z" uid="260756" user="Felis Pimeja" visible="true" version="3" changeset="138927867" lat="55.7630602" lon="37.5770746"/>
  <node id="2572814287" timestamp="2023-07-24T08:46:08Z" uid="260756" user="Felis Pimeja" visible="true" version="3" changeset="138927867" lat="55.7630604" lon="37.5774394"/>
  <node id="2572814294" timestamp="2023-07-24T08:46:08Z" uid="260756" user="Felis Pimeja" visible="true" version="3" changeset="138927867" lat="55.763083" lon="37.5774988"/>
  <node id="2572814295" timestamp="2023-07-24T08:46:08Z" uid="260756" user="Felis Pimeja" visible="true" version="3" changeset="138927867" lat="55.7630874" lon="37.5770358"/>
  <node id="2572814297" timestamp="2023-07-24T08:46:08Z" uid="260756" user="Felis Pimeja" visible="true" version="3" changeset="138927867" lat="55.7630854" lon="37.5777123"/>
  <node id="2572814299" timestamp="2023-07-24T08:46:08Z" uid="260756" user="Felis Pimeja" visible="true" version="3" changeset="138927867" lat="55.7630894" lon="37.576853"/>
  <node id="2572814306" timestamp="2023-07-24T08:46:08Z" uid="260756" user="Felis Pimeja" visible="true" version="3" changeset="138927867" lat="55.7631115" lon="37.5775425"/>
  <node id="2572814313" timestamp="2023-07-24T08:46:08Z" uid="260756" user="Felis Pimeja" visible="true" version="3" changeset="138927867" lat="55.7631214" lon="37.5770218"/>
  <node id="2572814320" timestamp="2023-07-24T08:46:08Z" uid="260756" user="Felis Pimeja" visible="true" version="3" changeset="138927867" lat="55.7631346" lon="37.5768495"/>
  <node id="2572814322" timestamp="2023-07-24T08:46:08Z" uid="260756" user="Felis Pimeja" visible="true" version="3" changeset="138927867" lat="55.7631474" lon="37.5777228"/>
  <node id="2572814329" timestamp="2023-07-24T08:46:08Z" uid="260756" user="Felis Pimeja" visible="true" version="3" changeset="138927867" lat="55.7631607" lon="37.577546"/>
  <node id="2572814336" timestamp="2023-07-24T08:46:08Z" uid="260756" user="Felis Pimeja" visible="true" version="3" changeset="138927867" lat="55.7631656" lon="37.577062"/>
  <node id="2572814347" timestamp="2023-07-24T08:46:08Z" uid="260756" user="Felis Pimeja" visible="true" version="3" changeset="138927867" lat="55.7631828" lon="37.5768634"/>
  <node id="2572814358" timestamp="2023-07-24T08:46:08Z" uid="260756" user="Felis Pimeja" visible="true" version="3" changeset="138927867" lat="55.7631971" lon="37.5774796"/>
  <node id="2572814364" timestamp="2023-07-24T08:46:08Z" uid="260756" user="Felis Pimeja" visible="true" version="3" changeset="138927867" lat="55.7632079" lon="37.5771686"/>
  <node id="2572814365" timestamp="2023-07-24T08:46:08Z" uid="260756" user="Felis Pimeja" visible="true" version="3" changeset="138927867" lat="55.7632054" lon="37.5776957"/>
  <node id="2572814373" timestamp="2023-07-24T08:46:08Z" uid="260756" user="Felis Pimeja" visible="true" version="3" changeset="138927867" lat="55.7632217" lon="37.5773765"/>
  <node id="2572814375" timestamp="2023-07-24T08:46:08Z" uid="260756" user="Felis Pimeja" visible="true" version="3" changeset="138927867" lat="55.7632236" lon="37.5772595"/>
  <node id="2572814378" timestamp="2023-07-24T08:46:08Z" uid="260756" user="Felis Pimeja" visible="true" version="3" changeset="138927867" lat="55.763225" lon="37.5769159"/>
  <node id="2572814385" timestamp="2023-07-24T08:46:08Z" uid="260756" user="Felis Pimeja" visible="true" version="3" changeset="138927867" lat="55.7632535" lon="37.5776328"/>
  <node id="2572814390" timestamp="2023-07-24T08:46:08Z" uid="260756" user="Felis Pimeja" visible="true" version="3" changeset="138927867" lat="55.7632652" lon="37.5769948"/>
  <node id="2572814397" timestamp="2023-07-24T08:46:08Z" uid="260756" user="Felis Pimeja" visible="true" version="3" changeset="138927867" lat="55.7632879" lon="37.5775428"/>
  <node id="2572814399" timestamp="2023-07-24T08:46:08Z" uid="260756" user="Felis Pimeja" visible="true" version="3" changeset="138927867" lat="55.7632919" lon="37.5770955"/>
  <node id="2572814409" timestamp="2023-07-24T08:46:08Z" uid="260756" user="Felis Pimeja" visible="true" version="3" changeset="138927867" lat="55.7633101" lon="37.5772152"/>
  <node id="2572814410" timestamp="2023-07-24T08:46:08Z" uid="260756" user="Felis Pimeja" visible="true" version="3" changeset="138927867" lat="55.7633106" lon="37.5774449"/>
  <node id="2572814412" timestamp="2023-07-24T08:46:08Z" uid="260756" user="Felis Pimeja" visible="true" version="3" changeset="138927867" lat="55.7633169" lon="37.5773287"/>
  <node id="2572814657" action="modify" timestamp="2013-12-09T12:03:49Z" uid="260756" user="Felis Pimeja" visible="true" version="1" changeset="19357638" lat="55.7635623" lon="37.57743767216"/>
  <node id="2572814671" action="modify" timestamp="2013-12-09T12:03:50Z" uid="260756" user="Felis Pimeja" visible="true" version="1" changeset="19357638" lat="55.7635651" lon="37.57748707216"/>
  <node id="2572814735" action="modify" timestamp="2013-12-09T12:03:51Z" uid="260756" user="Felis Pimeja" visible="true" version="1" changeset="19357638" lat="55.7635804" lon="37.57734867216"/>
  <node id="2572814736" action="modify" timestamp="2013-12-09T12:03:52Z" uid="260756" user="Felis Pimeja" visible="true" version="1" changeset="19357638" lat="55.7635804" lon="37.57763537216"/>
  <node id="2572814746" action="modify" timestamp="2013-12-09T12:03:53Z" uid="260756" user="Felis Pimeja" visible="true" version="1" changeset="19357638" lat="55.7635984" lon="37.57731167216"/>
  <node id="2572814757" action="modify" timestamp="2013-12-09T12:03:56Z" uid="260756" user="Felis Pimeja" visible="true" version="1" changeset="19357638" lat="55.7636262" lon="37.57770207216"/>
  <node id="2572814770" action="modify" timestamp="2013-12-09T12:03:58Z" uid="260756" user="Felis Pimeja" visible="true" version="1" changeset="19357638" lat="55.7636513" lon="37.57727457216"/>
  <node id="2572814772" action="modify" timestamp="2013-12-09T12:03:59Z" uid="260756" user="Felis Pimeja" visible="true" version="1" changeset="19357638" lat="55.7636541" lon="37.57770697216"/>
  <node id="2572814779" action="modify" timestamp="2013-12-09T12:04:00Z" uid="260756" user="Felis Pimeja" visible="true" version="1" changeset="19357638" lat="55.7636791" lon="37.57727707216"/>
  <node id="2572814782" action="modify" timestamp="2013-12-09T12:04:01Z" uid="260756" user="Felis Pimeja" visible="true" version="1" changeset="19357638" lat="55.7636832" lon="37.57768967216"/>
  <node id="2572814792" action="modify" timestamp="2013-12-09T12:04:02Z" uid="260756" user="Felis Pimeja" visible="true" version="1" changeset="19357638" lat="55.7637041" lon="37.57729677216"/>
  <node id="2572814800" action="modify" timestamp="2013-12-09T12:04:04Z" uid="260756" user="Felis Pimeja" visible="true" version="1" changeset="19357638" lat="55.7637263" lon="37.57739317216"/>
  <node id="2572814803" action="modify" timestamp="2013-12-09T12:04:05Z" uid="260756" user="Felis Pimeja" visible="true" version="1" changeset="19357638" lat="55.7637319" lon="37.57755627216"/>
  <node id="2572814805" action="modify" timestamp="2013-12-12T12:13:57Z" uid="65083" user="deep125" visible="true" version="2" changeset="19412127" lat="55.763738" lon="37.57743507216"/>
  <node id="2572814845" action="modify" timestamp="2013-12-09T12:04:14Z" uid="260756" user="Felis Pimeja" visible="true" version="1" changeset="19357638" lat="55.76385633942" lon="37.57735031179"/>
  <node id="2572814849" action="modify" timestamp="2013-12-09T12:04:15Z" uid="260756" user="Felis Pimeja" visible="true" version="1" changeset="19357638" lat="55.76384455694" lon="37.5771724433"/>
  <node id="2572814886" action="modify" timestamp="2013-12-09T12:04:17Z" uid="260756" user="Felis Pimeja" visible="true" version="1" changeset="19357638" lat="55.76394033707" lon="37.57725865277"/>
  <node id="2572814887" action="modify" timestamp="2013-12-09T12:04:18Z" uid="260756" user="Felis Pimeja" visible="true" version="1" changeset="19357638" lat="55.76393253074" lon="37.57690611026"/>
  <node id="2572814890" action="modify" timestamp="2013-12-09T12:04:18Z" uid="260756" user="Felis Pimeja" visible="true" version="1" changeset="19357638" lat="55.76398841951" lon="37.57714727562"/>
  <node id="2572814891" timestamp="2025-11-06T16:01:44Z" uid="5712144" user="ednzxt" visible="true" version="2" changeset="174295628" lat="55.763975" lon="37.5753872"/>
  <node id="2572814894" timestamp="2025-11-06T16:01:44Z" uid="5712144" user="ednzxt" visible="true" version="2" changeset="174295628" lat="55.7639869" lon="37.5753418"/>
  <node id="2572814895" timestamp="2025-11-06T16:01:44Z" uid="5712144" user="ednzxt" visible="true" version="2" changeset="174295628" lat="55.7639772" lon="37.5754431"/>
  <node id="2572814900" timestamp="2025-11-06T16:01:44Z" uid="5712144" user="ednzxt" visible="true" version="2" changeset="174295628" lat="55.7640124" lon="37.5753044"/>
  <node id="2572814912" action="modify" timestamp="2013-12-09T12:04:20Z" uid="260756" user="Felis Pimeja" visible="true" version="1" changeset="19357638" lat="55.7640095893" lon="37.57675774651"/>
  <node id="2572814942" timestamp="2025-11-06T16:01:44Z" uid="5712144" user="ednzxt" visible="true" version="2" changeset="174295628" lat="55.7640476" lon="37.5752713"/>
  <node id="2572814947" timestamp="2025-11-06T16:01:44Z" uid="5712144" user="ednzxt" visible="true" version="2" changeset="174295628" lat="55.7640789" lon="37.5752508"/>
  <node id="2572814948" action="modify" timestamp="2013-12-09T12:04:23Z" uid="260756" user="Felis Pimeja" visible="true" version="1" changeset="19357638" lat="55.76407498934" lon="37.57661102526"/>
  <node id="2572814952" timestamp="2025-11-06T16:01:44Z" uid="5712144" user="ednzxt" visible="true" version="2" changeset="174295628" lat="55.7641137" lon="37.5752513"/>
  <node id="2572814953" timestamp="2025-11-06T16:01:44Z" uid="5712144" user="ednzxt" visible="true" version="2" changeset="174295628" lat="55.7640778" lon="37.5758667"/>
  <node id="2572814961" timestamp="2025-11-06T16:01:44Z" uid="5712144" user="ednzxt" visible="true" version="2" changeset="174295628" lat="55.7641281" lon="37.5759502"/>
  <node id="2572814962" action="modify" timestamp="2013-12-09T12:04:26Z" uid="260756" user="Felis Pimeja" visible="true" version="1" changeset="19357638" lat="55.76414035221" lon="37.57685348428"/>
  <node id="2572814963" timestamp="2013-12-09T12:04:26Z" uid="260756" user="Felis Pimeja" visible="true" version="1" changeset="19357638" lat="55.7641541" lon="37.5759732"/>
  <node id="2572815050" timestamp="2025-11-06T16:01:44Z" uid="5712144" user="ednzxt" visible="true" version="2" changeset="174295628" lat="55.7642031" lon="37.5759884"/>
  <node id="2572815055" action="modify" timestamp="2013-12-09T12:04:29Z" uid="260756" user="Felis Pimeja" visible="true" version="1" changeset="19357638" lat="55.76414961594" lon="37.57647206231"/>
  <node id="2572815062" timestamp="2013-12-09T12:04:31Z" uid="260756" user="Felis Pimeja" visible="true" version="1" changeset="19357638" lat="55.7642157" lon="37.5762748"/>
  <node id="2572815064" timestamp="2013-12-09T12:04:31Z" uid="260756" user="Felis Pimeja" visible="true" version="1" changeset="19357638" lat="55.7642176" lon="37.5762398"/>
  <node id="2572815066" timestamp="2013-12-09T12:04:32Z" uid="260756" user="Felis Pimeja" visible="true" version="1" changeset="19357638" lat="55.7642206" lon="37.5763115"/>
  <node id="2572815067" action="modify" timestamp="2013-12-09T12:04:32Z" uid="260756" user="Felis Pimeja" visible="true" version="1" changeset="19357638" lat="55.76429127507" lon="37.57677473785"/>
  <node id="2572815074" timestamp="2013-12-09T12:04:33Z" uid="260756" user="Felis Pimeja" visible="true" version="1" changeset="19357638" lat="55.7642284" lon="37.5762084"/>
  <node id="2572815075" timestamp="2025-11-06T16:01:44Z" uid="5712144" user="ednzxt" visible="true" version="2" changeset="174295628" lat="55.7642417" lon="37.5757193"/>
  <node id="2572815076" timestamp="2025-11-06T16:01:44Z" uid="5712144" user="ednzxt" visible="true" version="2" changeset="174295628" lat="55.7642304" lon="37.5759835"/>
  <node id="2572815083" timestamp="2015-11-30T16:05:46Z" uid="2335615" user="a_isaeva" visible="true" version="2" changeset="35668729" lat="55.7642392" lon="37.5763428"/>
  <node id="2572815090" timestamp="2013-12-09T12:04:36Z" uid="260756" user="Felis Pimeja" visible="true" version="1" changeset="19357638" lat="55.7642442" lon="37.5761839"/>
  <node id="2572815199" timestamp="2025-11-06T16:01:44Z" uid="5712144" user="ednzxt" visible="true" version="2" changeset="174295628" lat="55.7642619" lon="37.5759649"/>
  <node id="2572815254" timestamp="2025-11-06T16:01:44Z" uid="5712144" user="ednzxt" visible="true" version="2" changeset="174295628" lat="55.7643029" lon="37.5758025"/>
  <node id="2572815324" timestamp="2025-11-06T16:01:44Z" uid="5712144" user="ednzxt" visible="true" version="2" changeset="174295628" lat="55.7643299" lon="37.575898"/>
  <node id="2572815403" timestamp="2025-11-06T16:01:44Z" uid="5712144" user="ednzxt" visible="true" version="2" changeset="174295628" lat="55.764286" lon="37.5751439"/>
  <node id="2572815409" timestamp="2025-11-06T16:01:44Z" uid="5712144" user="ednzxt" visible="true" version="2" changeset="174295628" lat="55.7642937" lon="37.5751085"/>
  <node id="2572815417" timestamp="2025-11-06T16:01:44Z" uid="5712144" user="ednzxt" visible="true" version="2" changeset="174295628" lat="55.7643144" lon="37.5758516"/>
  <node id="2572815418" timestamp="2015-11-30T16:05:46Z" uid="2335615" user="a_isaeva" visible="true" version="4" changeset="35668729" lat="55.7642984" lon="37.5763219"/>
  <node id="2572815419" timestamp="2025-11-06T16:01:44Z" uid="5712144" user="ednzxt" visible="true" version="2" changeset="174295628" lat="55.764346" lon="37.5757632"/>
  <node id="2572815421" timestamp="2025-11-06T16:01:44Z" uid="5712144" user="ednzxt" visible="true" version="2" changeset="174295628" lat="55.7642992" lon="37.5752436"/>
  <node id="2572815427" timestamp="2015-11-30T16:05:46Z" uid="2335615" user="a_isaeva" visible="true" version="2" changeset="35668729" lat="55.7643223" lon="37.5762555"/>
  <node id="2572815432" timestamp="2015-11-30T16:05:46Z" uid="2335615" user="a_isaeva" visible="true" version="2" changeset="35668729" lat="55.764341" lon="37.5762425"/>
  <node id="2572815435" timestamp="2013-12-09T12:04:44Z" uid="260756" user="Felis Pimeja" visible="true" version="1" changeset="19357638" lat="55.7643572" lon="37.5760948"/>
  <node id="2572815438" timestamp="2025-11-06T16:01:44Z" uid="5712144" user="ednzxt" visible="true" version="2" changeset="174295628" lat="55.7643448" lon="37.5750369"/>
  <node id="2572815443" timestamp="2015-11-30T16:05:46Z" uid="2335615" user="a_isaeva" visible="true" version="2" changeset="35668729" lat="55.7643607" lon="37.5762573"/>
  <node id="2572815447" timestamp="2015-11-30T16:05:46Z" uid="2335615" user="a_isaeva" visible="true" version="2" changeset="35668729" lat="55.7643805" lon="37.5762629"/>
  <node id="2572815450" timestamp="2013-12-09T12:04:46Z" uid="260756" user="Felis Pimeja" visible="true" version="1" changeset="19357638" lat="55.7643965" lon="37.5761158"/>
  <node id="2572815453" timestamp="2013-12-09T12:04:47Z" uid="260756" user="Felis Pimeja" visible="true" version="1" changeset="19357638" lat="55.7644113" lon="37.5761402"/>
  <node id="2572815455" timestamp="2025-11-06T16:01:44Z" uid="5712144" user="ednzxt" visible="true" version="2" changeset="174295628" lat="55.7643975" lon="37.5749804"/>
  <node id="2572815456" timestamp="2025-11-06T16:01:44Z" uid="5712144" user="ednzxt" visible="true" version="2" changeset="174295628" lat="55.764359" lon="37.5758053"/>
  <node id="2572815457" timestamp="2015-11-30T16:05:46Z" uid="2335615" user="a_isaeva" visible="true" version="2" changeset="35668729" lat="55.7644116" lon="37.576213"/>
  <node id="2572815458" timestamp="2025-11-06T16:01:44Z" uid="5712144" user="ednzxt" visible="true" version="2" changeset="174295628" lat="55.7644259" lon="37.5752591"/>
  <node id="2572815463" timestamp="2025-11-06T16:01:44Z" uid="5712144" user="ednzxt" visible="true" version="2" changeset="174295628" lat="55.7644651" lon="37.5751292"/>
  <node id="2572815464" timestamp="2025-11-06T16:01:44Z" uid="5712144" user="ednzxt" visible="true" version="2" changeset="174295628" lat="55.764458" lon="37.5752326"/>
  <node id="2572815465" timestamp="2025-11-06T16:01:44Z" uid="5712144" user="ednzxt" visible="true" version="2" changeset="174295628" lat="55.764467" lon="37.5751897"/>
  <node id="2572815466" timestamp="2025-11-06T16:01:44Z" uid="5712144" user="ednzxt" visible="true" version="2" changeset="174295628" lat="55.7643317" lon="37.5757125"/>
  <node id="2572815470" timestamp="2025-11-06T16:01:44Z" uid="5712144" user="ednzxt" visible="true" version="2" changeset="174295628" lat="55.7643762" lon="37.5758585"/>
  <node id="2572815472" timestamp="2013-12-09T12:04:51Z" uid="260756" user="Felis Pimeja" visible="true" version="1" changeset="19357638" lat="55.7644621" lon="37.5747284"/>
  <node id="2572815474" timestamp="2025-11-06T16:01:44Z" uid="5712144" user="ednzxt" visible="true" version="2" changeset="174295628" lat="55.7644966" lon="37.575152"/>
  <node id="2572815476" timestamp="2025-11-06T16:01:44Z" uid="5712144" user="ednzxt" visible="true" version="2" changeset="174295628" lat="55.7644605" lon="37.5755718"/>
  <node id="2572815477" timestamp="2025-11-06T16:01:44Z" uid="5712144" user="ednzxt" visible="true" version="2" changeset="174295628" lat="55.7644814" lon="37.5751219"/>
  <node id="2572815480" timestamp="2025-11-06T16:01:44Z" uid="5712144" user="ednzxt" visible="true" version="2" changeset="174295628" lat="55.7644968" lon="37.5755687"/>
  <node id="2572815490" timestamp="2025-11-06T16:01:44Z" uid="5712144" user="ednzxt" visible="true" version="2" changeset="174295628" lat="55.7645321" lon="37.5754718"/>
  <node id="2572815493" timestamp="2025-11-06T16:01:44Z" uid="5712144" user="ednzxt" visible="true" version="2" changeset="174295628" lat="55.7645277" lon="37.5754261"/>
  <node id="2572815495" timestamp="2025-11-06T16:01:44Z" uid="5712144" user="ednzxt" visible="true" version="2" changeset="174295628" lat="55.7647151" lon="37.5753976"/>
  <node id="2572815501" timestamp="2025-11-06T16:01:44Z" uid="5712144" user="ednzxt" visible="true" version="2" changeset="174295628" lat="55.7645301" lon="37.5752285"/>
  <node id="2572815502" timestamp="2025-11-06T16:01:44Z" uid="5712144" user="ednzxt" visible="true" version="2" changeset="174295628" lat="55.7645695" lon="37.5752363"/>
  <node id="2572815512" timestamp="2025-11-06T16:01:44Z" uid="5712144" user="ednzxt" visible="true" version="2" changeset="174295628" lat="55.7646713" lon="37.5751353"/>
  <node id="2572815517" timestamp="2013-12-09T12:04:56Z" uid="260756" user="Felis Pimeja" visible="true" version="1" changeset="19357638" lat="55.7647452" lon="37.5749185"/>
  <node id="2923875436" timestamp="2016-04-05T15:01:43Z" uid="260756" user="Felis Pimeja" visible="true" version="3" changeset="38320240" lat="55.7637538" lon="37.5821836"/>
  <node id="2923875439" timestamp="2016-04-05T15:01:43Z" uid="260756" user="Felis Pimeja" visible="true" version="3" changeset="38320240" lat="55.7638145" lon="37.5820172"/>
  <node id="2923875440" timestamp="2016-04-05T15:01:43Z" uid="260756" user="Felis Pimeja" visible="true" version="3" changeset="38320240" lat="55.7638315" lon="37.582367"/>
  <node id="2923875443" timestamp="2016-04-05T15:01:43Z" uid="260756" user="Felis Pimeja" visible="true" version="3" changeset="38320240" lat="55.7638539" lon="37.582377"/>
  <node id="2923875445" timestamp="2016-04-05T15:01:43Z" uid="260756" user="Felis Pimeja" visible="true" version="3" changeset="38320240" lat="55.7638553" lon="37.5823458"/>
  <node id="2923875446" timestamp="2016-04-05T15:01:43Z" uid="260756" user="Felis Pimeja" visible="true" version="3" changeset="38320240" lat="55.7638725" lon="37.5824054"/>
  <node id="2923875447" timestamp="2016-04-05T15:01:43Z" uid="260756" user="Felis Pimeja" visible="true" version="3" changeset="38320240" lat="55.7638845" lon="37.5824054"/>
  <node id="2923875449" timestamp="2016-04-05T15:01:43Z" uid="260756" user="Felis Pimeja" visible="true" version="3" changeset="38320240" lat="55.763888" lon="37.5824457"/>
  <node id="2923875452" timestamp="2016-04-05T15:01:43Z" uid="260756" user="Felis Pimeja" visible="true" version="3" changeset="38320240" lat="55.763907" lon="37.5824594"/>
  <node id="2923875460" timestamp="2016-04-05T15:01:43Z" uid="260756" user="Felis Pimeja" visible="true" version="3" changeset="38320240" lat="55.7639341" lon="37.5824492"/>
  <node id="2923875461" timestamp="2016-04-05T15:01:43Z" uid="260756" user="Felis Pimeja" visible="true" version="3" changeset="38320240" lat="55.7639127" lon="37.5818488"/>
  <node id="2923875464" timestamp="2016-04-05T15:01:43Z" uid="260756" user="Felis Pimeja" visible="true" version="3" changeset="38320240" lat="55.7639495" lon="37.5824031"/>
  <node id="2923875473" timestamp="2016-04-05T15:01:43Z" uid="260756" user="Felis Pimeja" visible="true" version="3" changeset="38320240" lat="55.7639561" lon="37.5818273"/>
  <node id="2923875478" timestamp="2016-04-05T15:01:43Z" uid="260756" user="Felis Pimeja" visible="true" version="3" changeset="38320240" lat="55.7639997" lon="37.5823978"/>
  <node id="2923875498" timestamp="2016-04-05T15:01:43Z" uid="260756" user="Felis Pimeja" visible="true" version="3" changeset="38320240" lat="55.7640548" lon="37.5823215"/>
  <node id="2923877703" timestamp="2016-04-05T15:01:43Z" uid="260756" user="Felis Pimeja" visible="true" version="3" changeset="38320240" lat="55.7640724" lon="37.5823572"/>
  <node id="2923877718" timestamp="2016-04-05T15:01:43Z" uid="260756" user="Felis Pimeja" visible="true" version="3" changeset="38320240" lat="55.764142" lon="37.5822623"/>
  <node id="2923877746" timestamp="2016-04-05T15:01:43Z" uid="260756" user="Felis Pimeja" visible="true" version="3" changeset="38320240" lat="55.7641875" lon="37.5823687"/>
  <node id="2923877785" timestamp="2016-04-05T15:01:43Z" uid="260756" user="Felis Pimeja" visible="true" version="3" changeset="38320240" lat="55.7643427" lon="37.5826916"/>
  <node id="2923877793" timestamp="2014-06-19T20:20:32Z" uid="260756" user="Felis Pimeja" visible="true" version="2" changeset="23032355" lat="55.7644661" lon="37.5850163"/>
  <node id="2923877794" timestamp="2014-06-19T20:20:32Z" uid="260756" user="Felis Pimeja" visible="true" version="2" changeset="23032355" lat="55.7644966" lon="37.585034"/>
  <node id="2923877795" timestamp="2014-06-19T20:20:32Z" uid="260756" user="Felis Pimeja" visible="true" version="2" changeset="23032355" lat="55.7645137" lon="37.5847578"/>
  <node id="2923877796" timestamp="2014-06-19T20:20:32Z" uid="260756" user="Felis Pimeja" visible="true" version="2" changeset="23032355" lat="55.7645441" lon="37.5847755"/>
  <node id="3211470657" timestamp="2014-12-04T14:00:08Z" uid="830106" user="literan" visible="true" version="2" changeset="27235647" lat="55.7610819" lon="37.5771505"/>
  <node id="3211470658" timestamp="2014-12-04T14:00:08Z" uid="830106" user="literan" visible="true" version="2" changeset="27235647" lat="55.7611358" lon="37.5771673"/>
  <node id="3211470659" timestamp="2014-12-04T14:00:08Z" uid="830106" user="literan" visible="true" version="2" changeset="27235647" lat="55.7611442" lon="37.5770799"/>
  <node id="3211470660" timestamp="2014-12-04T14:00:08Z" uid="830106" user="literan" visible="true" version="2" changeset="27235647" lat="55.761152" lon="37.5770028"/>
  <node id="3211470961" timestamp="2014-12-04T14:00:08Z" uid="830106" user="literan" visible="true" version="2" changeset="27235647" lat="55.7611518" lon="37.576442"/>
  <node id="3211470962" timestamp="2014-12-04T14:00:08Z" uid="830106" user="literan" visible="true" version="2" changeset="27235647" lat="55.7611562" lon="37.5770837"/>
  <node id="3211470963" timestamp="2014-12-04T14:00:08Z" uid="830106" user="literan" visible="true" version="2" changeset="27235647" lat="55.761164" lon="37.5770066"/>
  <node id="3211470964" timestamp="2014-12-04T14:00:08Z" uid="830106" user="literan" visible="true" version="2" changeset="27235647" lat="55.7611858" lon="37.5766694"/>
  <node id="3211470965" timestamp="2014-12-04T14:00:08Z" uid="830106" user="literan" visible="true" version="2" changeset="27235647" lat="55.7612034" lon="37.5764959"/>
  <node id="3211470966" timestamp="2014-12-04T14:00:08Z" uid="830106" user="literan" visible="true" version="2" changeset="27235647" lat="55.7612046" lon="37.5766736"/>
  <node id="3211470967" timestamp="2014-12-04T14:00:08Z" uid="830106" user="literan" visible="true" version="2" changeset="27235647" lat="55.7612071" lon="37.5764597"/>
  <node id="3211470968" timestamp="2014-12-04T14:00:08Z" uid="830106" user="literan" visible="true" version="2" changeset="27235647" lat="55.7612192" lon="37.5765078"/>
  <node id="3211470969" timestamp="2014-12-04T14:00:08Z" uid="830106" user="literan" visible="true" version="2" changeset="27235647" lat="55.7612228" lon="37.576657"/>
  <node id="3211470970" timestamp="2014-12-04T14:00:08Z" uid="830106" user="literan" visible="true" version="2" changeset="27235647" lat="55.7612316" lon="37.5765339"/>
  <node id="3211470971" timestamp="2014-12-04T14:00:08Z" uid="830106" user="literan" visible="true" version="2" changeset="27235647" lat="55.7612348" lon="37.5766305"/>
  <node id="3211470972" timestamp="2014-12-04T14:00:08Z" uid="830106" user="literan" visible="true" version="2" changeset="27235647" lat="55.7612383" lon="37.5765631"/>
  <node id="3211470973" timestamp="2014-12-04T14:00:08Z" uid="830106" user="literan" visible="true" version="2" changeset="27235647" lat="55.7612394" lon="37.5766018"/>
  <node id="3865068510" action="modify" timestamp="2025-05-28T09:51:55Z" uid="1925053" user="J_Doe" visible="true" version="5" changeset="166867159" lat="55.76488369712" lon="37.57449123777">
    <tag k="attraction" v="animal"/>
    <tag k="is_in:zoo" v="Московский зоопарк"/>
    <tag k="name" v="Пингвины"/>
  </node>
  <node id="3865086661" timestamp="2015-11-28T14:16:49Z" uid="149412" user="Haserbaba" visible="true" version="1" changeset="35629030" lat="55.7636466" lon="37.5745545"/>
  <node id="3865151367" action="modify" timestamp="2025-05-28T09:51:55Z" uid="1925053" user="J_Doe" visible="true" version="5" changeset="166867159" lat="55.76300864024" lon="37.57851383701">
    <tag k="attraction" v="animal"/>
    <tag k="is_in:zoo" v="Московский зоопарк"/>
    <tag k="name" v="Песец"/>
  </node>
  <node id="3865151368" action="modify" timestamp="2025-05-28T09:51:55Z" uid="1925053" user="J_Doe" visible="true" version="5" changeset="166867159" lat="55.76325937733" lon="37.57835217161">
    <tag k="attraction" v="animal"/>
    <tag k="is_in:zoo" v="Московский зоопарк"/>
    <tag k="name" v="Бобр"/>
  </node>
  <node id="3865151369" action="modify" timestamp="2025-05-28T09:51:55Z" uid="1925053" user="J_Doe" visible="true" version="5" changeset="166867159" lat="55.76317022071" lon="37.57845429998">
    <tag k="attraction" v="animal"/>
    <tag k="is_in:zoo" v="Московский зоопарк"/>
    <tag k="name" v="Обыкновенная лисица"/>
  </node>
  <node id="3865151370" action="modify" timestamp="2025-05-28T09:51:55Z" uid="1925053" user="J_Doe" visible="true" version="5" changeset="166867159" lat="55.7631109" lon="37.5784989">
    <tag k="attraction" v="animal"/>
    <tag k="is_in:zoo" v="Московский зоопарк"/>
    <tag k="name" v="Врановые птицы"/>
    <tag k="Врановые птицы" v="Лесной хорь"/>
  </node>
  <node id="3865151372" action="modify" timestamp="2025-05-28T09:51:55Z" uid="1925053" user="J_Doe" visible="true" version="5" changeset="166867159" lat="55.76319461582" lon="37.57840987005">
    <tag k="attraction" v="animal"/>
    <tag k="is_in:zoo" v="Московский зоопарк"/>
    <tag k="name" v="Лесная куница"/>
  </node>
  <node id="3865151373" action="modify" timestamp="2025-05-28T09:51:55Z" uid="1925053" user="J_Doe" visible="true" version="5" changeset="166867159" lat="55.7631446269" lon="37.57848251259">
    <tag k="attraction" v="animal"/>
    <tag k="is_in:zoo" v="Московский зоопарк"/>
    <tag k="name" v="Дальневосточный лесной кот"/>
  </node>
  <node id="3865151374" action="modify" timestamp="2025-05-28T09:51:55Z" uid="1925053" user="J_Doe" visible="true" version="4" changeset="166867159" lat="55.76217896648" lon="37.57641454964">
    <tag k="attraction" v="animal"/>
    <tag k="is_in:zoo" v="Московский зоопарк"/>
    <tag k="name" v="Фламинго"/>
  </node>
  <node id="3865151380" timestamp="2015-12-01T11:03:16Z" uid="149412" user="Haserbaba" visible="true" version="2" changeset="35682327" lat="55.7612276" lon="37.5756664"/>
  <node id="3865151381" timestamp="2015-12-01T11:03:16Z" uid="149412" user="Haserbaba" visible="true" version="2" changeset="35682327" lat="55.7612571" lon="37.5753839"/>
  <node id="3865153057" action="modify" timestamp="2023-09-13T17:59:28Z" uid="2006945" user="Nine-tailed" visible="true" version="3" changeset="141223350" lat="55.76352953782" lon="37.58238848556">
    <tag k="attraction" v="animal"/>
    <tag k="is_in:zoo" v="Московский зоопарк"/>
    <tag k="name" v="Дагестанский тур"/>
  </node>
  <node id="3865153058" action="modify" timestamp="2025-05-28T09:51:55Z" uid="1925053" user="J_Doe" visible="true" version="4" changeset="166867159" lat="55.76262008133" lon="37.58020173299">
    <tag k="attraction" v="animal"/>
    <tag k="is_in:zoo" v="Московский зоопарк"/>
    <tag k="name" v="Обыкновенная выдра"/>
  </node>
  <node id="3865153063" action="modify" timestamp="2025-05-28T09:51:55Z" uid="1925053" user="J_Doe" visible="true" version="3" changeset="166867159" lat="55.76305225649" lon="37.58076717216">
    <tag k="attraction" v="animal"/>
    <tag k="is_in:zoo" v="Московский зоопарк"/>
    <tag k="name" v="Лебедь"/>
  </node>
  <node id="3865153064" action="modify" timestamp="2025-05-28T09:51:55Z" uid="1925053" user="J_Doe" visible="true" version="4" changeset="166867159" lat="55.7639041" lon="37.5821113">
    <tag k="attraction" v="animal"/>
    <tag k="is_in:zoo" v="Московский зоопарк"/>
    <tag k="name" v="Птицы и бабочки тропиков"/>
  </node>
  <node id="3865153065" action="modify" timestamp="2025-05-28T09:51:55Z" uid="1925053" user="J_Doe" visible="true" version="4" changeset="166867159" lat="55.76311120375" lon="37.58098935361">
    <tag k="attraction" v="animal"/>
    <tag k="is_in:zoo" v="Московский зоопарк"/>
    <tag k="name" v="Земляная утка"/>
  </node>
  <node id="3865153066" action="modify" timestamp="2025-05-28T09:51:55Z" uid="1925053" user="J_Doe" visible="true" version="3" changeset="166867159" lat="55.7637157" lon="37.5822422">
    <tag k="attraction" v="animal"/>
    <tag k="is_in:zoo" v="Московский зоопарк"/>
    <tag k="name" v="Чирки Евразии"/>
  </node>
  <node id="3865153067" action="modify" timestamp="2025-05-28T09:51:55Z" uid="1925053" user="J_Doe" visible="true" version="3" changeset="166867159" lat="55.76322398853" lon="37.58064021545">
    <tag k="attraction" v="animal"/>
    <tag k="is_in:zoo" v="Московский зоопарк"/>
    <tag k="name" v="Гуси"/>
  </node>
  <node id="3865153068" action="modify" timestamp="2025-05-28T09:51:55Z" uid="1925053" user="J_Doe" visible="true" version="3" changeset="166867159" lat="55.76267874194" lon="37.5804011165">
    <tag k="attraction" v="animal"/>
    <tag k="is_in:zoo" v="Московский зоопарк"/>
    <tag k="name" v="Синантропные птицы"/>
  </node>
  <node id="3865153069" action="modify" timestamp="2025-05-28T09:51:55Z" uid="1925053" user="J_Doe" visible="true" version="3" changeset="166867159" lat="55.7639041" lon="37.5825091">
    <tag k="attraction" v="animal"/>
    <tag k="is_in:zoo" v="Московский зоопарк"/>
    <tag k="name" v="Цапля"/>
  </node>
  <node id="3865153082" action="modify" timestamp="2016-04-15T15:36:03Z" uid="260756" user="Felis Pimeja" visible="true" version="2" changeset="38592147" lat="55.76266338303" lon="37.57953219072"/>
  <node id="3865153087" timestamp="2016-04-15T15:36:03Z" uid="260756" user="Felis Pimeja" visible="true" version="2" changeset="38592147" lat="55.7630201" lon="37.5793657"/>
  <node id="3865153089" timestamp="2016-04-15T15:36:03Z" uid="260756" user="Felis Pimeja" visible="true" version="2" changeset="38592147" lat="55.7630849" lon="37.5834997"/>
  <node id="3865153090" timestamp="2016-04-15T15:36:03Z" uid="260756" user="Felis Pimeja" visible="true" version="2" changeset="38592147" lat="55.7631014" lon="37.5832938"/>
  <node id="3865153091" timestamp="2016-04-15T15:36:03Z" uid="260756" user="Felis Pimeja" visible="true" version="2" changeset="38592147" lat="55.7630433" lon="37.5794035"/>
  <node id="3865153095" timestamp="2015-11-28T15:00:03Z" uid="3351026" user="Alexander Khomyak" visible="true" version="1" changeset="35629775" lat="55.763088" lon="37.5792818"/>
  <node id="3865153096" timestamp="2016-04-15T15:36:03Z" uid="260756" user="Felis Pimeja" visible="true" version="2" changeset="38592147" lat="55.7630818" lon="37.5795557"/>
  <node id="3865153100" timestamp="2016-04-15T15:36:03Z" uid="260756" user="Felis Pimeja" visible="true" version="2" changeset="38592147" lat="55.7631228" lon="37.5797187"/>
  <node id="3865153101" timestamp="2026-05-18T07:24:16Z" uid="830106" user="literan" visible="true" version="2" changeset="182815711" lat="55.7631908" lon="37.5800355"/>
  <node id="3865153104" timestamp="2016-04-15T15:36:04Z" uid="260756" user="Felis Pimeja" visible="true" version="2" changeset="38592147" lat="55.7631888" lon="37.5838013"/>
  <node id="3865153106" timestamp="2016-04-15T15:36:04Z" uid="260756" user="Felis Pimeja" visible="true" version="2" changeset="38592147" lat="55.7632126" lon="37.5828703"/>
  <node id="3865153111" timestamp="2016-04-15T15:36:04Z" uid="260756" user="Felis Pimeja" visible="true" version="2" changeset="38592147" lat="55.7632498" lon="37.582846"/>
  <node id="3865153113" timestamp="2016-04-15T15:36:04Z" uid="260756" user="Felis Pimeja" visible="true" version="2" changeset="38592147" lat="55.7633171" lon="37.5828445"/>
  <node id="3865153117" timestamp="2016-04-15T15:36:04Z" uid="260756" user="Felis Pimeja" visible="true" version="2" changeset="38592147" lat="55.7633861" lon="37.582873"/>
  <node id="3865153118" timestamp="2015-11-28T15:00:03Z" uid="3351026" user="Alexander Khomyak" visible="true" version="1" changeset="35629775" lat="55.7633749" lon="37.5817106"/>
  <node id="3865153120" timestamp="2016-04-15T15:36:04Z" uid="260756" user="Felis Pimeja" visible="true" version="2" changeset="38592147" lat="55.7633913" lon="37.5826653"/>
  <node id="3865153121" timestamp="2015-11-28T15:00:03Z" uid="3351026" user="Alexander Khomyak" visible="true" version="1" changeset="35629775" lat="55.763404" lon="37.5813418"/>
  <node id="3865153122" timestamp="2015-11-28T15:00:03Z" uid="3351026" user="Alexander Khomyak" visible="true" version="1" changeset="35629775" lat="55.7634082" lon="37.5815721"/>
  <node id="3865153123" timestamp="2016-04-15T15:36:04Z" uid="260756" user="Felis Pimeja" visible="true" version="2" changeset="38592147" lat="55.7634454" lon="37.5829238"/>
  <node id="3865153128" timestamp="2016-04-15T15:36:04Z" uid="260756" user="Felis Pimeja" visible="true" version="2" changeset="38592147" lat="55.7634974" lon="37.5829779"/>
  <node id="3865153129" timestamp="2015-11-28T15:00:03Z" uid="3351026" user="Alexander Khomyak" visible="true" version="1" changeset="35629775" lat="55.763513" lon="37.5811264"/>
  <node id="3865153131" timestamp="2015-11-28T15:00:03Z" uid="3351026" user="Alexander Khomyak" visible="true" version="1" changeset="35629775" lat="55.7635449" lon="37.5810559"/>
  <node id="3865153133" timestamp="2015-11-28T15:00:03Z" uid="3351026" user="Alexander Khomyak" visible="true" version="1" changeset="35629775" lat="55.763569" lon="37.5820153"/>
  <node id="3865153134" timestamp="2025-11-23T11:41:08Z" uid="830106" user="literan" visible="true" version="2" changeset="175022075" lat="55.7636121" lon="37.580906"/>
  <node id="3865153135" timestamp="2016-04-15T15:36:04Z" uid="260756" user="Felis Pimeja" visible="true" version="2" changeset="38592147" lat="55.7636029" lon="37.5829632"/>
  <node id="3865153136" timestamp="2015-11-28T15:00:03Z" uid="3351026" user="Alexander Khomyak" visible="true" version="1" changeset="35629775" lat="55.7636419" lon="37.5821324"/>
  <node id="3865153137" timestamp="2015-11-28T15:00:03Z" uid="3351026" user="Alexander Khomyak" visible="true" version="1" changeset="35629775" lat="55.7636738" lon="37.5822407"/>
  <node id="3865153138" timestamp="2015-11-28T15:00:03Z" uid="3351026" user="Alexander Khomyak" visible="true" version="1" changeset="35629775" lat="55.7636816" lon="37.5823049"/>
  <node id="3865153139" timestamp="2015-11-28T15:00:04Z" uid="3351026" user="Alexander Khomyak" visible="true" version="1" changeset="35629775" lat="55.763688" lon="37.5821827"/>
  <node id="3865153140" timestamp="2015-11-28T15:00:04Z" uid="3351026" user="Alexander Khomyak" visible="true" version="1" changeset="35629775" lat="55.7637212" lon="37.5823389"/>
  <node id="3865153141" timestamp="2015-11-28T15:00:04Z" uid="3351026" user="Alexander Khomyak" visible="true" version="1" changeset="35629775" lat="55.7637706" lon="37.5823342"/>
  <node id="3865153142" timestamp="2015-11-28T15:00:04Z" uid="3351026" user="Alexander Khomyak" visible="true" version="1" changeset="35629775" lat="55.7638523" lon="37.5824761"/>
  <node id="3865153143" timestamp="2015-11-28T15:00:04Z" uid="3351026" user="Alexander Khomyak" visible="true" version="1" changeset="35629775" lat="55.7638594" lon="37.5825454"/>
  <node id="3865153144" timestamp="2015-11-28T15:23:46Z" uid="3351026" user="Alexander Khomyak" visible="true" version="2" changeset="35630159" lat="55.7638749" lon="37.5832939"/>
  <node id="3865153146" timestamp="2015-11-28T15:00:04Z" uid="3351026" user="Alexander Khomyak" visible="true" version="1" changeset="35629775" lat="55.7638952" lon="37.5825697"/>
  <node id="3865153149" timestamp="2015-11-28T15:00:04Z" uid="3351026" user="Alexander Khomyak" visible="true" version="1" changeset="35629775" lat="55.7639353" lon="37.5825544"/>
  <node id="3865153150" timestamp="2016-04-05T15:01:43Z" uid="260756" user="Felis Pimeja" visible="true" version="2" changeset="38320240" lat="55.7639487" lon="37.5825004"/>
  <node id="3865175067" action="modify" timestamp="2025-05-28T09:51:55Z" uid="1925053" user="J_Doe" visible="true" version="3" changeset="166867159" lat="55.7633686" lon="37.5850649">
    <tag k="attraction" v="animal"/>
    <tag k="is_in:zoo" v="Московский зоопарк"/>
    <tag k="name" v="Конюшни"/>
  </node>
  <node id="3865175068" timestamp="2023-09-13T17:59:28Z" uid="2006945" user="Nine-tailed" visible="true" version="3" changeset="141223350" lat="55.762928" lon="37.5846735">
    <tag k="attraction" v="animal"/>
    <tag k="is_in:zoo" v="Московский зоопарк"/>
    <tag k="name" v="Домашняя лошадь"/>
  </node>
  <node id="3865175069" action="modify" timestamp="2023-09-13T17:59:28Z" uid="2006945" user="Nine-tailed" visible="true" version="3" changeset="141223350" lat="55.763410988" lon="37.58398777732">
    <tag k="attraction" v="animal"/>
    <tag k="is_in:zoo" v="Московский зоопарк"/>
    <tag k="name" v="Животные Африки"/>
  </node>
  <node id="3865175071" timestamp="2015-11-28T15:23:44Z" uid="3351026" user="Alexander Khomyak" visible="true" version="1" changeset="35630159" lat="55.761472" lon="37.5830684"/>
  <node id="3865175077" timestamp="2016-04-15T15:36:04Z" uid="260756" user="Felis Pimeja" visible="true" version="2" changeset="38592147" lat="55.7630512" lon="37.5837941"/>
  <node id="3865175078" timestamp="2016-04-15T15:36:04Z" uid="260756" user="Felis Pimeja" visible="true" version="2" changeset="38592147" lat="55.763044" lon="37.5839298"/>
  <node id="3865175079" timestamp="2016-04-15T15:36:04Z" uid="260756" user="Felis Pimeja" visible="true" version="2" changeset="38592147" lat="55.7630584" lon="37.5842668"/>
  <node id="3865175080" timestamp="2016-04-15T15:36:04Z" uid="260756" user="Felis Pimeja" visible="true" version="2" changeset="38592147" lat="55.7630682" lon="37.5837464"/>
  <node id="3865175082" timestamp="2016-04-15T15:36:04Z" uid="260756" user="Felis Pimeja" visible="true" version="2" changeset="38592147" lat="55.7631016" lon="37.5844864"/>
  <node id="3865175083" timestamp="2016-04-15T15:36:04Z" uid="260756" user="Felis Pimeja" visible="true" version="2" changeset="38592147" lat="55.7632149" lon="37.5846691"/>
  <node id="3865175085" timestamp="2016-04-15T15:36:04Z" uid="260756" user="Felis Pimeja" visible="true" version="2" changeset="38592147" lat="55.7633556" lon="37.5847644"/>
  <node id="3865175087" timestamp="2015-11-28T15:23:45Z" uid="3351026" user="Alexander Khomyak" visible="true" version="1" changeset="35630159" lat="55.7634749" lon="37.5847477"/>
  <node id="3865175091" action="modify" timestamp="2015-11-28T15:23:45Z" uid="3351026" user="Alexander Khomyak" visible="true" version="1" changeset="35630159" lat="55.7635821419" lon="37.58276536907"/>
  <node id="3865175093" action="modify" timestamp="2015-11-28T15:23:45Z" uid="3351026" user="Alexander Khomyak" visible="true" version="1" changeset="35630159" lat="55.76361248277" lon="37.58265741134"/>
  <node id="3865175094" timestamp="2015-11-28T15:23:45Z" uid="3351026" user="Alexander Khomyak" visible="true" version="1" changeset="35630159" lat="55.7636436" lon="37.5823252"/>
  <node id="3865175095" timestamp="2015-11-28T15:23:45Z" uid="3351026" user="Alexander Khomyak" visible="true" version="1" changeset="35630159" lat="55.7636704" lon="37.5829825"/>
  <node id="3865175096" action="modify" timestamp="2015-11-28T15:23:45Z" uid="3351026" user="Alexander Khomyak" visible="true" version="1" changeset="35630159" lat="55.76368512043" lon="37.58241821031"/>
  <node id="3865175097" timestamp="2015-11-28T15:23:45Z" uid="3351026" user="Alexander Khomyak" visible="true" version="1" changeset="35630159" lat="55.7637256" lon="37.5823882"/>
  <node id="3865175098" timestamp="2015-11-28T15:23:45Z" uid="3351026" user="Alexander Khomyak" visible="true" version="1" changeset="35630159" lat="55.7637525" lon="37.5841333"/>
  <node id="3865175099" timestamp="2016-04-15T15:36:04Z" uid="260756" user="Felis Pimeja" visible="true" version="2" changeset="38592147" lat="55.7638568" lon="37.5831829"/>
  <node id="3865175100" action="modify" timestamp="2022-07-30T05:22:21Z" uid="166816" user="Vascom" visible="true" version="2" changeset="124254598" lat="55.76369303978" lon="37.58349053918"/>
  <node id="3865175101" timestamp="2016-04-15T15:36:04Z" uid="260756" user="Felis Pimeja" visible="true" version="2" changeset="38592147" lat="55.7637851" lon="37.5845229"/>
  <node id="3865175103" timestamp="2015-11-28T15:23:45Z" uid="3351026" user="Alexander Khomyak" visible="true" version="1" changeset="35630159" lat="55.7638305" lon="37.5835138"/>
  <node id="3865175104" action="modify" timestamp="2015-11-28T15:23:45Z" uid="3351026" user="Alexander Khomyak" visible="true" version="1" changeset="35630159" lat="55.76384661822" lon="37.58261259072"/>
  <node id="3865175105" timestamp="2016-04-15T15:36:04Z" uid="260756" user="Felis Pimeja" visible="true" version="2" changeset="38592147" lat="55.7638676" lon="37.5831522"/>
  <node id="3865175106" action="modify" timestamp="2015-11-28T15:23:45Z" uid="3351026" user="Alexander Khomyak" visible="true" version="1" changeset="35630159" lat="55.76389401708" lon="37.58312475052"/>
  <node id="3865175107" action="modify" timestamp="2015-11-28T15:23:45Z" uid="3351026" user="Alexander Khomyak" visible="true" version="1" changeset="35630159" lat="55.7638902591" lon="37.58271213918"/>
  <node id="3865175108" action="modify" timestamp="2015-11-28T15:23:45Z" uid="3351026" user="Alexander Khomyak" visible="true" version="1" changeset="35630159" lat="55.7638976" lon="37.5826576"/>
  <node id="3869417177" timestamp="2015-11-30T16:05:45Z" uid="2335615" user="a_isaeva" visible="true" version="1" changeset="35668729" lat="55.7642887" lon="37.5764421"/>
  <node id="3869417178" timestamp="2015-11-30T16:05:45Z" uid="2335615" user="a_isaeva" visible="true" version="1" changeset="35668729" lat="55.7642899" lon="37.5764983"/>
  <node id="3869417179" timestamp="2015-11-30T16:05:45Z" uid="2335615" user="a_isaeva" visible="true" version="1" changeset="35668729" lat="55.7643807" lon="37.5766762"/>
  <node id="3869417180" timestamp="2015-11-30T16:05:45Z" uid="2335615" user="a_isaeva" visible="true" version="1" changeset="35668729" lat="55.7644319" lon="37.5761502"/>
  <node id="3869417181" timestamp="2015-11-30T16:05:45Z" uid="2335615" user="a_isaeva" visible="true" version="1" changeset="35668729" lat="55.7645198" lon="37.5760597"/>
  <node id="3869417182" timestamp="2015-11-30T16:05:45Z" uid="2335615" user="a_isaeva" visible="true" version="1" changeset="35668729" lat="55.7645476" lon="37.575961"/>
  <node id="3869417183" timestamp="2015-11-30T16:05:46Z" uid="2335615" user="a_isaeva" visible="true" version="1" changeset="35668729" lat="55.7646984" lon="37.5759903"/>
  <node id="3869417184" timestamp="2015-11-30T16:05:46Z" uid="2335615" user="a_isaeva" visible="true" version="1" changeset="35668729" lat="55.7647031" lon="37.5760684"/>
  <node id="3869417185" timestamp="2015-11-30T16:05:46Z" uid="2335615" user="a_isaeva" visible="true" version="1" changeset="35668729" lat="55.7647123" lon="37.5757332"/>
  <node id="3869417186" timestamp="2015-11-30T16:05:46Z" uid="2335615" user="a_isaeva" visible="true" version="1" changeset="35668729" lat="55.7647239" lon="37.5758196"/>
  <node id="3869417187" timestamp="2015-11-30T16:05:46Z" uid="2335615" user="a_isaeva" visible="true" version="1" changeset="35668729" lat="55.7647378" lon="37.5757969"/>
  <node id="3869417188" timestamp="2015-11-30T16:05:46Z" uid="2335615" user="a_isaeva" visible="true" version="1" changeset="35668729" lat="55.7647563" lon="37.5759018"/>
  <node id="3869417189" timestamp="2015-11-30T16:05:46Z" uid="2335615" user="a_isaeva" visible="true" version="1" changeset="35668729" lat="55.7647592" lon="37.576196"/>
  <node id="3869478974" timestamp="2015-11-30T16:59:04Z" uid="149412" user="Haserbaba" visible="true" version="1" changeset="35669721" lat="55.7620447" lon="37.5751575"/>
  <node id="3869478975" timestamp="2015-11-30T16:59:04Z" uid="149412" user="Haserbaba" visible="true" version="1" changeset="35669721" lat="55.7621315" lon="37.575133"/>
  <node id="3869478976" timestamp="2015-11-30T16:59:04Z" uid="149412" user="Haserbaba" visible="true" version="1" changeset="35669721" lat="55.7621411" lon="37.5750914"/>
  <node id="3869478977" timestamp="2015-11-30T16:59:04Z" uid="149412" user="Haserbaba" visible="true" version="1" changeset="35669721" lat="55.762188" lon="37.5750424"/>
  <node id="3869478978" timestamp="2015-11-30T16:59:04Z" uid="149412" user="Haserbaba" visible="true" version="1" changeset="35669721" lat="55.7622197" lon="37.5750399"/>
  <node id="3869478979" timestamp="2023-07-24T08:46:08Z" uid="260756" user="Felis Pimeja" visible="true" version="2" changeset="138927867" lat="55.7622646" lon="37.5752682"/>
  <node id="3869478980" timestamp="2015-11-30T16:59:04Z" uid="149412" user="Haserbaba" visible="true" version="1" changeset="35669721" lat="55.7622472" lon="37.5748587"/>
  <node id="3869478985" timestamp="2015-11-30T16:59:04Z" uid="149412" user="Haserbaba" visible="true" version="1" changeset="35669721" lat="55.7625574" lon="37.5752875"/>
  <node id="3869478986" timestamp="2019-12-09T20:52:38Z" uid="830106" user="literan" visible="true" version="2" changeset="78170709" lat="55.7625266" lon="37.5744036"/>
  <node id="3869478987" timestamp="2015-11-30T16:59:04Z" uid="149412" user="Haserbaba" visible="true" version="1" changeset="35669721" lat="55.7625868" lon="37.575455"/>
  <node id="3869478988" timestamp="2015-11-30T16:59:04Z" uid="149412" user="Haserbaba" visible="true" version="1" changeset="35669721" lat="55.7627331" lon="37.5751898"/>
  <node id="3869478990" timestamp="2015-11-30T16:59:04Z" uid="149412" user="Haserbaba" visible="true" version="1" changeset="35669721" lat="55.7627626" lon="37.5753573"/>
  <node id="3869478991" timestamp="2015-11-30T16:59:04Z" uid="149412" user="Haserbaba" visible="true" version="1" changeset="35669721" lat="55.7627683" lon="37.5747543"/>
  <node id="3869478992" timestamp="2015-12-01T11:03:16Z" uid="149412" user="Haserbaba" visible="true" version="2" changeset="35682327" lat="55.7627812" lon="37.5751114"/>
  <node id="3869479000" timestamp="2015-11-30T16:59:04Z" uid="149412" user="Haserbaba" visible="true" version="1" changeset="35669721" lat="55.7646394" lon="37.5745636"/>
  <node id="3869479001" timestamp="2015-11-30T16:59:04Z" uid="149412" user="Haserbaba" visible="true" version="1" changeset="35669721" lat="55.7646732" lon="37.5744815"/>
  <node id="3869479002" timestamp="2015-11-30T16:59:04Z" uid="149412" user="Haserbaba" visible="true" version="1" changeset="35669721" lat="55.7647633" lon="37.5750305"/>
  <node id="3869479007" timestamp="2015-11-30T16:59:04Z" uid="149412" user="Haserbaba" visible="true" version="1" changeset="35669721" lat="55.7648165" lon="37.5744669"/>
  <node id="3869479010" timestamp="2015-11-30T16:59:04Z" uid="149412" user="Haserbaba" visible="true" version="1" changeset="35669721" lat="55.7648938" lon="37.5743883"/>
  <node id="3869479011" timestamp="2019-12-09T20:52:38Z" uid="830106" user="literan" visible="true" version="3" changeset="78170709" lat="55.7649034" lon="37.5741084"/>
  <node id="3869479012" timestamp="2015-11-30T16:59:04Z" uid="149412" user="Haserbaba" visible="true" version="1" changeset="35669721" lat="55.7649067" lon="37.5741656"/>
  <node id="3869479013" timestamp="2015-11-30T16:59:04Z" uid="149412" user="Haserbaba" visible="true" version="1" changeset="35669721" lat="55.7649193" lon="37.5746503"/>
  <node id="3869479015" timestamp="2015-11-30T16:59:04Z" uid="149412" user="Haserbaba" visible="true" version="1" changeset="35669721" lat="55.7649206" lon="37.5754022"/>
  <node id="3869479016" timestamp="2015-11-30T16:59:04Z" uid="149412" user="Haserbaba" visible="true" version="1" changeset="35669721" lat="55.7649246" lon="37.5750179"/>
  <node id="3869479017" timestamp="2015-11-30T16:59:04Z" uid="149412" user="Haserbaba" visible="true" version="1" changeset="35669721" lat="55.7649254" lon="37.5754681"/>
  <node id="3869479018" timestamp="2015-11-30T16:59:04Z" uid="149412" user="Haserbaba" visible="true" version="1" changeset="35669721" lat="55.7649352" lon="37.5752689"/>
  <node id="3869479019" timestamp="2015-11-30T16:59:04Z" uid="149412" user="Haserbaba" visible="true" version="1" changeset="35669721" lat="55.76494" lon="37.5753416"/>
  <node id="3869479020" timestamp="2015-11-30T16:59:04Z" uid="149412" user="Haserbaba" visible="true" version="1" changeset="35669721" lat="55.7649478" lon="37.5754992"/>
  <node id="3869479021" timestamp="2015-11-30T16:59:04Z" uid="149412" user="Haserbaba" visible="true" version="1" changeset="35669721" lat="55.7649547" lon="37.575236"/>
  <node id="3869479022" timestamp="2015-11-30T16:59:04Z" uid="149412" user="Haserbaba" visible="true" version="1" changeset="35669721" lat="55.764977" lon="37.5753363"/>
  <node id="3869479023" timestamp="2015-11-30T16:59:04Z" uid="149412" user="Haserbaba" visible="true" version="1" changeset="35669721" lat="55.764981" lon="37.575501"/>
  <node id="3869479024" timestamp="2015-11-30T16:59:04Z" uid="149412" user="Haserbaba" visible="true" version="1" changeset="35669721" lat="55.764999" lon="37.575182"/>
  <node id="3869479025" timestamp="2015-11-30T16:59:04Z" uid="149412" user="Haserbaba" visible="true" version="1" changeset="35669721" lat="55.7650114" lon="37.5753828"/>
  <node id="3869479026" timestamp="2015-11-30T16:59:04Z" uid="149412" user="Haserbaba" visible="true" version="1" changeset="35669721" lat="55.7650225" lon="37.5754514"/>
  <node id="3869479027" timestamp="2015-11-30T16:59:04Z" uid="149412" user="Haserbaba" visible="true" version="1" changeset="35669721" lat="55.7650482" lon="37.5755893"/>
  <node id="3869479028" timestamp="2015-11-30T16:59:04Z" uid="149412" user="Haserbaba" visible="true" version="1" changeset="35669721" lat="55.7650823" lon="37.5755841"/>
  <node id="3869479029" timestamp="2015-11-30T16:59:04Z" uid="149412" user="Haserbaba" visible="true" version="1" changeset="35669721" lat="55.7650831" lon="37.5748342"/>
  <node id="3869479030" timestamp="2015-11-30T16:59:04Z" uid="149412" user="Haserbaba" visible="true" version="1" changeset="35669721" lat="55.7651037" lon="37.5756066"/>
  <node id="3869479031" timestamp="2015-11-30T16:59:04Z" uid="149412" user="Haserbaba" visible="true" version="1" changeset="35669721" lat="55.7651257" lon="37.5755021"/>
  <node id="3869479032" timestamp="2015-11-30T16:59:04Z" uid="149412" user="Haserbaba" visible="true" version="1" changeset="35669721" lat="55.7651277" lon="37.5756064"/>
  <node id="3869479033" timestamp="2015-11-30T16:59:04Z" uid="149412" user="Haserbaba" visible="true" version="1" changeset="35669721" lat="55.7651341" lon="37.5748269"/>
  <node id="3869479034" timestamp="2015-11-30T16:59:04Z" uid="149412" user="Haserbaba" visible="true" version="1" changeset="35669721" lat="55.7651451" lon="37.5750767"/>
  <node id="3870655597" timestamp="2015-12-01T11:03:16Z" uid="149412" user="Haserbaba" visible="true" version="1" changeset="35682327" lat="55.7631794" lon="37.5749326"/>
  <node id="3870655598" timestamp="2015-12-01T11:03:16Z" uid="149412" user="Haserbaba" visible="true" version="1" changeset="35682327" lat="55.7628875" lon="37.5750946"/>
  <node id="3870655602" timestamp="2015-12-09T15:16:48Z" uid="149412" user="Haserbaba" visible="true" version="2" changeset="35848172" lat="55.7618483" lon="37.5752737"/>
  <node id="3871104695" timestamp="2015-12-01T16:10:19Z" uid="149412" user="Haserbaba" visible="true" version="1" changeset="35688029" lat="55.7612661" lon="37.5783225"/>
  <node id="3871104697" action="modify" timestamp="2016-02-02T14:03:49Z" uid="260756" user="Felis Pimeja" visible="true" version="2" changeset="36957804" lat="55.76113348784" lon="37.57852351339"/>
  <node id="3871104698" action="modify" timestamp="2016-02-03T16:04:25Z" uid="260756" user="Felis Pimeja" visible="true" version="2" changeset="36979748" lat="55.7610204" lon="37.5788331">
    <tag k="entrance" v="main"/>
  </node>
  <node id="3876290269" timestamp="2015-12-04T13:52:26Z" uid="149412" user="Haserbaba" visible="true" version="1" changeset="35747694" lat="55.761177" lon="37.5770605"/>
  <node id="3876290270" timestamp="2015-12-04T13:52:26Z" uid="149412" user="Haserbaba" visible="true" version="1" changeset="35747694" lat="55.7612081" lon="37.5763723"/>
  <node id="3876290271" timestamp="2015-12-04T13:52:26Z" uid="149412" user="Haserbaba" visible="true" version="1" changeset="35747694" lat="55.7612161" lon="37.5763919"/>
  <node id="3876290272" timestamp="2015-12-04T13:52:26Z" uid="149412" user="Haserbaba" visible="true" version="1" changeset="35747694" lat="55.7612331" lon="37.5767475"/>
  <node id="3876290274" timestamp="2015-12-04T13:52:26Z" uid="149412" user="Haserbaba" visible="true" version="1" changeset="35747694" lat="55.7612421" lon="37.5765092"/>
  <node id="3876290275" timestamp="2015-12-04T13:52:26Z" uid="149412" user="Haserbaba" visible="true" version="1" changeset="35747694" lat="55.7612541" lon="37.5763857"/>
  <node id="3876290276" timestamp="2015-12-04T13:52:26Z" uid="149412" user="Haserbaba" visible="true" version="1" changeset="35747694" lat="55.7612711" lon="37.5766568"/>
  <node id="3876290277" timestamp="2015-12-04T13:52:26Z" uid="149412" user="Haserbaba" visible="true" version="1" changeset="35747694" lat="55.7612871" lon="37.5765474"/>
  <node id="3876290278" timestamp="2015-12-04T13:52:26Z" uid="149412" user="Haserbaba" visible="true" version="1" changeset="35747694" lat="55.7612912" lon="37.5763887"/>
  <node id="3876290279" timestamp="2015-12-04T13:52:26Z" uid="149412" user="Haserbaba" visible="true" version="1" changeset="35747694" lat="55.7613235" lon="37.5765614"/>
  <node id="3876290280" timestamp="2015-12-04T13:52:26Z" uid="149412" user="Haserbaba" visible="true" version="1" changeset="35747694" lat="55.7613294" lon="37.5764428"/>
  <node id="3876290283" timestamp="2015-12-04T13:52:26Z" uid="149412" user="Haserbaba" visible="true" version="1" changeset="35747694" lat="55.7613975" lon="37.5765419"/>
  <node id="3876290285" timestamp="2015-12-04T13:52:26Z" uid="149412" user="Haserbaba" visible="true" version="1" changeset="35747694" lat="55.7614268" lon="37.5764429"/>
  <node id="3876290286" timestamp="2015-12-04T13:52:26Z" uid="149412" user="Haserbaba" visible="true" version="1" changeset="35747694" lat="55.7614385" lon="37.5765259"/>
  <node id="3876290287" timestamp="2015-12-04T13:52:26Z" uid="149412" user="Haserbaba" visible="true" version="1" changeset="35747694" lat="55.7614723" lon="37.5764273"/>
  <node id="3876290288" timestamp="2015-12-04T13:52:26Z" uid="149412" user="Haserbaba" visible="true" version="1" changeset="35747694" lat="55.7614795" lon="37.5765045"/>
  <node id="3876290289" timestamp="2015-12-04T13:52:26Z" uid="149412" user="Haserbaba" visible="true" version="1" changeset="35747694" lat="55.7614885" lon="37.5764618"/>
  <node id="3876290290" timestamp="2015-12-04T13:52:26Z" uid="149412" user="Haserbaba" visible="true" version="1" changeset="35747694" lat="55.7615171" lon="37.5763919"/>
  <node id="3876290291" timestamp="2015-12-04T13:52:26Z" uid="149412" user="Haserbaba" visible="true" version="1" changeset="35747694" lat="55.7615264" lon="37.576442"/>
  <node id="3876290292" timestamp="2015-12-04T13:52:26Z" uid="149412" user="Haserbaba" visible="true" version="1" changeset="35747694" lat="55.7615322" lon="37.576495"/>
  <node id="3876290296" timestamp="2015-12-04T13:52:26Z" uid="149412" user="Haserbaba" visible="true" version="1" changeset="35747694" lat="55.7616222" lon="37.5763498"/>
  <node id="3876290305" timestamp="2015-12-04T13:52:27Z" uid="149412" user="Haserbaba" visible="true" version="1" changeset="35747694" lat="55.7617845" lon="37.5762772"/>
  <node id="3876290306" timestamp="2015-12-04T13:52:27Z" uid="149412" user="Haserbaba" visible="true" version="1" changeset="35747694" lat="55.7617956" lon="37.5763565"/>
  <node id="3884775500" timestamp="2015-12-09T14:40:50Z" uid="149412" user="Haserbaba" visible="true" version="1" changeset="35847589" lat="55.7618033" lon="37.575545"/>
  <node id="3884775501" timestamp="2015-12-09T14:40:50Z" uid="149412" user="Haserbaba" visible="true" version="1" changeset="35847589" lat="55.761806" lon="37.5759616"/>
  <node id="3884775502" timestamp="2015-12-09T15:16:48Z" uid="149412" user="Haserbaba" visible="true" version="2" changeset="35848172" lat="55.7618899" lon="37.5754614"/>
  <node id="3884775503" timestamp="2015-12-09T14:40:50Z" uid="149412" user="Haserbaba" visible="true" version="1" changeset="35847589" lat="55.7618894" lon="37.5755433"/>
  <node id="3884775504" timestamp="2015-12-09T14:40:50Z" uid="149412" user="Haserbaba" visible="true" version="1" changeset="35847589" lat="55.761891" lon="37.5757898"/>
  <node id="3884775505" timestamp="2015-12-09T14:40:50Z" uid="149412" user="Haserbaba" visible="true" version="1" changeset="35847589" lat="55.7618921" lon="37.5759599"/>
  <node id="3884775506" timestamp="2015-12-09T15:16:48Z" uid="149412" user="Haserbaba" visible="true" version="2" changeset="35848172" lat="55.7618915" lon="37.5757833"/>
  <node id="3884775507" timestamp="2015-12-09T15:16:48Z" uid="149412" user="Haserbaba" visible="true" version="2" changeset="35848172" lat="55.7619791" lon="37.57546"/>
  <node id="3884775510" timestamp="2015-12-09T15:16:48Z" uid="149412" user="Haserbaba" visible="true" version="2" changeset="35848172" lat="55.7619807" lon="37.5757819"/>
  <node id="3884810653" timestamp="2015-12-09T15:16:46Z" uid="149412" user="Haserbaba" visible="true" version="1" changeset="35848172" lat="55.7616563" lon="37.5752821"/>
  <node id="3884810958" timestamp="2015-12-09T15:16:46Z" uid="149412" user="Haserbaba" visible="true" version="1" changeset="35848172" lat="55.761851" lon="37.5751291"/>
  <node id="3884810962" action="modify" timestamp="2016-07-19T07:38:29Z" uid="2853561" user="Владимир К" visible="true" version="2" changeset="40849654" lat="55.76200256377" lon="37.57543421259"/>
  <node id="3984125029" timestamp="2016-02-02T14:03:35Z" uid="260756" user="Felis Pimeja" visible="true" version="1" changeset="36957804" lat="55.7609498" lon="37.5782358"/>
  <node id="3984125042" timestamp="2016-02-02T14:03:36Z" uid="260756" user="Felis Pimeja" visible="true" version="1" changeset="36957804" lat="55.7610659" lon="37.5780365"/>
  <node id="3984125043" timestamp="2016-02-02T14:03:36Z" uid="260756" user="Felis Pimeja" visible="true" version="1" changeset="36957804" lat="55.7610703" lon="37.5781495"/>
  <node id="3984125044" timestamp="2016-02-02T14:03:36Z" uid="260756" user="Felis Pimeja" visible="true" version="1" changeset="36957804" lat="55.7610739" lon="37.5780753"/>
  <node id="3984125045" timestamp="2016-02-02T14:03:36Z" uid="260756" user="Felis Pimeja" visible="true" version="1" changeset="36957804" lat="55.7610754" lon="37.5781126"/>
  <node id="3984125048" timestamp="2016-02-02T14:03:36Z" uid="260756" user="Felis Pimeja" visible="true" version="1" changeset="36957804" lat="55.7611296" lon="37.5787153"/>
  <node id="3984125049" timestamp="2016-02-02T14:03:36Z" uid="260756" user="Felis Pimeja" visible="true" version="1" changeset="36957804" lat="55.7611498" lon="37.5787696"/>
  <node id="3984125051" timestamp="2016-02-02T14:03:36Z" uid="260756" user="Felis Pimeja" visible="true" version="1" changeset="36957804" lat="55.7611714" lon="37.5786708"/>
  <node id="3984125052" timestamp="2016-02-02T14:03:36Z" uid="260756" user="Felis Pimeja" visible="true" version="1" changeset="36957804" lat="55.7611808" lon="37.5788071"/>
  <node id="3984125053" timestamp="2016-02-02T14:03:36Z" uid="260756" user="Felis Pimeja" visible="true" version="1" changeset="36957804" lat="55.7611821" lon="37.5787037"/>
  <node id="3984125054" timestamp="2016-02-02T14:03:36Z" uid="260756" user="Felis Pimeja" visible="true" version="1" changeset="36957804" lat="55.7611964" lon="37.5787292"/>
  <node id="3984125056" timestamp="2016-02-02T14:03:36Z" uid="260756" user="Felis Pimeja" visible="true" version="1" changeset="36957804" lat="55.7612165" lon="37.5788278"/>
  <node id="3984125957" timestamp="2016-02-02T14:03:36Z" uid="260756" user="Felis Pimeja" visible="true" version="1" changeset="36957804" lat="55.7612195" lon="37.5787384"/>
  <node id="3984125958" timestamp="2016-02-02T14:03:36Z" uid="260756" user="Felis Pimeja" visible="true" version="1" changeset="36957804" lat="55.7612441" lon="37.5787275"/>
  <node id="3984125959" timestamp="2016-02-02T14:03:36Z" uid="260756" user="Felis Pimeja" visible="true" version="1" changeset="36957804" lat="55.761256" lon="37.5788164"/>
  <node id="3984125960" timestamp="2016-02-02T14:03:36Z" uid="260756" user="Felis Pimeja" visible="true" version="1" changeset="36957804" lat="55.7612576" lon="37.5785248"/>
  <node id="3984125961" timestamp="2016-02-02T14:03:36Z" uid="260756" user="Felis Pimeja" visible="true" version="1" changeset="36957804" lat="55.761271" lon="37.5785014"/>
  <node id="3984125963" timestamp="2016-02-02T14:03:36Z" uid="260756" user="Felis Pimeja" visible="true" version="1" changeset="36957804" lat="55.7613205" lon="37.5785902"/>
  <node id="4100014722" timestamp="2016-04-15T15:36:04Z" uid="260756" user="Felis Pimeja" visible="true" version="2" changeset="38592147" lat="55.7639962" lon="37.582682"/>
  <node id="4100014724" timestamp="2016-04-05T15:01:34Z" uid="260756" user="Felis Pimeja" visible="true" version="1" changeset="38320240" lat="55.7640832" lon="37.5825493"/>
  <node id="4100014725" timestamp="2016-04-05T15:01:34Z" uid="260756" user="Felis Pimeja" visible="true" version="1" changeset="38320240" lat="55.7640887" lon="37.5821375"/>
  <node id="4100014727" timestamp="2016-04-05T15:01:34Z" uid="260756" user="Felis Pimeja" visible="true" version="1" changeset="38320240" lat="55.7641201" lon="37.5824933"/>
  <node id="4100014731" timestamp="2016-04-05T15:01:34Z" uid="260756" user="Felis Pimeja" visible="true" version="1" changeset="38320240" lat="55.7641937" lon="37.5823816"/>
  <node id="4123982007" timestamp="2017-12-20T22:53:49Z" uid="830106" user="literan" visible="true" version="2" changeset="54799863" lat="55.7610552" lon="37.5824585"/>
  <node id="4123982014" timestamp="2016-04-15T15:35:14Z" uid="260756" user="Felis Pimeja" visible="true" version="1" changeset="38592147" lat="55.761174" lon="37.5819846"/>
  <node id="4123982025" timestamp="2016-04-15T15:35:14Z" uid="260756" user="Felis Pimeja" visible="true" version="1" changeset="38592147" lat="55.7613833" lon="37.5827359"/>
  <node id="4123982030" timestamp="2023-12-04T20:08:00Z" uid="9133906" user="stargunru" visible="true" version="2" changeset="144768421" lat="55.7614485" lon="37.5827887"/>
  <node id="4123982031" timestamp="2016-04-15T15:35:14Z" uid="260756" user="Felis Pimeja" visible="true" version="1" changeset="38592147" lat="55.7614007" lon="37.5826676"/>
  <node id="4123982047" timestamp="2016-04-15T15:35:15Z" uid="260756" user="Felis Pimeja" visible="true" version="1" changeset="38592147" lat="55.7616327" lon="37.5824613"/>
  <node id="4123982048" timestamp="2016-04-15T15:35:15Z" uid="260756" user="Felis Pimeja" visible="true" version="1" changeset="38592147" lat="55.7616457" lon="37.5831714"/>
  <node id="4123982051" timestamp="2016-04-15T15:35:15Z" uid="260756" user="Felis Pimeja" visible="true" version="1" changeset="38592147" lat="55.761674" lon="37.5830467"/>
  <node id="4123982052" timestamp="2016-04-15T15:35:15Z" uid="260756" user="Felis Pimeja" visible="true" version="1" changeset="38592147" lat="55.7616757" lon="37.5824184"/>
  <node id="4123982054" timestamp="2016-04-15T15:35:15Z" uid="260756" user="Felis Pimeja" visible="true" version="1" changeset="38592147" lat="55.7617068" lon="37.5830688"/>
  <node id="4123982057" timestamp="2016-04-15T15:35:15Z" uid="260756" user="Felis Pimeja" visible="true" version="1" changeset="38592147" lat="55.7617251" lon="37.5824111"/>
  <node id="4123982060" timestamp="2016-04-15T15:35:15Z" uid="260756" user="Felis Pimeja" visible="true" version="1" changeset="38592147" lat="55.7617416" lon="37.5830703"/>
  <node id="4123982061" timestamp="2016-04-15T15:35:15Z" uid="260756" user="Felis Pimeja" visible="true" version="1" changeset="38592147" lat="55.76175" lon="37.583036"/>
  <node id="4123982063" timestamp="2016-04-15T15:35:15Z" uid="260756" user="Felis Pimeja" visible="true" version="1" changeset="38592147" lat="55.761799" lon="37.5828361"/>
  <node id="4123982064" timestamp="2016-04-15T15:35:15Z" uid="260756" user="Felis Pimeja" visible="true" version="1" changeset="38592147" lat="55.7618068" lon="37.5828132"/>
  <node id="4123982065" timestamp="2016-04-15T15:35:15Z" uid="260756" user="Felis Pimeja" visible="true" version="1" changeset="38592147" lat="55.7618188" lon="37.5827956"/>
  <node id="4123982066" timestamp="2016-04-15T15:35:15Z" uid="260756" user="Felis Pimeja" visible="true" version="1" changeset="38592147" lat="55.7618199" lon="37.583131"/>
  <node id="4123982067" timestamp="2016-04-15T15:35:15Z" uid="260756" user="Felis Pimeja" visible="true" version="1" changeset="38592147" lat="55.7618327" lon="37.5827919"/>
  <node id="4123982068" timestamp="2016-04-15T15:35:15Z" uid="260756" user="Felis Pimeja" visible="true" version="1" changeset="38592147" lat="55.76185" lon="37.5827947"/>
  <node id="4123982070" timestamp="2016-04-15T15:35:15Z" uid="260756" user="Felis Pimeja" visible="true" version="1" changeset="38592147" lat="55.7618571" lon="37.583128"/>
  <node id="4123982071" timestamp="2016-04-15T15:35:15Z" uid="260756" user="Felis Pimeja" visible="true" version="1" changeset="38592147" lat="55.7618605" lon="37.5831629"/>
  <node id="4123982073" timestamp="2016-04-15T15:35:15Z" uid="260756" user="Felis Pimeja" visible="true" version="1" changeset="38592147" lat="55.7618886" lon="37.5828245"/>
  <node id="4123982074" timestamp="2016-04-15T15:35:15Z" uid="260756" user="Felis Pimeja" visible="true" version="1" changeset="38592147" lat="55.7618984" lon="37.5831922"/>
  <node id="4123982075" timestamp="2016-04-15T15:35:15Z" uid="260756" user="Felis Pimeja" visible="true" version="1" changeset="38592147" lat="55.7619086" lon="37.583202"/>
  <node id="4123982076" timestamp="2016-04-15T15:35:15Z" uid="260756" user="Felis Pimeja" visible="true" version="1" changeset="38592147" lat="55.7619106" lon="37.5829225"/>
  <node id="4123982078" timestamp="2016-04-15T15:35:15Z" uid="260756" user="Felis Pimeja" visible="true" version="1" changeset="38592147" lat="55.7619156" lon="37.5831733"/>
  <node id="4123982079" timestamp="2016-04-15T15:35:15Z" uid="260756" user="Felis Pimeja" visible="true" version="1" changeset="38592147" lat="55.7619224" lon="37.5832484"/>
  <node id="4123982110" timestamp="2016-04-15T15:35:15Z" uid="260756" user="Felis Pimeja" visible="true" version="1" changeset="38592147" lat="55.7620868" lon="37.5835575"/>
  <node id="4123982112" timestamp="2016-04-15T15:35:15Z" uid="260756" user="Felis Pimeja" visible="true" version="1" changeset="38592147" lat="55.7620969" lon="37.5835157"/>
  <node id="4123982119" action="modify" timestamp="2016-04-15T15:35:16Z" uid="260756" user="Felis Pimeja" visible="true" version="1" changeset="38592147" lat="55.76213157603" lon="37.57857499134"/>
  <node id="4123982121" timestamp="2016-04-15T15:35:16Z" uid="260756" user="Felis Pimeja" visible="true" version="1" changeset="38592147" lat="55.7621566" lon="37.5834296"/>
  <node id="4123982122" timestamp="2016-04-15T15:35:16Z" uid="260756" user="Felis Pimeja" visible="true" version="1" changeset="38592147" lat="55.762166" lon="37.5831202"/>
  <node id="4123982127" timestamp="2016-04-15T15:35:16Z" uid="260756" user="Felis Pimeja" visible="true" version="1" changeset="38592147" lat="55.762216" lon="37.5834058"/>
  <node id="4123982132" timestamp="2016-04-15T15:35:16Z" uid="260756" user="Felis Pimeja" visible="true" version="1" changeset="38592147" lat="55.7622247" lon="37.5830819"/>
  <node id="4123982139" timestamp="2016-04-15T15:35:16Z" uid="260756" user="Felis Pimeja" visible="true" version="1" changeset="38592147" lat="55.7622368" lon="37.5833207"/>
  <node id="4123982140" timestamp="2016-04-15T15:35:16Z" uid="260756" user="Felis Pimeja" visible="true" version="1" changeset="38592147" lat="55.7622387" lon="37.5830746"/>
  <node id="4123982142" timestamp="2016-04-15T15:35:16Z" uid="260756" user="Felis Pimeja" visible="true" version="1" changeset="38592147" lat="55.7622511" lon="37.5830765"/>
  <node id="4123982143" timestamp="2016-04-15T15:35:16Z" uid="260756" user="Felis Pimeja" visible="true" version="1" changeset="38592147" lat="55.7622588" lon="37.5837086"/>
  <node id="4123982144" timestamp="2016-04-15T15:35:16Z" uid="260756" user="Felis Pimeja" visible="true" version="1" changeset="38592147" lat="55.7622628" lon="37.5836918"/>
  <node id="4123982146" timestamp="2016-04-15T15:35:16Z" uid="260756" user="Felis Pimeja" visible="true" version="1" changeset="38592147" lat="55.7622655" lon="37.5832032"/>
  <node id="4123982149" timestamp="2016-04-15T15:35:16Z" uid="260756" user="Felis Pimeja" visible="true" version="1" changeset="38592147" lat="55.7622728" lon="37.5830933"/>
  <node id="4123982150" timestamp="2016-04-15T15:35:16Z" uid="260756" user="Felis Pimeja" visible="true" version="1" changeset="38592147" lat="55.7622782" lon="37.583101"/>
  <node id="4123982152" timestamp="2016-04-15T15:35:16Z" uid="260756" user="Felis Pimeja" visible="true" version="1" changeset="38592147" lat="55.7622816" lon="37.58311"/>
  <node id="4123982153" timestamp="2016-04-15T15:35:16Z" uid="260756" user="Felis Pimeja" visible="true" version="1" changeset="38592147" lat="55.762282" lon="37.5831359"/>
  <node id="4123982154" timestamp="2016-04-15T15:35:16Z" uid="260756" user="Felis Pimeja" visible="true" version="1" changeset="38592147" lat="55.7622832" lon="37.5831235"/>
  <node id="4123982156" timestamp="2016-04-15T15:35:16Z" uid="260756" user="Felis Pimeja" visible="true" version="1" changeset="38592147" lat="55.7622875" lon="37.5790595"/>
  <node id="4123982157" timestamp="2016-04-15T15:35:16Z" uid="260756" user="Felis Pimeja" visible="true" version="1" changeset="38592147" lat="55.7622917" lon="37.57911"/>
  <node id="4123982158" timestamp="2016-04-15T15:35:16Z" uid="260756" user="Felis Pimeja" visible="true" version="1" changeset="38592147" lat="55.7623024" lon="37.5790625"/>
  <node id="4123982159" timestamp="2016-04-15T15:35:16Z" uid="260756" user="Felis Pimeja" visible="true" version="1" changeset="38592147" lat="55.7623046" lon="37.5790884"/>
  <node id="4123982161" timestamp="2016-04-15T15:35:16Z" uid="260756" user="Felis Pimeja" visible="true" version="1" changeset="38592147" lat="55.7623184" lon="37.5834446"/>
  <node id="4123982163" timestamp="2016-04-15T15:35:16Z" uid="260756" user="Felis Pimeja" visible="true" version="1" changeset="38592147" lat="55.7623229" lon="37.5791925"/>
  <node id="4123982165" timestamp="2016-04-15T15:35:16Z" uid="260756" user="Felis Pimeja" visible="true" version="1" changeset="38592147" lat="55.7623246" lon="37.5831473"/>
  <node id="4123982167" timestamp="2016-04-15T15:35:16Z" uid="260756" user="Felis Pimeja" visible="true" version="1" changeset="38592147" lat="55.7623276" lon="37.5788744"/>
  <node id="4123982169" timestamp="2016-04-15T15:35:16Z" uid="260756" user="Felis Pimeja" visible="true" version="1" changeset="38592147" lat="55.7623309" lon="37.5833935"/>
  <node id="4123982170" timestamp="2016-04-15T15:35:16Z" uid="260756" user="Felis Pimeja" visible="true" version="1" changeset="38592147" lat="55.7623311" lon="37.5791248"/>
  <node id="4123982172" timestamp="2016-04-15T15:35:16Z" uid="260756" user="Felis Pimeja" visible="true" version="1" changeset="38592147" lat="55.7623357" lon="37.5832575"/>
  <node id="4123982173" timestamp="2016-04-15T15:35:16Z" uid="260756" user="Felis Pimeja" visible="true" version="1" changeset="38592147" lat="55.7623377" lon="37.5788999"/>
  <node id="4123982174" timestamp="2016-04-15T15:35:16Z" uid="260756" user="Felis Pimeja" visible="true" version="1" changeset="38592147" lat="55.7623383" lon="37.5791011"/>
  <node id="4123982175" timestamp="2016-04-15T15:35:16Z" uid="260756" user="Felis Pimeja" visible="true" version="1" changeset="38592147" lat="55.7623422" lon="37.5832311"/>
  <node id="4123982176" timestamp="2016-04-15T15:35:16Z" uid="260756" user="Felis Pimeja" visible="true" version="1" changeset="38592147" lat="55.7623444" lon="37.5832249"/>
  <node id="4123982177" timestamp="2016-04-15T15:35:16Z" uid="260756" user="Felis Pimeja" visible="true" version="1" changeset="38592147" lat="55.7623476" lon="37.5832194"/>
  <node id="4123982178" timestamp="2016-04-15T15:35:16Z" uid="260756" user="Felis Pimeja" visible="true" version="1" changeset="38592147" lat="55.7623482" lon="37.5790016"/>
  <node id="4123982179" timestamp="2016-04-15T15:35:16Z" uid="260756" user="Felis Pimeja" visible="true" version="1" changeset="38592147" lat="55.7623486" lon="37.5790217"/>
  <node id="4123982180" timestamp="2016-04-15T15:35:16Z" uid="260756" user="Felis Pimeja" visible="true" version="1" changeset="38592147" lat="55.7623492" lon="37.579156"/>
  <node id="4123982181" timestamp="2016-04-15T15:35:16Z" uid="260756" user="Felis Pimeja" visible="true" version="1" changeset="38592147" lat="55.7623524" lon="37.5789795"/>
  <node id="4123982182" timestamp="2016-04-15T15:35:17Z" uid="260756" user="Felis Pimeja" visible="true" version="1" changeset="38592147" lat="55.7623524" lon="37.5832173"/>
  <node id="4123982183" timestamp="2016-04-15T15:35:17Z" uid="260756" user="Felis Pimeja" visible="true" version="1" changeset="38592147" lat="55.7623529" lon="37.5833283"/>
  <node id="4123982184" timestamp="2016-04-15T15:35:17Z" uid="260756" user="Felis Pimeja" visible="true" version="1" changeset="38592147" lat="55.7623542" lon="37.5790439"/>
  <node id="4123982185" timestamp="2016-04-15T15:35:17Z" uid="260756" user="Felis Pimeja" visible="true" version="1" changeset="38592147" lat="55.7623566" lon="37.5791327"/>
  <node id="4123982186" timestamp="2016-04-15T15:35:17Z" uid="260756" user="Felis Pimeja" visible="true" version="1" changeset="38592147" lat="55.7623579" lon="37.5832185"/>
  <node id="4123982188" timestamp="2016-04-15T15:35:17Z" uid="260756" user="Felis Pimeja" visible="true" version="1" changeset="38592147" lat="55.762361" lon="37.578954"/>
  <node id="4123982189" timestamp="2016-04-15T15:35:17Z" uid="260756" user="Felis Pimeja" visible="true" version="1" changeset="38592147" lat="55.7623617" lon="37.5788734"/>
  <node id="4123982190" timestamp="2016-04-15T15:35:17Z" uid="260756" user="Felis Pimeja" visible="true" version="1" changeset="38592147" lat="55.7623652" lon="37.5788991"/>
  <node id="4123982191" timestamp="2016-04-15T15:35:17Z" uid="260756" user="Felis Pimeja" visible="true" version="1" changeset="38592147" lat="55.7623652" lon="37.5789279"/>
  <node id="4123982192" timestamp="2016-04-15T15:35:17Z" uid="260756" user="Felis Pimeja" visible="true" version="1" changeset="38592147" lat="55.7623656" lon="37.5790513"/>
  <node id="4123982193" timestamp="2016-04-15T15:35:17Z" uid="260756" user="Felis Pimeja" visible="true" version="1" changeset="38592147" lat="55.7623676" lon="37.5832261"/>
  <node id="4123982194" timestamp="2016-04-15T15:35:17Z" uid="260756" user="Felis Pimeja" visible="true" version="1" changeset="38592147" lat="55.7623677" lon="37.5791377"/>
  <node id="4123982195" timestamp="2016-04-15T15:35:17Z" uid="260756" user="Felis Pimeja" visible="true" version="1" changeset="38592147" lat="55.7623695" lon="37.5791651"/>
  <node id="4123982196" timestamp="2016-04-15T15:35:17Z" uid="260756" user="Felis Pimeja" visible="true" version="1" changeset="38592147" lat="55.7623708" lon="37.5832302"/>
  <node id="4123982197" timestamp="2016-04-15T15:35:17Z" uid="260756" user="Felis Pimeja" visible="true" version="1" changeset="38592147" lat="55.7623714" lon="37.5791926"/>
  <node id="4123982198" timestamp="2016-04-15T15:35:17Z" uid="260756" user="Felis Pimeja" visible="true" version="1" changeset="38592147" lat="55.7623717" lon="37.5832517"/>
  <node id="4123982200" timestamp="2016-04-15T15:35:17Z" uid="260756" user="Felis Pimeja" visible="true" version="1" changeset="38592147" lat="55.7623728" lon="37.5832362"/>
  <node id="4123982201" timestamp="2016-04-15T15:35:17Z" uid="260756" user="Felis Pimeja" visible="true" version="1" changeset="38592147" lat="55.7623732" lon="37.5832435"/>
  <node id="4123982202" timestamp="2016-04-15T15:35:17Z" uid="260756" user="Felis Pimeja" visible="true" version="1" changeset="38592147" lat="55.7623735" lon="37.5789151"/>
  <node id="4123982203" timestamp="2016-04-15T15:35:17Z" uid="260756" user="Felis Pimeja" visible="true" version="1" changeset="38592147" lat="55.7623769" lon="37.5790573"/>
  <node id="4123982204" timestamp="2016-04-15T15:35:17Z" uid="260756" user="Felis Pimeja" visible="true" version="1" changeset="38592147" lat="55.7623833" lon="37.579068"/>
  <node id="4123982205" timestamp="2016-04-15T15:35:17Z" uid="260756" user="Felis Pimeja" visible="true" version="1" changeset="38592147" lat="55.7623878" lon="37.5789104"/>
  <node id="4123982206" timestamp="2016-04-15T15:35:17Z" uid="260756" user="Felis Pimeja" visible="true" version="1" changeset="38592147" lat="55.7623975" lon="37.5791099"/>
  <node id="4123982208" timestamp="2016-04-15T15:35:17Z" uid="260756" user="Felis Pimeja" visible="true" version="1" changeset="38592147" lat="55.762401" lon="37.5789024"/>
  <node id="4123982210" timestamp="2016-04-15T15:35:17Z" uid="260756" user="Felis Pimeja" visible="true" version="1" changeset="38592147" lat="55.7624176" lon="37.5788883"/>
  <node id="4123982211" timestamp="2016-04-15T15:35:17Z" uid="260756" user="Felis Pimeja" visible="true" version="1" changeset="38592147" lat="55.7624206" lon="37.5790883"/>
  <node id="4123982212" timestamp="2016-04-15T15:35:17Z" uid="260756" user="Felis Pimeja" visible="true" version="1" changeset="38592147" lat="55.7624227" lon="37.5791155"/>
  <node id="4123982215" timestamp="2016-04-15T15:35:17Z" uid="260756" user="Felis Pimeja" visible="true" version="1" changeset="38592147" lat="55.7624249" lon="37.5791427"/>
  <node id="4123982216" timestamp="2016-04-15T15:35:17Z" uid="260756" user="Felis Pimeja" visible="true" version="1" changeset="38592147" lat="55.7624309" lon="37.5788105"/>
  <node id="4123982217" timestamp="2016-04-15T15:35:17Z" uid="260756" user="Felis Pimeja" visible="true" version="1" changeset="38592147" lat="55.7624338" lon="37.578893"/>
  <node id="4123982219" timestamp="2016-04-15T15:35:17Z" uid="260756" user="Felis Pimeja" visible="true" version="1" changeset="38592147" lat="55.7624371" lon="37.5788319"/>
  <node id="4123982220" timestamp="2016-04-15T15:35:17Z" uid="260756" user="Felis Pimeja" visible="true" version="1" changeset="38592147" lat="55.7624433" lon="37.5788508"/>
  <node id="4123982221" timestamp="2016-04-15T15:35:17Z" uid="260756" user="Felis Pimeja" visible="true" version="1" changeset="38592147" lat="55.7624463" lon="37.5789238"/>
  <node id="4123982222" timestamp="2016-04-15T15:35:17Z" uid="260756" user="Felis Pimeja" visible="true" version="1" changeset="38592147" lat="55.7624496" lon="37.5790992"/>
  <node id="4123982223" timestamp="2016-04-15T15:35:17Z" uid="260756" user="Felis Pimeja" visible="true" version="1" changeset="38592147" lat="55.7624514" lon="37.5791262"/>
  <node id="4123982224" timestamp="2016-04-15T15:35:17Z" uid="260756" user="Felis Pimeja" visible="true" version="1" changeset="38592147" lat="55.7624532" lon="37.5791533"/>
  <node id="4123982225" timestamp="2016-04-15T15:35:17Z" uid="260756" user="Felis Pimeja" visible="true" version="1" changeset="38592147" lat="55.762455" lon="37.5789493"/>
  <node id="4123982226" timestamp="2016-04-15T15:35:17Z" uid="260756" user="Felis Pimeja" visible="true" version="1" changeset="38592147" lat="55.7624563" lon="37.578839"/>
  <node id="4123982229" timestamp="2016-04-15T15:35:17Z" uid="260756" user="Felis Pimeja" visible="true" version="1" changeset="38592147" lat="55.7624689" lon="37.5788766"/>
  <node id="4123982230" timestamp="2016-04-15T15:35:17Z" uid="260756" user="Felis Pimeja" visible="true" version="1" changeset="38592147" lat="55.762472" lon="37.5795582"/>
  <node id="4123982231" timestamp="2016-04-15T15:35:17Z" uid="260756" user="Felis Pimeja" visible="true" version="1" changeset="38592147" lat="55.7624723" lon="37.5789554"/>
  <node id="4123982234" timestamp="2016-04-15T15:35:17Z" uid="260756" user="Felis Pimeja" visible="true" version="1" changeset="38592147" lat="55.7624769" lon="37.5797757"/>
  <node id="4123982235" timestamp="2016-04-15T15:35:17Z" uid="260756" user="Felis Pimeja" visible="true" version="1" changeset="38592147" lat="55.76248" lon="37.5797134"/>
  <node id="4123982236" timestamp="2016-04-15T15:35:17Z" uid="260756" user="Felis Pimeja" visible="true" version="1" changeset="38592147" lat="55.7624811" lon="37.5787677"/>
  <node id="4123982237" timestamp="2016-04-15T15:35:18Z" uid="260756" user="Felis Pimeja" visible="true" version="1" changeset="38592147" lat="55.7624814" lon="37.5789822"/>
  <node id="4123982238" timestamp="2016-04-15T15:35:18Z" uid="260756" user="Felis Pimeja" visible="true" version="1" changeset="38592147" lat="55.7624814" lon="37.5790271"/>
  <node id="4123982239" timestamp="2016-04-15T15:35:18Z" uid="260756" user="Felis Pimeja" visible="true" version="1" changeset="38592147" lat="55.7624857" lon="37.5826196"/>
  <node id="4123982240" timestamp="2016-04-15T15:35:18Z" uid="260756" user="Felis Pimeja" visible="true" version="1" changeset="38592147" lat="55.7624885" lon="37.5786037"/>
  <node id="4123982242" timestamp="2016-04-15T15:35:18Z" uid="260756" user="Felis Pimeja" visible="true" version="1" changeset="38592147" lat="55.7624893" lon="37.5788856"/>
  <node id="4123982243" timestamp="2016-04-15T15:35:18Z" uid="260756" user="Felis Pimeja" visible="true" version="1" changeset="38592147" lat="55.7624901" lon="37.5790648"/>
  <node id="4123982246" timestamp="2016-04-15T15:35:18Z" uid="260756" user="Felis Pimeja" visible="true" version="1" changeset="38592147" lat="55.7624982" lon="37.5789175"/>
  <node id="4123982251" timestamp="2016-04-15T15:35:18Z" uid="260756" user="Felis Pimeja" visible="true" version="1" changeset="38592147" lat="55.7625073" lon="37.5798845"/>
  <node id="4123982253" timestamp="2016-04-15T15:35:18Z" uid="260756" user="Felis Pimeja" visible="true" version="1" changeset="38592147" lat="55.7625085" lon="37.5787443"/>
  <node id="4123982254" timestamp="2016-04-15T15:35:18Z" uid="260756" user="Felis Pimeja" visible="true" version="1" changeset="38592147" lat="55.7625117" lon="37.5789262"/>
  <node id="4123982256" timestamp="2016-04-15T15:35:18Z" uid="260756" user="Felis Pimeja" visible="true" version="1" changeset="38592147" lat="55.7625123" lon="37.5796297"/>
  <node id="4123982257" timestamp="2016-04-15T15:35:18Z" uid="260756" user="Felis Pimeja" visible="true" version="1" changeset="38592147" lat="55.762515" lon="37.578702"/>
  <node id="4123982271" timestamp="2016-04-15T15:35:18Z" uid="260756" user="Felis Pimeja" visible="true" version="1" changeset="38592147" lat="55.7625377" lon="37.5790816"/>
  <node id="4123982272" timestamp="2016-04-15T15:35:18Z" uid="260756" user="Felis Pimeja" visible="true" version="1" changeset="38592147" lat="55.7625379" lon="37.5790242"/>
  <node id="4123982277" timestamp="2016-04-15T15:35:18Z" uid="260756" user="Felis Pimeja" visible="true" version="1" changeset="38592147" lat="55.7625443" lon="37.5790473"/>
  <node id="4123982281" timestamp="2026-05-18T07:24:16Z" uid="830106" user="literan" visible="true" version="3" changeset="182815711" lat="55.7625712" lon="37.5791161"/>
  <node id="4123982294" timestamp="2016-04-15T15:35:18Z" uid="260756" user="Felis Pimeja" visible="true" version="1" changeset="38592147" lat="55.7625785" lon="37.5833418"/>
  <node id="4123982298" timestamp="2026-05-18T07:24:16Z" uid="830106" user="literan" visible="true" version="3" changeset="182815711" lat="55.7626478" lon="37.5790517"/>
  <node id="4123982299" timestamp="2016-04-15T15:35:18Z" uid="260756" user="Felis Pimeja" visible="true" version="1" changeset="38592147" lat="55.7625811" lon="37.5799091"/>
  <node id="4123982306" timestamp="2016-04-15T15:35:19Z" uid="260756" user="Felis Pimeja" visible="true" version="1" changeset="38592147" lat="55.7625969" lon="37.5786321"/>
  <node id="4123982317" timestamp="2016-04-15T15:35:19Z" uid="260756" user="Felis Pimeja" visible="true" version="1" changeset="38592147" lat="55.762629" lon="37.5821187"/>
  <node id="4123982321" timestamp="2016-04-15T15:35:19Z" uid="260756" user="Felis Pimeja" visible="true" version="1" changeset="38592147" lat="55.76264" lon="37.5820195"/>
  <node id="4123982324" timestamp="2016-04-15T15:35:19Z" uid="260756" user="Felis Pimeja" visible="true" version="1" changeset="38592147" lat="55.7626425" lon="37.5835522"/>
  <node id="4123982326" action="modify" timestamp="2016-04-15T15:35:19Z" uid="260756" user="Felis Pimeja" visible="true" version="1" changeset="38592147" lat="55.76261048298" lon="37.57976379072"/>
  <node id="4123982327" timestamp="2026-05-18T07:24:16Z" uid="830106" user="literan" visible="true" version="3" changeset="182815711" lat="55.7626615" lon="37.5794548"/>
  <node id="4123982329" timestamp="2016-04-15T15:35:19Z" uid="260756" user="Felis Pimeja" visible="true" version="1" changeset="38592147" lat="55.7626516" lon="37.5825929"/>
  <node id="4123982331" timestamp="2016-04-15T15:35:19Z" uid="260756" user="Felis Pimeja" visible="true" version="1" changeset="38592147" lat="55.7626615" lon="37.5830822"/>
  <node id="4123982332" timestamp="2016-04-15T15:35:19Z" uid="260756" user="Felis Pimeja" visible="true" version="1" changeset="38592147" lat="55.7626623" lon="37.5840165"/>
  <node id="4123982333" timestamp="2016-04-15T15:35:19Z" uid="260756" user="Felis Pimeja" visible="true" version="1" changeset="38592147" lat="55.762666" lon="37.5831401"/>
  <node id="4123982334" timestamp="2026-05-18T07:24:16Z" uid="830106" user="literan" visible="true" version="2" changeset="182815711" lat="55.7627144" lon="37.5794553"/>
  <node id="4123982336" timestamp="2016-04-15T15:35:19Z" uid="260756" user="Felis Pimeja" visible="true" version="1" changeset="38592147" lat="55.7626687" lon="37.5834453"/>
  <node id="4123982337" timestamp="2016-04-15T15:35:19Z" uid="260756" user="Felis Pimeja" visible="true" version="1" changeset="38592147" lat="55.7626698" lon="37.5830257"/>
  <node id="4123982338" timestamp="2026-05-18T07:24:16Z" uid="830106" user="literan" visible="true" version="2" changeset="182815711" lat="55.762721" lon="37.5789819"/>
  <node id="4123982339" timestamp="2026-05-18T07:24:16Z" uid="830106" user="literan" visible="true" version="3" changeset="182815711" lat="55.7627381" lon="37.5793905"/>
  <node id="4123982340" timestamp="2016-04-15T15:35:19Z" uid="260756" user="Felis Pimeja" visible="true" version="1" changeset="38592147" lat="55.7626822" lon="37.5817553"/>
  <node id="4123982341" timestamp="2016-04-15T15:35:19Z" uid="260756" user="Felis Pimeja" visible="true" version="1" changeset="38592147" lat="55.7626827" lon="37.5831905"/>
  <node id="4123982343" timestamp="2016-04-15T15:35:19Z" uid="260756" user="Felis Pimeja" visible="true" version="1" changeset="38592147" lat="55.7626896" lon="37.582979"/>
  <node id="4123982344" timestamp="2016-04-15T15:35:19Z" uid="260756" user="Felis Pimeja" visible="true" version="1" changeset="38592147" lat="55.7626939" lon="37.582171"/>
  <node id="4123982345" timestamp="2016-04-15T15:35:19Z" uid="260756" user="Felis Pimeja" visible="true" version="1" changeset="38592147" lat="55.7626997" lon="37.5837395"/>
  <node id="4123982347" timestamp="2016-04-15T15:35:19Z" uid="260756" user="Felis Pimeja" visible="true" version="1" changeset="38592147" lat="55.7627062" lon="37.5834742"/>
  <node id="4123982348" timestamp="2016-04-15T15:35:19Z" uid="260756" user="Felis Pimeja" visible="true" version="1" changeset="38592147" lat="55.7627089" lon="37.5832257"/>
  <node id="4123982349" timestamp="2016-04-15T15:35:19Z" uid="260756" user="Felis Pimeja" visible="true" version="1" changeset="38592147" lat="55.7627139" lon="37.5834428"/>
  <node id="4123982350" timestamp="2016-04-15T15:35:19Z" uid="260756" user="Felis Pimeja" visible="true" version="1" changeset="38592147" lat="55.7627171" lon="37.583989"/>
  <node id="4123982351" timestamp="2016-04-15T15:35:19Z" uid="260756" user="Felis Pimeja" visible="true" version="1" changeset="38592147" lat="55.762718" lon="37.5829494"/>
  <node id="4123982352" timestamp="2016-04-15T15:35:19Z" uid="260756" user="Felis Pimeja" visible="true" version="1" changeset="38592147" lat="55.7627321" lon="37.5837243"/>
  <node id="4123982353" timestamp="2016-04-15T15:35:19Z" uid="260756" user="Felis Pimeja" visible="true" version="1" changeset="38592147" lat="55.7627407" lon="37.5832405"/>
  <node id="4123982354" timestamp="2016-04-15T15:35:19Z" uid="260756" user="Felis Pimeja" visible="true" version="1" changeset="38592147" lat="55.7627466" lon="37.5841334"/>
  <node id="4123982355" timestamp="2016-04-15T15:35:19Z" uid="260756" user="Felis Pimeja" visible="true" version="1" changeset="38592147" lat="55.7627505" lon="37.5829414"/>
  <node id="4123982356" timestamp="2016-04-15T15:35:19Z" uid="260756" user="Felis Pimeja" visible="true" version="1" changeset="38592147" lat="55.7627511" lon="37.584015"/>
  <node id="4123982357" timestamp="2016-04-15T15:35:19Z" uid="260756" user="Felis Pimeja" visible="true" version="1" changeset="38592147" lat="55.7627515" lon="37.5837394"/>
  <node id="4123982358" timestamp="2016-04-15T15:35:19Z" uid="260756" user="Felis Pimeja" visible="true" version="1" changeset="38592147" lat="55.7627608" lon="37.5837454"/>
  <node id="4123982360" timestamp="2016-04-15T15:35:19Z" uid="260756" user="Felis Pimeja" visible="true" version="1" changeset="38592147" lat="55.7627637" lon="37.5835683"/>
  <node id="4123982361" timestamp="2016-04-15T15:35:19Z" uid="260756" user="Felis Pimeja" visible="true" version="1" changeset="38592147" lat="55.7627699" lon="37.5784844"/>
  <node id="4123982362" timestamp="2016-04-15T15:35:19Z" uid="260756" user="Felis Pimeja" visible="true" version="1" changeset="38592147" lat="55.7627708" lon="37.5837455"/>
  <node id="4123982363" timestamp="2016-04-15T15:35:19Z" uid="260756" user="Felis Pimeja" visible="true" version="1" changeset="38592147" lat="55.762772" lon="37.5813335"/>
  <node id="4123982364" timestamp="2016-04-15T15:35:19Z" uid="260756" user="Felis Pimeja" visible="true" version="1" changeset="38592147" lat="55.7627722" lon="37.5837782"/>
  <node id="4123982365" timestamp="2016-04-15T15:35:19Z" uid="260756" user="Felis Pimeja" visible="true" version="1" changeset="38592147" lat="55.7627733" lon="37.5832324"/>
  <node id="4123982366" timestamp="2016-04-15T15:35:19Z" uid="260756" user="Felis Pimeja" visible="true" version="1" changeset="38592147" lat="55.7627793" lon="37.5837373"/>
  <node id="4123982367" timestamp="2016-04-15T15:35:19Z" uid="260756" user="Felis Pimeja" visible="true" version="1" changeset="38592147" lat="55.7627816" lon="37.5834952"/>
  <node id="4123982368" timestamp="2016-04-15T15:35:19Z" uid="260756" user="Felis Pimeja" visible="true" version="1" changeset="38592147" lat="55.762782" lon="37.5835824"/>
  <node id="4123982369" timestamp="2016-04-15T15:35:19Z" uid="260756" user="Felis Pimeja" visible="true" version="1" changeset="38592147" lat="55.7627824" lon="37.5829561"/>
  <node id="4123982370" timestamp="2016-04-15T15:35:19Z" uid="260756" user="Felis Pimeja" visible="true" version="1" changeset="38592147" lat="55.7627856" lon="37.5837228"/>
  <node id="4123982371" timestamp="2016-04-15T15:35:19Z" uid="260756" user="Felis Pimeja" visible="true" version="1" changeset="38592147" lat="55.7627881" lon="37.5839841"/>
  <node id="4123982372" timestamp="2016-04-15T15:35:20Z" uid="260756" user="Felis Pimeja" visible="true" version="1" changeset="38592147" lat="55.7627886" lon="37.5835553"/>
  <node id="4123982373" timestamp="2016-04-15T15:35:20Z" uid="260756" user="Felis Pimeja" visible="true" version="1" changeset="38592147" lat="55.7627943" lon="37.5833008"/>
  <node id="4123982374" timestamp="2016-04-15T15:35:20Z" uid="260756" user="Felis Pimeja" visible="true" version="1" changeset="38592147" lat="55.7627956" lon="37.5841084"/>
  <node id="4123982376" timestamp="2016-04-15T15:35:20Z" uid="260756" user="Felis Pimeja" visible="true" version="1" changeset="38592147" lat="55.7627969" lon="37.5820143"/>
  <node id="4123982377" timestamp="2016-04-15T15:35:20Z" uid="260756" user="Felis Pimeja" visible="true" version="1" changeset="38592147" lat="55.7627977" lon="37.5814327"/>
  <node id="4123982379" timestamp="2016-04-15T15:35:20Z" uid="260756" user="Felis Pimeja" visible="true" version="1" changeset="38592147" lat="55.7628017" lon="37.5832028"/>
  <node id="4123982380" timestamp="2016-04-15T15:35:20Z" uid="260756" user="Felis Pimeja" visible="true" version="1" changeset="38592147" lat="55.7628064" lon="37.5828676"/>
  <node id="4123982381" timestamp="2016-04-15T15:35:20Z" uid="260756" user="Felis Pimeja" visible="true" version="1" changeset="38592147" lat="55.7628077" lon="37.5839097"/>
  <node id="4123982382" timestamp="2016-04-15T15:35:20Z" uid="260756" user="Felis Pimeja" visible="true" version="1" changeset="38592147" lat="55.7628086" lon="37.5829914"/>
  <node id="4123982384" timestamp="2016-04-15T15:35:20Z" uid="260756" user="Felis Pimeja" visible="true" version="1" changeset="38592147" lat="55.7628184" lon="37.5833142"/>
  <node id="4123982385" timestamp="2016-04-15T15:35:20Z" uid="260756" user="Felis Pimeja" visible="true" version="1" changeset="38592147" lat="55.7628206" lon="37.5835801"/>
  <node id="4123982386" timestamp="2016-04-15T15:35:20Z" uid="260756" user="Felis Pimeja" visible="true" version="1" changeset="38592147" lat="55.7628215" lon="37.5831562"/>
  <node id="4123982388" timestamp="2016-04-15T15:35:20Z" uid="260756" user="Felis Pimeja" visible="true" version="1" changeset="38592147" lat="55.7628252" lon="37.5830418"/>
  <node id="4123982492" timestamp="2016-04-15T15:35:20Z" uid="260756" user="Felis Pimeja" visible="true" version="1" changeset="38592147" lat="55.7628298" lon="37.5830996"/>
  <node id="4123982493" timestamp="2016-04-15T15:35:20Z" uid="260756" user="Felis Pimeja" visible="true" version="1" changeset="38592147" lat="55.7628307" lon="37.583947"/>
  <node id="4123982495" timestamp="2016-04-15T15:35:20Z" uid="260756" user="Felis Pimeja" visible="true" version="1" changeset="38592147" lat="55.7628342" lon="37.584049"/>
  <node id="4123982498" timestamp="2016-04-15T15:35:20Z" uid="260756" user="Felis Pimeja" visible="true" version="1" changeset="38592147" lat="55.7628399" lon="37.5815829"/>
  <node id="4123982499" timestamp="2016-04-15T15:35:20Z" uid="260756" user="Felis Pimeja" visible="true" version="1" changeset="38592147" lat="55.762846" lon="37.5845347"/>
  <node id="4123982500" timestamp="2016-04-15T15:35:20Z" uid="260756" user="Felis Pimeja" visible="true" version="1" changeset="38592147" lat="55.7628494" lon="37.5829132"/>
  <node id="4123982501" timestamp="2016-04-15T15:35:20Z" uid="260756" user="Felis Pimeja" visible="true" version="1" changeset="38592147" lat="55.7628494" lon="37.5830017"/>
  <node id="4123982506" timestamp="2016-04-15T15:35:20Z" uid="260756" user="Felis Pimeja" visible="true" version="1" changeset="38592147" lat="55.7628529" lon="37.5838475"/>
  <node id="4123982508" timestamp="2016-04-15T15:35:20Z" uid="260756" user="Felis Pimeja" visible="true" version="1" changeset="38592147" lat="55.7628546" lon="37.5839812"/>
  <node id="4123982509" timestamp="2016-04-15T15:35:20Z" uid="260756" user="Felis Pimeja" visible="true" version="1" changeset="38592147" lat="55.7628552" lon="37.5793363"/>
  <node id="4123982512" timestamp="2016-04-15T15:35:20Z" uid="260756" user="Felis Pimeja" visible="true" version="1" changeset="38592147" lat="55.7628611" lon="37.5814971"/>
  <node id="4123982513" timestamp="2016-04-15T15:35:20Z" uid="260756" user="Felis Pimeja" visible="true" version="1" changeset="38592147" lat="55.7628611" lon="37.5815695"/>
  <node id="4123982514" timestamp="2016-04-15T15:35:20Z" uid="260756" user="Felis Pimeja" visible="true" version="1" changeset="38592147" lat="55.7628614" lon="37.5840646"/>
  <node id="4123982515" timestamp="2016-04-15T15:35:20Z" uid="260756" user="Felis Pimeja" visible="true" version="1" changeset="38592147" lat="55.7628615" lon="37.5830433"/>
  <node id="4123982516" timestamp="2016-04-15T15:35:20Z" uid="260756" user="Felis Pimeja" visible="true" version="1" changeset="38592147" lat="55.7628622" lon="37.5836915"/>
  <node id="4123982517" timestamp="2016-04-15T15:35:20Z" uid="260756" user="Felis Pimeja" visible="true" version="1" changeset="38592147" lat="55.7628622" lon="37.5839141"/>
  <node id="4123982519" timestamp="2016-04-15T15:35:20Z" uid="260756" user="Felis Pimeja" visible="true" version="1" changeset="38592147" lat="55.762863" lon="37.5829669"/>
  <node id="4123982520" timestamp="2016-04-15T15:35:20Z" uid="260756" user="Felis Pimeja" visible="true" version="1" changeset="38592147" lat="55.762863" lon="37.5832646"/>
  <node id="4123982522" timestamp="2016-04-15T15:35:20Z" uid="260756" user="Felis Pimeja" visible="true" version="1" changeset="38592147" lat="55.7628653" lon="37.5793752"/>
  <node id="4123982523" timestamp="2016-04-15T15:35:20Z" uid="260756" user="Felis Pimeja" visible="true" version="1" changeset="38592147" lat="55.7628658" lon="37.5784044"/>
  <node id="4123982524" action="modify" timestamp="2016-04-15T15:35:20Z" uid="260756" user="Felis Pimeja" visible="true" version="1" changeset="38592147" lat="55.76290161269" lon="37.57849296299"/>
  <node id="4123982526" timestamp="2016-04-15T15:35:20Z" uid="260756" user="Felis Pimeja" visible="true" version="1" changeset="38592147" lat="55.762866" lon="37.583611"/>
  <node id="4123982527" timestamp="2016-04-15T15:35:20Z" uid="260756" user="Felis Pimeja" visible="true" version="1" changeset="38592147" lat="55.7628697" lon="37.5837438"/>
  <node id="4123982530" timestamp="2016-04-15T15:35:20Z" uid="260756" user="Felis Pimeja" visible="true" version="1" changeset="38592147" lat="55.7628741" lon="37.5844693"/>
  <node id="4123982532" timestamp="2016-04-15T15:35:20Z" uid="260756" user="Felis Pimeja" visible="true" version="1" changeset="38592147" lat="55.7628758" lon="37.583211"/>
  <node id="4123982533" timestamp="2016-04-15T15:35:20Z" uid="260756" user="Felis Pimeja" visible="true" version="1" changeset="38592147" lat="55.7628765" lon="37.5840241"/>
  <node id="4123982536" timestamp="2016-04-15T15:35:20Z" uid="260756" user="Felis Pimeja" visible="true" version="1" changeset="38592147" lat="55.7628773" lon="37.5831761"/>
  <node id="4123982537" timestamp="2016-04-15T15:35:20Z" uid="260756" user="Felis Pimeja" visible="true" version="1" changeset="38592147" lat="55.7628783" lon="37.5793386"/>
  <node id="4123982538" timestamp="2016-04-15T15:35:20Z" uid="260756" user="Felis Pimeja" visible="true" version="1" changeset="38592147" lat="55.7628788" lon="37.5821127"/>
  <node id="4123982539" timestamp="2016-04-15T15:35:20Z" uid="260756" user="Felis Pimeja" visible="true" version="1" changeset="38592147" lat="55.7628826" lon="37.5835466"/>
  <node id="4123982542" timestamp="2016-04-15T15:35:20Z" uid="260756" user="Felis Pimeja" visible="true" version="1" changeset="38592147" lat="55.7628848" lon="37.583152"/>
  <node id="4123982544" timestamp="2016-04-15T15:35:21Z" uid="260756" user="Felis Pimeja" visible="true" version="1" changeset="38592147" lat="55.7628854" lon="37.5783628"/>
  <node id="4123982545" timestamp="2016-04-15T15:35:21Z" uid="260756" user="Felis Pimeja" visible="true" version="1" changeset="38592147" lat="55.7628863" lon="37.5837679"/>
  <node id="4123982547" timestamp="2016-04-15T15:35:21Z" uid="260756" user="Felis Pimeja" visible="true" version="1" changeset="38592147" lat="55.7628901" lon="37.5838658"/>
  <node id="4123982548" timestamp="2016-04-15T15:35:21Z" uid="260756" user="Felis Pimeja" visible="true" version="1" changeset="38592147" lat="55.7628939" lon="37.5830259"/>
  <node id="4123982550" action="modify" timestamp="2016-04-15T15:35:21Z" uid="260756" user="Felis Pimeja" visible="true" version="1" changeset="38592147" lat="55.76292719295" lon="37.57855068031"/>
  <node id="4123982551" timestamp="2016-04-15T15:35:21Z" uid="260756" user="Felis Pimeja" visible="true" version="1" changeset="38592147" lat="55.7628995" lon="37.5844757"/>
  <node id="4123982557" timestamp="2016-04-15T15:35:21Z" uid="260756" user="Felis Pimeja" visible="true" version="1" changeset="38592147" lat="55.7629052" lon="37.5840107"/>
  <node id="4123982560" timestamp="2016-04-15T15:35:21Z" uid="260756" user="Felis Pimeja" visible="true" version="1" changeset="38592147" lat="55.7629097" lon="37.5837532"/>
  <node id="4123982561" timestamp="2016-04-15T15:35:21Z" uid="260756" user="Felis Pimeja" visible="true" version="1" changeset="38592147" lat="55.7629099" lon="37.5844898"/>
  <node id="4123982563" timestamp="2016-04-15T15:35:21Z" uid="260756" user="Felis Pimeja" visible="true" version="1" changeset="38592147" lat="55.7629127" lon="37.5835346"/>
  <node id="4123982564" timestamp="2016-04-15T15:35:21Z" uid="260756" user="Felis Pimeja" visible="true" version="1" changeset="38592147" lat="55.7629135" lon="37.5831332"/>
  <node id="4123982567" timestamp="2016-04-15T15:35:21Z" uid="260756" user="Felis Pimeja" visible="true" version="1" changeset="38592147" lat="55.7629144" lon="37.5838075"/>
  <node id="4123982571" timestamp="2016-04-15T15:35:21Z" uid="260756" user="Felis Pimeja" visible="true" version="1" changeset="38592147" lat="55.7629176" lon="37.5845109"/>
  <node id="4123982573" timestamp="2016-04-15T15:35:21Z" uid="260756" user="Felis Pimeja" visible="true" version="1" changeset="38592147" lat="55.7629197" lon="37.5845629"/>
  <node id="4123982574" timestamp="2016-04-15T15:35:21Z" uid="260756" user="Felis Pimeja" visible="true" version="1" changeset="38592147" lat="55.7629203" lon="37.5838752"/>
  <node id="4123982577" timestamp="2016-04-15T15:35:21Z" uid="260756" user="Felis Pimeja" visible="true" version="1" changeset="38592147" lat="55.762921" lon="37.5831792"/>
  <node id="4123982580" timestamp="2016-04-15T15:35:21Z" uid="260756" user="Felis Pimeja" visible="true" version="1" changeset="38592147" lat="55.7629222" lon="37.5846128"/>
  <node id="4123982584" timestamp="2016-04-15T15:35:21Z" uid="260756" user="Felis Pimeja" visible="true" version="1" changeset="38592147" lat="55.7629256" lon="37.5839825"/>
  <node id="4123982586" timestamp="2025-11-23T11:41:08Z" uid="830106" user="literan" visible="true" version="3" changeset="175022075" lat="55.7630071" lon="37.5778304"/>
  <node id="4123982587" timestamp="2016-04-15T15:35:21Z" uid="260756" user="Felis Pimeja" visible="true" version="1" changeset="38592147" lat="55.7629282" lon="37.5846353"/>
  <node id="4123982588" timestamp="2016-04-15T15:35:21Z" uid="260756" user="Felis Pimeja" visible="true" version="1" changeset="38592147" lat="55.7629293" lon="37.5832583"/>
  <node id="4123982689" timestamp="2016-04-15T15:35:21Z" uid="260756" user="Felis Pimeja" visible="true" version="1" changeset="38592147" lat="55.7629301" lon="37.5837129"/>
  <node id="4123982691" timestamp="2016-04-15T15:35:21Z" uid="260756" user="Felis Pimeja" visible="true" version="1" changeset="38592147" lat="55.7629322" lon="37.5784379"/>
  <node id="4123982693" timestamp="2025-11-23T11:41:08Z" uid="830106" user="literan" visible="true" version="3" changeset="175022075" lat="55.762947" lon="37.5779187"/>
  <node id="4123982695" timestamp="2016-04-15T15:35:21Z" uid="260756" user="Felis Pimeja" visible="true" version="1" changeset="38592147" lat="55.7629354" lon="37.5830893"/>
  <node id="4123982696" timestamp="2016-04-15T15:35:21Z" uid="260756" user="Felis Pimeja" visible="true" version="1" changeset="38592147" lat="55.7629354" lon="37.5839208"/>
  <node id="4123982699" timestamp="2016-04-15T15:35:21Z" uid="260756" user="Felis Pimeja" visible="true" version="1" changeset="38592147" lat="55.7629369" lon="37.5835721"/>
  <node id="4123982700" timestamp="2016-04-15T15:35:21Z" uid="260756" user="Felis Pimeja" visible="true" version="1" changeset="38592147" lat="55.7629375" lon="37.5793047"/>
  <node id="4123982701" timestamp="2016-04-15T15:35:21Z" uid="260756" user="Felis Pimeja" visible="true" version="1" changeset="38592147" lat="55.7629429" lon="37.5836284"/>
  <node id="4123982703" timestamp="2016-04-15T15:35:21Z" uid="260756" user="Felis Pimeja" visible="true" version="1" changeset="38592147" lat="55.7629439" lon="37.5840704"/>
  <node id="4123982704" timestamp="2016-04-15T15:35:22Z" uid="260756" user="Felis Pimeja" visible="true" version="1" changeset="38592147" lat="55.7629459" lon="37.5842303"/>
  <node id="4123982705" timestamp="2016-04-15T15:35:22Z" uid="260756" user="Felis Pimeja" visible="true" version="1" changeset="38592147" lat="55.7629471" lon="37.5813248"/>
  <node id="4123982706" action="modify" timestamp="2016-04-15T15:35:22Z" uid="260756" user="Felis Pimeja" visible="true" version="1" changeset="38592147" lat="55.76296632532" lon="37.57863832755"/>
  <node id="4123982707" timestamp="2016-04-15T15:35:22Z" uid="260756" user="Felis Pimeja" visible="true" version="1" changeset="38592147" lat="55.762949" lon="37.5832811"/>
  <node id="4123982708" timestamp="2016-04-15T15:35:22Z" uid="260756" user="Felis Pimeja" visible="true" version="1" changeset="38592147" lat="55.7629508" lon="37.5813905"/>
  <node id="4123982710" timestamp="2016-04-15T15:35:22Z" uid="260756" user="Felis Pimeja" visible="true" version="1" changeset="38592147" lat="55.7629531" lon="37.5813462"/>
  <node id="4123982713" timestamp="2016-04-15T15:35:22Z" uid="260756" user="Felis Pimeja" visible="true" version="1" changeset="38592147" lat="55.7629595" lon="37.5814287"/>
  <node id="4123982714" timestamp="2016-04-15T15:35:22Z" uid="260756" user="Felis Pimeja" visible="true" version="1" changeset="38592147" lat="55.7629604" lon="37.5839268"/>
  <node id="4123982718" timestamp="2016-04-15T15:35:22Z" uid="260756" user="Felis Pimeja" visible="true" version="1" changeset="38592147" lat="55.7629659" lon="37.5814944"/>
  <node id="4123982719" timestamp="2016-04-15T15:35:22Z" uid="260756" user="Felis Pimeja" visible="true" version="1" changeset="38592147" lat="55.7629701" lon="37.5841438"/>
  <node id="4123982720" timestamp="2016-04-15T15:35:22Z" uid="260756" user="Felis Pimeja" visible="true" version="1" changeset="38592147" lat="55.7629708" lon="37.5840646"/>
  <node id="4123982721" timestamp="2016-04-15T15:35:22Z" uid="260756" user="Felis Pimeja" visible="true" version="1" changeset="38592147" lat="55.7629729" lon="37.5838162"/>
  <node id="4123982722" timestamp="2016-04-15T15:35:22Z" uid="260756" user="Felis Pimeja" visible="true" version="1" changeset="38592147" lat="55.7629754" lon="37.5839775"/>
  <node id="4123982724" timestamp="2016-04-15T15:35:22Z" uid="260756" user="Felis Pimeja" visible="true" version="1" changeset="38592147" lat="55.7629795" lon="37.5841947"/>
  <node id="4123982725" timestamp="2016-04-15T15:35:22Z" uid="260756" user="Felis Pimeja" visible="true" version="1" changeset="38592147" lat="55.7629806" lon="37.5839345"/>
  <node id="4123982726" timestamp="2016-04-15T15:35:22Z" uid="260756" user="Felis Pimeja" visible="true" version="1" changeset="38592147" lat="55.7629829" lon="37.5847151"/>
  <node id="4123982727" timestamp="2016-04-15T15:35:22Z" uid="260756" user="Felis Pimeja" visible="true" version="1" changeset="38592147" lat="55.7629874" lon="37.5832529"/>
  <node id="4123982728" timestamp="2025-11-23T11:41:08Z" uid="830106" user="literan" visible="true" version="3" changeset="175022075" lat="55.7630384" lon="37.5778978"/>
  <node id="4123982729" timestamp="2016-04-15T15:35:22Z" uid="260756" user="Felis Pimeja" visible="true" version="1" changeset="38592147" lat="55.7629882" lon="37.5839225"/>
  <node id="4123982730" timestamp="2016-04-15T15:35:22Z" uid="260756" user="Felis Pimeja" visible="true" version="1" changeset="38592147" lat="55.7629916" lon="37.5842055"/>
  <node id="4123982731" timestamp="2016-04-15T15:35:22Z" uid="260756" user="Felis Pimeja" visible="true" version="1" changeset="38592147" lat="55.7629944" lon="37.5793409"/>
  <node id="4123982732" timestamp="2025-11-23T11:41:08Z" uid="830106" user="literan" visible="true" version="3" changeset="175022075" lat="55.7629783" lon="37.5779861"/>
  <node id="4123982734" timestamp="2016-04-15T15:35:22Z" uid="260756" user="Felis Pimeja" visible="true" version="1" changeset="38592147" lat="55.7629963" lon="37.5847261"/>
  <node id="4123982735" timestamp="2016-04-15T15:35:22Z" uid="260756" user="Felis Pimeja" visible="true" version="1" changeset="38592147" lat="55.7629971" lon="37.5784903"/>
  <node id="4123982736" timestamp="2016-04-15T15:35:22Z" uid="260756" user="Felis Pimeja" visible="true" version="1" changeset="38592147" lat="55.7629976" lon="37.5839399"/>
  <node id="4123982738" timestamp="2016-04-15T15:35:22Z" uid="260756" user="Felis Pimeja" visible="true" version="1" changeset="38592147" lat="55.762998" lon="37.5842765"/>
  <node id="4123982741" timestamp="2016-04-15T15:35:23Z" uid="260756" user="Felis Pimeja" visible="true" version="1" changeset="38592147" lat="55.7630025" lon="37.5839795"/>
  <node id="4123982742" timestamp="2016-04-15T15:35:23Z" uid="260756" user="Felis Pimeja" visible="true" version="1" changeset="38592147" lat="55.7630029" lon="37.5841867"/>
  <node id="4123982743" timestamp="2016-04-15T15:35:23Z" uid="260756" user="Felis Pimeja" visible="true" version="1" changeset="38592147" lat="55.7630032" lon="37.5792643"/>
  <node id="4123982744" timestamp="2016-04-15T15:35:23Z" uid="260756" user="Felis Pimeja" visible="true" version="1" changeset="38592147" lat="55.7630042" lon="37.5838216"/>
  <node id="4123982745" timestamp="2016-04-15T15:35:23Z" uid="260756" user="Felis Pimeja" visible="true" version="1" changeset="38592147" lat="55.7630063" lon="37.5833471"/>
  <node id="4123982746" timestamp="2016-04-15T15:35:23Z" uid="260756" user="Felis Pimeja" visible="true" version="1" changeset="38592147" lat="55.7630067" lon="37.584068"/>
  <node id="4123982747" timestamp="2016-04-15T15:35:23Z" uid="260756" user="Felis Pimeja" visible="true" version="1" changeset="38592147" lat="55.7630082" lon="37.5841464"/>
  <node id="4123982748" timestamp="2016-04-15T15:35:23Z" uid="260756" user="Felis Pimeja" visible="true" version="1" changeset="38592147" lat="55.7630116" lon="37.5819229"/>
  <node id="4123982749" action="modify" timestamp="2016-04-15T15:35:23Z" uid="260756" user="Felis Pimeja" visible="true" version="1" changeset="38592147" lat="55.76299990849" lon="37.57870990076"/>
  <node id="4123982750" timestamp="2016-04-15T15:35:23Z" uid="260756" user="Felis Pimeja" visible="true" version="1" changeset="38592147" lat="55.7630138" lon="37.5828788"/>
  <node id="4123982751" timestamp="2016-04-15T15:35:23Z" uid="260756" user="Felis Pimeja" visible="true" version="1" changeset="38592147" lat="55.7630154" lon="37.5831819"/>
  <node id="4123982752" timestamp="2016-04-15T15:35:23Z" uid="260756" user="Felis Pimeja" visible="true" version="1" changeset="38592147" lat="55.7630176" lon="37.5821723"/>
  <node id="4123982753" timestamp="2016-04-15T15:35:23Z" uid="260756" user="Felis Pimeja" visible="true" version="1" changeset="38592147" lat="55.7630199" lon="37.5843992"/>
  <node id="4123982754" timestamp="2016-04-15T15:35:23Z" uid="260756" user="Felis Pimeja" visible="true" version="1" changeset="38592147" lat="55.7630221" lon="37.5840687"/>
  <node id="4123982755" timestamp="2016-04-15T15:35:23Z" uid="260756" user="Felis Pimeja" visible="true" version="1" changeset="38592147" lat="55.7630233" lon="37.5841495"/>
  <node id="4123982756" timestamp="2016-04-15T15:35:23Z" uid="260756" user="Felis Pimeja" visible="true" version="1" changeset="38592147" lat="55.7630233" lon="37.5842383"/>
  <node id="4123982758" timestamp="2016-04-15T15:35:23Z" uid="260756" user="Felis Pimeja" visible="true" version="1" changeset="38592147" lat="55.7630369" lon="37.5840231"/>
  <node id="4123982759" timestamp="2016-04-15T15:35:23Z" uid="260756" user="Felis Pimeja" visible="true" version="1" changeset="38592147" lat="55.763038" lon="37.5840666"/>
  <node id="4123982761" timestamp="2016-04-15T15:35:23Z" uid="260756" user="Felis Pimeja" visible="true" version="1" changeset="38592147" lat="55.7630384" lon="37.5841471"/>
  <node id="4123982762" timestamp="2016-04-15T15:35:23Z" uid="260756" user="Felis Pimeja" visible="true" version="1" changeset="38592147" lat="55.7630399" lon="37.5842329"/>
  <node id="4123982763" timestamp="2016-04-15T15:35:23Z" uid="260756" user="Felis Pimeja" visible="true" version="1" changeset="38592147" lat="55.7630403" lon="37.5828493"/>
  <node id="4123982766" timestamp="2016-04-15T15:35:23Z" uid="260756" user="Felis Pimeja" visible="true" version="1" changeset="38592147" lat="55.7630457" lon="37.5839701"/>
  <node id="4123982767" timestamp="2016-04-15T15:35:23Z" uid="260756" user="Felis Pimeja" visible="true" version="1" changeset="38592147" lat="55.7630476" lon="37.5840142"/>
  <node id="4123982769" action="modify" timestamp="2016-04-15T15:35:23Z" uid="260756" user="Felis Pimeja" visible="true" version="1" changeset="38592147" lat="55.76317704699" lon="37.58382010721"/>
  <node id="4123982771" timestamp="2016-04-15T15:35:23Z" uid="260756" user="Felis Pimeja" visible="true" version="1" changeset="38592147" lat="55.7630535" lon="37.5843657"/>
  <node id="4123982773" timestamp="2016-04-15T15:35:23Z" uid="260756" user="Felis Pimeja" visible="true" version="1" changeset="38592147" lat="55.7630567" lon="37.5837675"/>
  <node id="4123982776" timestamp="2016-04-15T15:35:23Z" uid="260756" user="Felis Pimeja" visible="true" version="1" changeset="38592147" lat="55.7630606" lon="37.5828493"/>
  <node id="4123982777" timestamp="2016-04-15T15:35:23Z" uid="260756" user="Felis Pimeja" visible="true" version="1" changeset="38592147" lat="55.7630625" lon="37.5823212"/>
  <node id="4123982779" timestamp="2016-04-15T15:35:23Z" uid="260756" user="Felis Pimeja" visible="true" version="1" changeset="38592147" lat="55.763065" lon="37.5784943"/>
  <node id="4123982781" timestamp="2016-04-15T15:35:23Z" uid="260756" user="Felis Pimeja" visible="true" version="1" changeset="38592147" lat="55.7630735" lon="37.5830008"/>
  <node id="4123982782" action="modify" timestamp="2016-04-15T15:35:23Z" uid="260756" user="Felis Pimeja" visible="true" version="1" changeset="38592147" lat="55.76308238165" lon="37.57862458661"/>
  <node id="4123982783" timestamp="2016-04-15T15:35:23Z" uid="260756" user="Felis Pimeja" visible="true" version="1" changeset="38592147" lat="55.7630742" lon="37.5822203"/>
  <node id="4123982784" timestamp="2016-04-15T15:35:23Z" uid="260756" user="Felis Pimeja" visible="true" version="1" changeset="38592147" lat="55.7630757" lon="37.5828801"/>
  <node id="4123982786" timestamp="2016-04-15T15:35:23Z" uid="260756" user="Felis Pimeja" visible="true" version="1" changeset="38592147" lat="55.7630812" lon="37.583738"/>
  <node id="4123982787" timestamp="2016-04-15T15:35:23Z" uid="260756" user="Felis Pimeja" visible="true" version="1" changeset="38592147" lat="55.7630818" lon="37.5829284"/>
  <node id="4123982788" timestamp="2016-04-15T15:35:23Z" uid="260756" user="Felis Pimeja" visible="true" version="1" changeset="38592147" lat="55.7630857" lon="37.5847214"/>
  <node id="4123982889" timestamp="2016-04-15T15:35:23Z" uid="260756" user="Felis Pimeja" visible="true" version="1" changeset="38592147" lat="55.7630859" lon="37.5845072"/>
  <node id="4123982891" timestamp="2016-04-15T15:35:23Z" uid="260756" user="Felis Pimeja" visible="true" version="1" changeset="38592147" lat="55.7630934" lon="37.5830541"/>
  <node id="4123982895" timestamp="2016-04-15T15:35:23Z" uid="260756" user="Felis Pimeja" visible="true" version="1" changeset="38592147" lat="55.7630969" lon="37.5837467"/>
  <node id="4123982896" timestamp="2016-04-15T15:35:23Z" uid="260756" user="Felis Pimeja" visible="true" version="1" changeset="38592147" lat="55.7630976" lon="37.5821076"/>
  <node id="4123982897" timestamp="2016-04-15T15:35:23Z" uid="260756" user="Felis Pimeja" visible="true" version="1" changeset="38592147" lat="55.7631014" lon="37.5825541"/>
  <node id="4123982898" timestamp="2016-04-15T15:35:23Z" uid="260756" user="Felis Pimeja" visible="true" version="1" changeset="38592147" lat="55.7631016" lon="37.5835739"/>
  <node id="4123982903" timestamp="2016-04-15T15:35:24Z" uid="260756" user="Felis Pimeja" visible="true" version="1" changeset="38592147" lat="55.7631221" lon="37.582631"/>
  <node id="4123982905" timestamp="2016-04-15T15:35:24Z" uid="260756" user="Felis Pimeja" visible="true" version="1" changeset="38592147" lat="55.763124" lon="37.5829354"/>
  <node id="4123982906" timestamp="2016-04-15T15:35:24Z" uid="260756" user="Felis Pimeja" visible="true" version="1" changeset="38592147" lat="55.763124" lon="37.5836736"/>
  <node id="4123982908" timestamp="2016-04-15T15:35:24Z" uid="260756" user="Felis Pimeja" visible="true" version="1" changeset="38592147" lat="55.7631276" lon="37.5784675"/>
  <node id="4123982909" timestamp="2016-04-15T15:35:24Z" uid="260756" user="Felis Pimeja" visible="true" version="1" changeset="38592147" lat="55.7631278" lon="37.5839929"/>
  <node id="4123982911" timestamp="2016-04-15T15:35:24Z" uid="260756" user="Felis Pimeja" visible="true" version="1" changeset="38592147" lat="55.7631341" lon="37.5828276"/>
  <node id="4123982914" timestamp="2016-04-15T15:35:24Z" uid="260756" user="Felis Pimeja" visible="true" version="1" changeset="38592147" lat="55.7631489" lon="37.5818984"/>
  <node id="4123982915" timestamp="2016-04-15T15:35:24Z" uid="260756" user="Felis Pimeja" visible="true" version="1" changeset="38592147" lat="55.7631549" lon="37.5841163"/>
  <node id="4123982916" timestamp="2016-04-15T15:35:24Z" uid="260756" user="Felis Pimeja" visible="true" version="1" changeset="38592147" lat="55.7631572" lon="37.5840251"/>
  <node id="4123982919" timestamp="2016-04-15T15:35:24Z" uid="260756" user="Felis Pimeja" visible="true" version="1" changeset="38592147" lat="55.7631738" lon="37.5830299"/>
  <node id="4123982922" timestamp="2016-04-15T15:35:24Z" uid="260756" user="Felis Pimeja" visible="true" version="1" changeset="38592147" lat="55.7631781" lon="37.5784004"/>
  <node id="4123982930" timestamp="2016-04-15T15:35:24Z" uid="260756" user="Felis Pimeja" visible="true" version="1" changeset="38592147" lat="55.7631938" lon="37.582925"/>
  <node id="4123982932" timestamp="2016-04-15T15:35:24Z" uid="260756" user="Felis Pimeja" visible="true" version="1" changeset="38592147" lat="55.7631987" lon="37.5841525"/>
  <node id="4123982933" timestamp="2016-04-15T15:35:24Z" uid="260756" user="Felis Pimeja" visible="true" version="1" changeset="38592147" lat="55.7631995" lon="37.5842383"/>
  <node id="4123982935" timestamp="2016-04-15T15:35:24Z" uid="260756" user="Felis Pimeja" visible="true" version="1" changeset="38592147" lat="55.763203" lon="37.5780463"/>
  <node id="4123982936" timestamp="2016-04-15T15:35:24Z" uid="260756" user="Felis Pimeja" visible="true" version="1" changeset="38592147" lat="55.7632074" lon="37.5846876"/>
  <node id="4123982937" timestamp="2016-04-15T15:35:24Z" uid="260756" user="Felis Pimeja" visible="true" version="1" changeset="38592147" lat="55.7632121" lon="37.5783199"/>
  <node id="4123982939" timestamp="2016-04-15T15:35:24Z" uid="260756" user="Felis Pimeja" visible="true" version="1" changeset="38592147" lat="55.7632259" lon="37.5843241"/>
  <node id="4123982940" timestamp="2016-04-15T15:35:24Z" uid="260756" user="Felis Pimeja" visible="true" version="1" changeset="38592147" lat="55.7632272" lon="37.5781375"/>
  <node id="4123982941" timestamp="2016-04-15T15:35:24Z" uid="260756" user="Felis Pimeja" visible="true" version="1" changeset="38592147" lat="55.7632302" lon="37.5782328"/>
  <node id="4123982946" timestamp="2016-04-15T15:35:24Z" uid="260756" user="Felis Pimeja" visible="true" version="1" changeset="38592147" lat="55.7632742" lon="37.5847969"/>
  <node id="4123982947" timestamp="2016-04-15T15:35:24Z" uid="260756" user="Felis Pimeja" visible="true" version="1" changeset="38592147" lat="55.7632772" lon="37.5843818"/>
  <node id="4123982948" timestamp="2016-04-15T15:35:24Z" uid="260756" user="Felis Pimeja" visible="true" version="1" changeset="38592147" lat="55.7632787" lon="37.5836358"/>
  <node id="4123982949" timestamp="2016-04-15T15:35:24Z" uid="260756" user="Felis Pimeja" visible="true" version="1" changeset="38592147" lat="55.7632787" lon="37.5837579"/>
  <node id="4123982950" timestamp="2016-04-15T15:35:24Z" uid="260756" user="Felis Pimeja" visible="true" version="1" changeset="38592147" lat="55.7632806" lon="37.5847627"/>
  <node id="4123982951" timestamp="2016-04-15T15:35:24Z" uid="260756" user="Felis Pimeja" visible="true" version="1" changeset="38592147" lat="55.7632808" lon="37.5780142"/>
  <node id="4123982952" timestamp="2016-04-15T15:35:24Z" uid="260756" user="Felis Pimeja" visible="true" version="1" changeset="38592147" lat="55.7632862" lon="37.5847392"/>
  <node id="4123982953" timestamp="2016-04-15T15:35:24Z" uid="260756" user="Felis Pimeja" visible="true" version="1" changeset="38592147" lat="55.7633019" lon="37.5780812"/>
  <node id="4123982954" timestamp="2016-04-15T15:35:24Z" uid="260756" user="Felis Pimeja" visible="true" version="1" changeset="38592147" lat="55.7633021" lon="37.5835044"/>
  <node id="4123982956" timestamp="2016-04-15T15:35:24Z" uid="260756" user="Felis Pimeja" visible="true" version="1" changeset="38592147" lat="55.763316" lon="37.5827242"/>
  <node id="4123982957" timestamp="2016-04-15T15:35:24Z" uid="260756" user="Felis Pimeja" visible="true" version="1" changeset="38592147" lat="55.7633194" lon="37.5847754"/>
  <node id="4123982958" timestamp="2019-08-19T15:24:22Z" uid="830106" user="literan" visible="true" version="2" changeset="73504278" lat="55.7633653" lon="37.5851875"/>
  <node id="4123982959" timestamp="2016-04-15T15:35:25Z" uid="260756" user="Felis Pimeja" visible="true" version="1" changeset="38592147" lat="55.7633224" lon="37.5843952"/>
  <node id="4123982960" timestamp="2016-04-15T15:35:25Z" uid="260756" user="Felis Pimeja" visible="true" version="1" changeset="38592147" lat="55.7633272" lon="37.5847541"/>
  <node id="4123982961" timestamp="2016-04-15T15:35:25Z" uid="260756" user="Felis Pimeja" visible="true" version="1" changeset="38592147" lat="55.76333" lon="37.5834534"/>
  <node id="4123982963" timestamp="2019-08-19T15:24:22Z" uid="830106" user="literan" visible="true" version="2" changeset="73504278" lat="55.7634188" lon="37.5852237"/>
  <node id="4123982967" timestamp="2016-04-15T15:35:25Z" uid="260756" user="Felis Pimeja" visible="true" version="1" changeset="38592147" lat="55.763403" lon="37.5779712"/>
  <node id="4123982970" timestamp="2016-04-15T15:35:25Z" uid="260756" user="Felis Pimeja" visible="true" version="1" changeset="38592147" lat="55.7634085" lon="37.5834239"/>
  <node id="4123982971" timestamp="2016-04-15T15:35:25Z" uid="260756" user="Felis Pimeja" visible="true" version="1" changeset="38592147" lat="55.7634166" lon="37.5780061"/>
  <node id="4123982973" timestamp="2016-04-15T15:35:25Z" uid="260756" user="Felis Pimeja" visible="true" version="1" changeset="38592147" lat="55.7634459" lon="37.5848107"/>
  <node id="4123982974" timestamp="2016-04-15T15:35:25Z" uid="260756" user="Felis Pimeja" visible="true" version="1" changeset="38592147" lat="55.763453" lon="37.5836241"/>
  <node id="4123982975" timestamp="2016-04-15T15:35:25Z" uid="260756" user="Felis Pimeja" visible="true" version="1" changeset="38592147" lat="55.7634537" lon="37.583796"/>
  <node id="4123982976" timestamp="2016-04-15T15:35:25Z" uid="260756" user="Felis Pimeja" visible="true" version="1" changeset="38592147" lat="55.7634598" lon="37.5835906"/>
  <node id="4123982981" timestamp="2016-04-15T15:35:25Z" uid="260756" user="Felis Pimeja" visible="true" version="1" changeset="38592147" lat="55.7634863" lon="37.5829663"/>
  <node id="4123982982" timestamp="2016-04-15T15:35:25Z" uid="260756" user="Felis Pimeja" visible="true" version="1" changeset="38592147" lat="55.7634877" lon="37.5835476"/>
  <node id="4123982988" timestamp="2016-04-15T15:35:25Z" uid="260756" user="Felis Pimeja" visible="true" version="1" changeset="38592147" lat="55.7635363" lon="37.5846702"/>
  <node id="4123983389" timestamp="2016-04-15T15:35:25Z" uid="260756" user="Felis Pimeja" visible="true" version="1" changeset="38592147" lat="55.7635375" lon="37.582982"/>
  <node id="4123983390" timestamp="2016-04-15T15:35:25Z" uid="260756" user="Felis Pimeja" visible="true" version="1" changeset="38592147" lat="55.7635375" lon="37.5844784"/>
  <node id="4123983391" timestamp="2016-04-15T15:35:25Z" uid="260756" user="Felis Pimeja" visible="true" version="1" changeset="38592147" lat="55.7635458" lon="37.5846004"/>
  <node id="4123983392" timestamp="2016-04-15T15:35:25Z" uid="260756" user="Felis Pimeja" visible="true" version="1" changeset="38592147" lat="55.7635541" lon="37.5835074"/>
  <node id="4123983393" timestamp="2016-04-15T15:35:25Z" uid="260756" user="Felis Pimeja" visible="true" version="1" changeset="38592147" lat="55.7635586" lon="37.5829619"/>
  <node id="4123983394" timestamp="2019-08-19T15:24:22Z" uid="830106" user="literan" visible="true" version="2" changeset="73504278" lat="55.7635509" lon="37.5851043"/>
  <node id="4123983396" timestamp="2016-04-15T15:35:25Z" uid="260756" user="Felis Pimeja" visible="true" version="1" changeset="38592147" lat="55.7635758" lon="37.5778318"/>
  <node id="4123983400" timestamp="2016-04-15T15:35:25Z" uid="260756" user="Felis Pimeja" visible="true" version="1" changeset="38592147" lat="55.7636175" lon="37.5844878"/>
  <node id="4123983402" timestamp="2016-04-15T15:35:25Z" uid="260756" user="Felis Pimeja" visible="true" version="1" changeset="38592147" lat="55.76363" lon="37.5845815"/>
  <node id="4123983404" timestamp="2016-04-15T15:35:25Z" uid="260756" user="Felis Pimeja" visible="true" version="1" changeset="38592147" lat="55.7636522" lon="37.5844355"/>
  <node id="4123983405" timestamp="2016-04-15T15:35:26Z" uid="260756" user="Felis Pimeja" visible="true" version="1" changeset="38592147" lat="55.7636537" lon="37.5843778"/>
  <node id="4123983406" timestamp="2016-04-15T15:35:26Z" uid="260756" user="Felis Pimeja" visible="true" version="1" changeset="38592147" lat="55.7636633" lon="37.5780758"/>
  <node id="4123983408" timestamp="2016-04-15T15:35:26Z" uid="260756" user="Felis Pimeja" visible="true" version="1" changeset="38592147" lat="55.7636771" lon="37.5835248"/>
  <node id="4123983409" timestamp="2019-08-19T15:24:22Z" uid="830106" user="literan" visible="true" version="2" changeset="73504278" lat="55.763646" lon="37.5853323"/>
  <node id="4123983410" timestamp="2016-04-15T15:35:26Z" uid="260756" user="Felis Pimeja" visible="true" version="1" changeset="38592147" lat="55.7636974" lon="37.5836549"/>
  <node id="4123983411" timestamp="2016-04-15T15:35:26Z" uid="260756" user="Felis Pimeja" visible="true" version="1" changeset="38592147" lat="55.7636988" lon="37.5780758"/>
  <node id="4123983412" timestamp="2016-04-15T15:35:26Z" uid="260756" user="Felis Pimeja" visible="true" version="1" changeset="38592147" lat="55.7636995" lon="37.5781404"/>
  <node id="4123983417" timestamp="2016-04-15T15:35:26Z" uid="260756" user="Felis Pimeja" visible="true" version="1" changeset="38592147" lat="55.7637386" lon="37.5830765"/>
  <node id="4123983418" timestamp="2016-04-15T15:35:26Z" uid="260756" user="Felis Pimeja" visible="true" version="1" changeset="38592147" lat="55.7637427" lon="37.5837247"/>
  <node id="4123983419" timestamp="2016-04-15T15:35:26Z" uid="260756" user="Felis Pimeja" visible="true" version="1" changeset="38592147" lat="55.763757" lon="37.5834266"/>
  <node id="4123983420" timestamp="2016-04-15T15:35:26Z" uid="260756" user="Felis Pimeja" visible="true" version="1" changeset="38592147" lat="55.7637798" lon="37.5837391"/>
  <node id="4123983421" timestamp="2016-04-15T15:35:26Z" uid="260756" user="Felis Pimeja" visible="true" version="1" changeset="38592147" lat="55.7637827" lon="37.5834896"/>
  <node id="4123983422" timestamp="2016-04-15T15:35:26Z" uid="260756" user="Felis Pimeja" visible="true" version="1" changeset="38592147" lat="55.763828" lon="37.5842279"/>
  <node id="4123983423" timestamp="2016-04-15T15:35:26Z" uid="260756" user="Felis Pimeja" visible="true" version="1" changeset="38592147" lat="55.7638353" lon="37.58349"/>
  <node id="4123983424" timestamp="2016-04-15T15:35:26Z" uid="260756" user="Felis Pimeja" visible="true" version="1" changeset="38592147" lat="55.7638461" lon="37.5838323"/>
  <node id="4123983427" timestamp="2016-04-15T15:35:26Z" uid="260756" user="Felis Pimeja" visible="true" version="1" changeset="38592147" lat="55.7638845" lon="37.5774956"/>
  <node id="4123983429" timestamp="2016-04-15T15:35:26Z" uid="260756" user="Felis Pimeja" visible="true" version="1" changeset="38592147" lat="55.7639264" lon="37.5775433"/>
  <node id="4123983430" timestamp="2016-04-15T15:35:26Z" uid="260756" user="Felis Pimeja" visible="true" version="1" changeset="38592147" lat="55.7639494" lon="37.5774794"/>
  <node id="4123983432" timestamp="2016-04-15T15:35:26Z" uid="260756" user="Felis Pimeja" visible="true" version="1" changeset="38592147" lat="55.7639796" lon="37.5772973"/>
  <node id="4123983433" timestamp="2016-04-15T15:35:26Z" uid="260756" user="Felis Pimeja" visible="true" version="1" changeset="38592147" lat="55.7639923" lon="37.5775282"/>
  <node id="4123983434" timestamp="2016-04-15T15:35:26Z" uid="260756" user="Felis Pimeja" visible="true" version="1" changeset="38592147" lat="55.7639944" lon="37.5773186"/>
  <node id="4123983441" timestamp="2016-04-15T15:35:26Z" uid="260756" user="Felis Pimeja" visible="true" version="1" changeset="38592147" lat="55.7640411" lon="37.5774081"/>
  <node id="4123983442" timestamp="2016-04-15T15:35:26Z" uid="260756" user="Felis Pimeja" visible="true" version="1" changeset="38592147" lat="55.7640566" lon="37.5831617"/>
  <node id="4123983448" action="modify" timestamp="2016-04-15T15:35:26Z" uid="260756" user="Felis Pimeja" visible="true" version="1" changeset="38592147" lat="55.76400057422" lon="37.58447024742"/>
  <node id="4123983449" timestamp="2016-04-15T15:35:26Z" uid="260756" user="Felis Pimeja" visible="true" version="1" changeset="38592147" lat="55.76412" lon="37.5831363"/>
  <node id="4123983450" timestamp="2016-04-15T15:35:26Z" uid="260756" user="Felis Pimeja" visible="true" version="1" changeset="38592147" lat="55.7641275" lon="37.5846007"/>
  <node id="4123983452" timestamp="2016-04-15T15:35:26Z" uid="260756" user="Felis Pimeja" visible="true" version="1" changeset="38592147" lat="55.7641781" lon="37.5831336"/>
  <node id="4123983453" timestamp="2016-04-15T15:35:26Z" uid="260756" user="Felis Pimeja" visible="true" version="1" changeset="38592147" lat="55.7642467" lon="37.5830467"/>
  <node id="4123983455" timestamp="2016-04-15T15:35:26Z" uid="260756" user="Felis Pimeja" visible="true" version="1" changeset="38592147" lat="55.7642658" lon="37.584525"/>
  <node id="4123983456" timestamp="2016-04-15T15:35:26Z" uid="260756" user="Felis Pimeja" visible="true" version="1" changeset="38592147" lat="55.7642718" lon="37.5769091"/>
  <node id="4123983459" timestamp="2016-04-15T15:35:27Z" uid="260756" user="Felis Pimeja" visible="true" version="1" changeset="38592147" lat="55.7643056" lon="37.583264"/>
  <node id="4123983463" timestamp="2016-04-15T15:35:27Z" uid="260756" user="Felis Pimeja" visible="true" version="1" changeset="38592147" lat="55.7643206" lon="37.5845136"/>
  <node id="4123983464" timestamp="2016-04-15T15:35:27Z" uid="260756" user="Felis Pimeja" visible="true" version="1" changeset="38592147" lat="55.7643218" lon="37.5845261"/>
  <node id="4123983465" timestamp="2016-04-15T15:35:27Z" uid="260756" user="Felis Pimeja" visible="true" version="1" changeset="38592147" lat="55.7643222" lon="37.5845012"/>
  <node id="4123983466" timestamp="2016-04-15T15:35:27Z" uid="260756" user="Felis Pimeja" visible="true" version="1" changeset="38592147" lat="55.7643257" lon="37.5845369"/>
  <node id="4123983467" timestamp="2016-04-15T15:35:27Z" uid="260756" user="Felis Pimeja" visible="true" version="1" changeset="38592147" lat="55.7643263" lon="37.5844908"/>
  <node id="4123983468" timestamp="2016-04-15T15:35:27Z" uid="260756" user="Felis Pimeja" visible="true" version="1" changeset="38592147" lat="55.7643267" lon="37.5830601"/>
  <node id="4123983469" timestamp="2016-04-15T15:35:27Z" uid="260756" user="Felis Pimeja" visible="true" version="1" changeset="38592147" lat="55.7643282" lon="37.584596"/>
  <node id="4123983470" timestamp="2016-04-15T15:35:27Z" uid="260756" user="Felis Pimeja" visible="true" version="1" changeset="38592147" lat="55.7643315" lon="37.5845442"/>
  <node id="4123983472" timestamp="2016-04-15T15:35:27Z" uid="260756" user="Felis Pimeja" visible="true" version="1" changeset="38592147" lat="55.7643324" lon="37.5844839"/>
  <node id="4123983473" timestamp="2016-04-15T15:35:27Z" uid="260756" user="Felis Pimeja" visible="true" version="1" changeset="38592147" lat="55.7643352" lon="37.583264"/>
  <node id="4123983474" timestamp="2016-04-15T15:35:27Z" uid="260756" user="Felis Pimeja" visible="true" version="1" changeset="38592147" lat="55.7643359" lon="37.5833009"/>
  <node id="4123983475" timestamp="2016-04-15T15:35:27Z" uid="260756" user="Felis Pimeja" visible="true" version="1" changeset="38592147" lat="55.7643366" lon="37.5771292"/>
  <node id="4123983476" timestamp="2016-04-15T15:35:27Z" uid="260756" user="Felis Pimeja" visible="true" version="1" changeset="38592147" lat="55.7643385" lon="37.584547"/>
  <node id="4123983478" timestamp="2016-04-15T15:35:27Z" uid="260756" user="Felis Pimeja" visible="true" version="1" changeset="38592147" lat="55.7643394" lon="37.5844818"/>
  <node id="4123983479" timestamp="2016-04-15T15:35:27Z" uid="260756" user="Felis Pimeja" visible="true" version="1" changeset="38592147" lat="55.7643412" lon="37.5832486"/>
  <node id="4123983480" timestamp="2016-04-15T15:35:27Z" uid="260756" user="Felis Pimeja" visible="true" version="1" changeset="38592147" lat="55.7643425" lon="37.5833803"/>
  <node id="4123983481" timestamp="2016-04-15T15:35:27Z" uid="260756" user="Felis Pimeja" visible="true" version="1" changeset="38592147" lat="55.7643456" lon="37.5845449"/>
  <node id="4123983482" timestamp="2016-04-15T15:35:27Z" uid="260756" user="Felis Pimeja" visible="true" version="1" changeset="38592147" lat="55.7643464" lon="37.5844846"/>
  <node id="4123983484" timestamp="2016-04-15T15:35:27Z" uid="260756" user="Felis Pimeja" visible="true" version="1" changeset="38592147" lat="55.7643516" lon="37.5845381"/>
  <node id="4123983485" timestamp="2016-04-15T15:35:27Z" uid="260756" user="Felis Pimeja" visible="true" version="1" changeset="38592147" lat="55.7643523" lon="37.5844919"/>
  <node id="4123983486" timestamp="2016-04-15T15:35:27Z" uid="260756" user="Felis Pimeja" visible="true" version="1" changeset="38592147" lat="55.7643544" lon="37.5833619"/>
  <node id="4123983487" timestamp="2016-04-15T15:35:27Z" uid="260756" user="Felis Pimeja" visible="true" version="1" changeset="38592147" lat="55.7643548" lon="37.5832486"/>
  <node id="4123983488" timestamp="2016-04-15T15:35:27Z" uid="260756" user="Felis Pimeja" visible="true" version="1" changeset="38592147" lat="55.7643554" lon="37.5831476"/>
  <node id="4123983689" timestamp="2016-04-15T15:35:27Z" uid="260756" user="Felis Pimeja" visible="true" version="1" changeset="38592147" lat="55.7643557" lon="37.5845277"/>
  <node id="4123983690" timestamp="2016-04-15T15:35:27Z" uid="260756" user="Felis Pimeja" visible="true" version="1" changeset="38592147" lat="55.7643561" lon="37.5845027"/>
  <node id="4123983691" timestamp="2016-04-15T15:35:27Z" uid="260756" user="Felis Pimeja" visible="true" version="1" changeset="38592147" lat="55.7643573" lon="37.5845152"/>
  <node id="4123983692" timestamp="2016-04-15T15:35:27Z" uid="260756" user="Felis Pimeja" visible="true" version="1" changeset="38592147" lat="55.7643584" lon="37.5844458"/>
  <node id="4123983693" timestamp="2016-04-15T15:35:27Z" uid="260756" user="Felis Pimeja" visible="true" version="1" changeset="38592147" lat="55.7643614" lon="37.5842604"/>
  <node id="4123983695" timestamp="2016-04-15T15:35:27Z" uid="260756" user="Felis Pimeja" visible="true" version="1" changeset="38592147" lat="55.7643697" lon="37.5845907"/>
  <node id="4123983697" timestamp="2016-04-15T15:35:27Z" uid="260756" user="Felis Pimeja" visible="true" version="1" changeset="38592147" lat="55.7643714" lon="37.5770325"/>
  <node id="4123983700" timestamp="2016-04-15T15:35:27Z" uid="260756" user="Felis Pimeja" visible="true" version="1" changeset="38592147" lat="55.7643782" lon="37.5833968"/>
  <node id="4123983702" timestamp="2016-04-15T15:35:27Z" uid="260756" user="Felis Pimeja" visible="true" version="1" changeset="38592147" lat="55.7643795" lon="37.5845102"/>
  <node id="4123983704" timestamp="2016-04-15T15:35:27Z" uid="260756" user="Felis Pimeja" visible="true" version="1" changeset="38592147" lat="55.7643801" lon="37.5832781"/>
  <node id="4123983705" timestamp="2016-04-15T15:35:27Z" uid="260756" user="Felis Pimeja" visible="true" version="1" changeset="38592147" lat="55.7643856" lon="37.5832012"/>
  <node id="4123983709" timestamp="2016-04-15T15:35:27Z" uid="260756" user="Felis Pimeja" visible="true" version="1" changeset="38592147" lat="55.7643923" lon="37.5834518"/>
  <node id="4123983710" timestamp="2016-04-15T15:35:27Z" uid="260756" user="Felis Pimeja" visible="true" version="1" changeset="38592147" lat="55.7643948" lon="37.5833136"/>
  <node id="4123983712" timestamp="2016-04-15T15:35:27Z" uid="260756" user="Felis Pimeja" visible="true" version="1" changeset="38592147" lat="55.7643961" lon="37.5844994"/>
  <node id="4123983714" timestamp="2016-04-15T15:35:27Z" uid="260756" user="Felis Pimeja" visible="true" version="1" changeset="38592147" lat="55.7643984" lon="37.5844498"/>
  <node id="4123983715" timestamp="2016-04-15T15:35:27Z" uid="260756" user="Felis Pimeja" visible="true" version="1" changeset="38592147" lat="55.7643986" lon="37.5834068"/>
  <node id="4123983716" timestamp="2016-04-15T15:35:27Z" uid="260756" user="Felis Pimeja" visible="true" version="1" changeset="38592147" lat="55.7643999" lon="37.5846107"/>
  <node id="4123983718" timestamp="2016-04-15T15:35:27Z" uid="260756" user="Felis Pimeja" visible="true" version="1" changeset="38592147" lat="55.7644054" lon="37.5833746"/>
  <node id="4123983721" timestamp="2016-04-15T15:35:27Z" uid="260756" user="Felis Pimeja" visible="true" version="1" changeset="38592147" lat="55.7644112" lon="37.5843841"/>
  <node id="4123983723" timestamp="2016-04-15T15:35:27Z" uid="260756" user="Felis Pimeja" visible="true" version="1" changeset="38592147" lat="55.7644165" lon="37.5846563"/>
  <node id="4123983726" timestamp="2016-04-15T15:35:28Z" uid="260756" user="Felis Pimeja" visible="true" version="1" changeset="38592147" lat="55.7644218" lon="37.5831071"/>
  <node id="4123983727" timestamp="2016-04-15T15:35:28Z" uid="260756" user="Felis Pimeja" visible="true" version="1" changeset="38592147" lat="55.7644218" lon="37.5840687"/>
  <node id="4123983728" timestamp="2016-04-15T15:35:28Z" uid="260756" user="Felis Pimeja" visible="true" version="1" changeset="38592147" lat="55.7644232" lon="37.5831456"/>
  <node id="4123983729" timestamp="2016-04-15T15:35:28Z" uid="260756" user="Felis Pimeja" visible="true" version="1" changeset="38592147" lat="55.7644241" lon="37.5832146"/>
  <node id="4123983732" timestamp="2016-04-15T15:35:28Z" uid="260756" user="Felis Pimeja" visible="true" version="1" changeset="38592147" lat="55.7644316" lon="37.5833823"/>
  <node id="4123983734" timestamp="2016-04-15T15:35:28Z" uid="260756" user="Felis Pimeja" visible="true" version="1" changeset="38592147" lat="55.7644346" lon="37.5843023"/>
  <node id="4123983735" timestamp="2016-04-15T15:35:28Z" uid="260756" user="Felis Pimeja" visible="true" version="1" changeset="38592147" lat="55.7644452" lon="37.5833206"/>
  <node id="4123983736" timestamp="2016-04-15T15:35:28Z" uid="260756" user="Felis Pimeja" visible="true" version="1" changeset="38592147" lat="55.7644452" lon="37.5842393"/>
  <node id="4123983740" timestamp="2016-04-15T15:35:28Z" uid="260756" user="Felis Pimeja" visible="true" version="1" changeset="38592147" lat="55.7644497" lon="37.5834963"/>
  <node id="4123983741" timestamp="2016-04-15T15:35:28Z" uid="260756" user="Felis Pimeja" visible="true" version="1" changeset="38592147" lat="55.7644512" lon="37.5834131"/>
  <node id="4123983746" timestamp="2016-04-15T15:35:28Z" uid="260756" user="Felis Pimeja" visible="true" version="1" changeset="38592147" lat="55.7644576" lon="37.5830856"/>
  <node id="4123983748" timestamp="2016-04-15T15:35:28Z" uid="260756" user="Felis Pimeja" visible="true" version="1" changeset="38592147" lat="55.7644603" lon="37.5835311"/>
  <node id="4123983751" timestamp="2016-04-15T15:35:28Z" uid="260756" user="Felis Pimeja" visible="true" version="1" changeset="38592147" lat="55.764467" lon="37.5838098"/>
  <node id="4123983752" timestamp="2016-04-15T15:35:28Z" uid="260756" user="Felis Pimeja" visible="true" version="1" changeset="38592147" lat="55.7644702" lon="37.5830859"/>
  <node id="4123983756" timestamp="2016-04-15T15:35:28Z" uid="260756" user="Felis Pimeja" visible="true" version="1" changeset="38592147" lat="55.7644844" lon="37.5841051"/>
  <node id="4123983761" timestamp="2016-04-15T15:35:28Z" uid="260756" user="Felis Pimeja" visible="true" version="1" changeset="38592147" lat="55.7644949" lon="37.5831406"/>
  <node id="4123983769" timestamp="2016-04-15T15:35:28Z" uid="260756" user="Felis Pimeja" visible="true" version="1" changeset="38592147" lat="55.7645116" lon="37.5836089"/>
  <node id="4123983772" timestamp="2016-04-15T15:35:28Z" uid="260756" user="Felis Pimeja" visible="true" version="1" changeset="38592147" lat="55.7645206" lon="37.5840233"/>
  <node id="4123983773" timestamp="2016-04-15T15:35:28Z" uid="260756" user="Felis Pimeja" visible="true" version="1" changeset="38592147" lat="55.7645237" lon="37.5839429"/>
  <node id="4123983776" timestamp="2016-04-15T15:35:28Z" uid="260756" user="Felis Pimeja" visible="true" version="1" changeset="38592147" lat="55.7645304" lon="37.5838852"/>
  <node id="4123983777" timestamp="2016-04-15T15:35:28Z" uid="260756" user="Felis Pimeja" visible="true" version="1" changeset="38592147" lat="55.764538" lon="37.5836559"/>
  <node id="4123983778" timestamp="2016-04-15T15:35:28Z" uid="260756" user="Felis Pimeja" visible="true" version="1" changeset="38592147" lat="55.7645455" lon="37.5838034"/>
  <node id="4123983779" timestamp="2016-04-15T15:35:28Z" uid="260756" user="Felis Pimeja" visible="true" version="1" changeset="38592147" lat="55.7645501" lon="37.5837176"/>
  <node id="4123983781" timestamp="2016-04-15T15:35:28Z" uid="260756" user="Felis Pimeja" visible="true" version="1" changeset="38592147" lat="55.7645553" lon="37.584525"/>
  <node id="4123983783" timestamp="2016-04-15T15:35:29Z" uid="260756" user="Felis Pimeja" visible="true" version="1" changeset="38592147" lat="55.764656" lon="37.5832338"/>
  <node id="4123983785" timestamp="2016-04-15T15:35:29Z" uid="260756" user="Felis Pimeja" visible="true" version="1" changeset="38592147" lat="55.7648068" lon="37.5837847"/>
  <node id="4123983786" timestamp="2016-04-15T15:35:29Z" uid="260756" user="Felis Pimeja" visible="true" version="1" changeset="38592147" lat="55.7648225" lon="37.5838047"/>
  <node id="4285644707" action="modify" timestamp="2025-05-28T09:51:55Z" uid="1925053" user="J_Doe" visible="true" version="6" changeset="166867159" lat="55.762634161" lon="37.58233484845">
    <tag k="attraction" v="animal"/>
    <tag k="is_in:zoo" v="Московский зоопарк"/>
    <tag k="name" v="Росомахи"/>
  </node>
  <node id="4285650404" action="modify" timestamp="2025-05-28T09:51:55Z" uid="1925053" user="J_Doe" visible="true" version="4" changeset="166867159" lat="55.76449518019" lon="37.58423942886">
    <tag k="attraction" v="animal"/>
    <tag k="is_in:zoo" v="Московский зоопарк"/>
    <tag k="name" v="Сычуаньский такин"/>
  </node>
  <node id="4285653619" action="modify" timestamp="2025-05-28T09:51:55Z" uid="1925053" user="J_Doe" visible="true" version="5" changeset="166867159" lat="55.76275009957" lon="37.58211291959">
    <tag k="attraction" v="animal"/>
    <tag k="is_in:zoo" v="Московский зоопарк"/>
    <tag k="name" v="Орел"/>
  </node>
  <node id="4285662589" action="modify" timestamp="2023-09-13T17:59:28Z" uid="2006945" user="Nine-tailed" visible="true" version="3" changeset="141223350" lat="55.76313732805" lon="37.58345253815">
    <tag k="attraction" v="animal"/>
    <tag k="is_in:zoo" v="Московский зоопарк"/>
    <tag k="name" v="Сурикаты"/>
  </node>
  <node id="4285731291" action="modify" timestamp="2025-05-28T09:51:55Z" uid="1925053" user="J_Doe" visible="true" version="4" changeset="166867159" lat="55.76413958561" lon="37.58344039691">
    <tag k="attraction" v="animal"/>
    <tag k="is_in:zoo" v="Московский зоопарк"/>
    <tag k="name" v="Бурый медведь"/>
  </node>
  <node id="4285731292" action="modify" timestamp="2025-05-28T09:51:55Z" uid="1925053" user="J_Doe" visible="true" version="5" changeset="166867159" lat="55.7639258" lon="37.583891">
    <tag k="attraction" v="animal"/>
    <tag k="is_in:zoo" v="Московский зоопарк"/>
    <tag k="name" v="Львы"/>
  </node>
  <node id="4285752290" action="modify" timestamp="2025-05-28T09:51:55Z" uid="1925053" user="J_Doe" visible="true" version="6" changeset="166867159" lat="55.76429597507" lon="37.58422187938">
    <tag k="animal" v="tiger"/>
    <tag k="attraction" v="animal"/>
    <tag k="is_in:zoo" v="Московский зоопарк"/>
    <tag k="name" v="Тигры"/>
  </node>
  <node id="4286072392" action="modify" timestamp="2025-05-28T09:51:55Z" uid="1925053" user="J_Doe" visible="true" version="4" changeset="166867159" lat="55.76437753705" lon="37.58391106599">
    <tag k="attraction" v="animal"/>
    <tag k="is_in:zoo" v="Московский зоопарк"/>
    <tag k="name" v="Уссурийский медведь"/>
  </node>
  <node id="4286089691" action="modify" timestamp="2025-05-28T09:51:55Z" uid="1925053" user="J_Doe" visible="true" version="5" changeset="166867159" lat="55.7635042" lon="37.5815967">
    <tag k="attraction" v="animal"/>
    <tag k="is_in:zoo" v="Московский зоопарк"/>
    <tag k="name" v="Пеликаны"/>
  </node>
  <node id="4286097196" action="modify" timestamp="2023-09-13T17:59:28Z" uid="2006945" user="Nine-tailed" visible="true" version="4" changeset="141223350" lat="55.76370919034" lon="37.58324418455">
    <tag k="attraction" v="animal"/>
    <tag k="is_in:zoo" v="Московский зоопарк"/>
    <tag k="name" v="Жирафы"/>
  </node>
  <node id="4286097197" action="modify" timestamp="2023-09-13T17:59:28Z" uid="2006945" user="Nine-tailed" visible="true" version="4" changeset="141223350" lat="55.7627656" lon="37.5830897">
    <tag k="attraction" v="animal"/>
    <tag k="is_in:zoo" v="Московский зоопарк"/>
    <tag k="name" v="Лемур"/>
  </node>
  <node id="4286108490" action="modify" timestamp="2025-05-28T09:51:55Z" uid="1925053" user="J_Doe" visible="true" version="4" changeset="166867159" lat="55.7642547" lon="37.5833813">
    <tag k="attraction" v="animal"/>
    <tag k="is_in:zoo" v="Московский зоопарк"/>
    <tag k="name" v="Шакалы"/>
  </node>
  <node id="4286109689" action="modify" timestamp="2023-09-13T17:59:28Z" uid="2006945" user="Nine-tailed" visible="true" version="6" changeset="141223350" lat="55.76163879761" lon="37.57879892469">
    <tag k="attraction" v="animal"/>
    <tag k="is_in:zoo" v="Московский зоопарк"/>
    <tag k="name" v="Гуанако"/>
  </node>
  <node id="4286109789" action="modify" timestamp="2025-05-28T09:51:55Z" uid="1925053" user="J_Doe" visible="true" version="7" changeset="166867159" lat="55.76340624693" lon="37.58251223815">
    <tag k="attraction" v="animal"/>
    <tag k="is_in:zoo" v="Московский зоопарк"/>
    <tag k="name" v="Винторогий козёл"/>
  </node>
  <node id="4286199036" timestamp="2016-07-06T15:54:13Z" uid="830106" user="literan" visible="true" version="1" changeset="40524187" lat="55.7612828" lon="37.5751352"/>
  <node id="4287130590" action="modify" timestamp="2023-09-13T17:59:28Z" uid="2006945" user="Nine-tailed" visible="true" version="4" changeset="141223350" lat="55.76368775059" lon="37.58378366804">
    <tag k="attraction" v="animal"/>
    <tag k="is_in:zoo" v="Московский зоопарк"/>
    <tag k="name" v="Зебры"/>
  </node>
  <node id="4287131089" action="modify" timestamp="2025-05-28T09:51:55Z" uid="1925053" user="J_Doe" visible="true" version="5" changeset="166867159" lat="55.763681" lon="37.584168">
    <tag k="attraction" v="animal"/>
    <tag k="is_in:zoo" v="Московский зоопарк"/>
    <tag k="name" v="Чёрные антилопы"/>
  </node>
  <node id="4287294148" action="modify" timestamp="2025-05-28T09:51:55Z" uid="1925053" user="J_Doe" visible="true" version="4" changeset="166867159" lat="55.76369411776" lon="37.57508760473">
    <tag k="attraction" v="animal"/>
    <tag k="is_in:zoo" v="Московский зоопарк"/>
    <tag k="name" v="Гривистый волк"/>
  </node>
  <node id="4287413393" action="modify" timestamp="2025-05-28T09:51:55Z" uid="1925053" user="J_Doe" visible="true" version="5" changeset="166867159" lat="55.76405507505" lon="37.57512695509">
    <tag k="attraction" v="animal"/>
    <tag k="is_in:zoo" v="Московский зоопарк"/>
    <tag k="name" v="Дальневосточная нерпа"/>
  </node>
  <node id="4287413493" action="modify" timestamp="2025-05-28T09:51:55Z" uid="1925053" user="J_Doe" visible="true" version="5" changeset="166867159" lat="55.76346872566" lon="37.57522830706">
    <tag k="attraction" v="animal"/>
    <tag k="is_in:zoo" v="Московский зоопарк"/>
    <tag k="name" v="Бурая гиена"/>
  </node>
  <node id="4287506092" action="modify" timestamp="2025-05-28T09:51:55Z" uid="1925053" user="J_Doe" visible="true" version="2" changeset="166867159" lat="55.7629414" lon="37.5830731"/>
  <node id="4287508477" action="modify" timestamp="2025-05-28T09:51:55Z" uid="1925053" user="J_Doe" visible="true" version="5" changeset="166867159" lat="55.76394249773" lon="37.58425262784">
    <tag k="attraction" v="animal"/>
    <tag k="is_in:zoo" v="Московский зоопарк"/>
    <tag k="name" v="Пятнистая гиена"/>
  </node>
  <node id="4310443376" timestamp="2023-07-24T08:46:08Z" uid="260756" user="Felis Pimeja" visible="true" version="2" changeset="138927867" lat="55.7624566" lon="37.5764608"/>
  <node id="4310443377" timestamp="2023-07-24T08:46:08Z" uid="260756" user="Felis Pimeja" visible="true" version="2" changeset="138927867" lat="55.76246" lon="37.5764407"/>
  <node id="4310443378" timestamp="2023-07-24T08:46:08Z" uid="260756" user="Felis Pimeja" visible="true" version="2" changeset="138927867" lat="55.7624466" lon="37.5765633"/>
  <node id="4310443379" timestamp="2023-07-24T08:46:08Z" uid="260756" user="Felis Pimeja" visible="true" version="2" changeset="138927867" lat="55.7624683" lon="37.5764206"/>
  <node id="4310443380" timestamp="2023-07-24T08:46:08Z" uid="260756" user="Felis Pimeja" visible="true" version="2" changeset="138927867" lat="55.7624687" lon="37.5764808"/>
  <node id="4310443381" timestamp="2023-07-24T08:46:08Z" uid="260756" user="Felis Pimeja" visible="true" version="2" changeset="138927867" lat="55.7624819" lon="37.5764112"/>
  <node id="4310443382" timestamp="2023-07-24T08:46:08Z" uid="260756" user="Felis Pimeja" visible="true" version="2" changeset="138927867" lat="55.7624751" lon="37.5764816"/>
  <node id="4310443383" timestamp="2023-07-24T08:46:08Z" uid="260756" user="Felis Pimeja" visible="true" version="2" changeset="138927867" lat="55.7624899" lon="37.5764627"/>
  <node id="4310443384" timestamp="2023-07-24T08:46:08Z" uid="260756" user="Felis Pimeja" visible="true" version="2" changeset="138927867" lat="55.7624963" lon="37.5763978"/>
  <node id="4310443385" timestamp="2023-07-24T08:46:08Z" uid="260756" user="Felis Pimeja" visible="true" version="2" changeset="138927867" lat="55.7625108" lon="37.5764426"/>
  <node id="4310443386" timestamp="2023-07-24T08:46:08Z" uid="260756" user="Felis Pimeja" visible="true" version="2" changeset="138927867" lat="55.7625129" lon="37.5767243"/>
  <node id="4310443387" timestamp="2023-07-24T08:46:08Z" uid="260756" user="Felis Pimeja" visible="true" version="2" changeset="138927867" lat="55.7625129" lon="37.5763965"/>
  <node id="4310443388" timestamp="2023-07-24T08:46:08Z" uid="260756" user="Felis Pimeja" visible="true" version="2" changeset="138927867" lat="55.7625234" lon="37.5764944"/>
  <node id="4310443489" timestamp="2023-07-24T08:46:08Z" uid="260756" user="Felis Pimeja" visible="true" version="2" changeset="138927867" lat="55.7625204" lon="37.5764789"/>
  <node id="4310443490" timestamp="2023-07-24T08:46:08Z" uid="260756" user="Felis Pimeja" visible="true" version="2" changeset="138927867" lat="55.7625178" lon="37.5764568"/>
  <node id="4310443491" timestamp="2023-07-24T08:46:08Z" uid="260756" user="Felis Pimeja" visible="true" version="2" changeset="138927867" lat="55.7625219" lon="37.5763998"/>
  <node id="4310443492" timestamp="2023-07-24T08:46:08Z" uid="260756" user="Felis Pimeja" visible="true" version="2" changeset="138927867" lat="55.7625298" lon="37.5764099"/>
  <node id="4310443493" timestamp="2023-07-24T08:46:08Z" uid="260756" user="Felis Pimeja" visible="true" version="2" changeset="138927867" lat="55.7625834" lon="37.5762315"/>
  <node id="4310443494" timestamp="2023-07-24T08:46:08Z" uid="260756" user="Felis Pimeja" visible="true" version="2" changeset="138927867" lat="55.7625649" lon="37.5766365"/>
  <node id="4310443495" timestamp="2023-07-24T08:46:08Z" uid="260756" user="Felis Pimeja" visible="true" version="2" changeset="138927867" lat="55.7625457" lon="37.5764414"/>
  <node id="4310443496" timestamp="2023-07-24T08:46:08Z" uid="260756" user="Felis Pimeja" visible="true" version="2" changeset="138927867" lat="55.7625691" lon="37.5767465"/>
  <node id="4310443498" timestamp="2023-07-24T08:46:08Z" uid="260756" user="Felis Pimeja" visible="true" version="2" changeset="138927867" lat="55.7625713" lon="37.5765058"/>
  <node id="4310443499" timestamp="2023-07-24T08:46:08Z" uid="260756" user="Felis Pimeja" visible="true" version="2" changeset="138927867" lat="55.7625777" lon="37.576548"/>
  <node id="4310443500" timestamp="2023-07-24T08:46:08Z" uid="260756" user="Felis Pimeja" visible="true" version="2" changeset="138927867" lat="55.7625853" lon="37.5765634"/>
  <node id="4310443501" timestamp="2023-07-24T08:46:08Z" uid="260756" user="Felis Pimeja" visible="true" version="2" changeset="138927867" lat="55.7625834" lon="37.5764877"/>
  <node id="4310443503" timestamp="2023-07-24T08:46:08Z" uid="260756" user="Felis Pimeja" visible="true" version="2" changeset="138927867" lat="55.762583" lon="37.576611"/>
  <node id="4310443504" timestamp="2023-07-24T08:46:08Z" uid="260756" user="Felis Pimeja" visible="true" version="2" changeset="138927867" lat="55.7625981" lon="37.5767136"/>
  <node id="4310443505" timestamp="2023-07-24T08:46:08Z" uid="260756" user="Felis Pimeja" visible="true" version="2" changeset="138927867" lat="55.762597" lon="37.5765634"/>
  <node id="4310443506" timestamp="2023-07-24T08:46:08Z" uid="260756" user="Felis Pimeja" visible="true" version="2" changeset="138927867" lat="55.7626132" lon="37.576772"/>
  <node id="4310443507" timestamp="2023-07-24T08:46:08Z" uid="260756" user="Felis Pimeja" visible="true" version="2" changeset="138927867" lat="55.7626155" lon="37.5765245"/>
  <node id="4310443509" timestamp="2023-07-24T08:46:08Z" uid="260756" user="Felis Pimeja" visible="true" version="2" changeset="138927867" lat="55.7626083" lon="37.5764823"/>
  <node id="4310443510" timestamp="2023-07-24T08:46:08Z" uid="260756" user="Felis Pimeja" visible="true" version="2" changeset="138927867" lat="55.7626244" lon="37.5764839"/>
  <node id="4310443512" timestamp="2023-07-24T08:46:08Z" uid="260756" user="Felis Pimeja" visible="true" version="2" changeset="138927867" lat="55.7626762" lon="37.5765011"/>
  <node id="4310443513" timestamp="2023-07-24T08:46:08Z" uid="260756" user="Felis Pimeja" visible="true" version="2" changeset="138927867" lat="55.7626913" lon="37.5765178"/>
  <node id="4310443515" timestamp="2023-07-24T08:46:08Z" uid="260756" user="Felis Pimeja" visible="true" version="2" changeset="138927867" lat="55.7626985" lon="37.576432"/>
  <node id="4310443516" timestamp="2023-07-24T08:46:08Z" uid="260756" user="Felis Pimeja" visible="true" version="2" changeset="138927867" lat="55.7627245" lon="37.576316"/>
  <node id="4310443517" timestamp="2023-07-24T08:46:08Z" uid="260756" user="Felis Pimeja" visible="true" version="2" changeset="138927867" lat="55.7627207" lon="37.5764421"/>
  <node id="4310443518" timestamp="2023-07-24T08:46:08Z" uid="260756" user="Felis Pimeja" visible="true" version="2" changeset="138927867" lat="55.7627124" lon="37.5764763"/>
  <node id="4310443519" timestamp="2023-07-24T08:46:08Z" uid="260756" user="Felis Pimeja" visible="true" version="2" changeset="138927867" lat="55.7627377" lon="37.5763019"/>
  <node id="4310443520" timestamp="2023-07-24T08:46:08Z" uid="260756" user="Felis Pimeja" visible="true" version="2" changeset="138927867" lat="55.7627351" lon="37.5763368"/>
  <node id="4310443521" timestamp="2023-07-24T08:46:08Z" uid="260756" user="Felis Pimeja" visible="true" version="2" changeset="138927867" lat="55.7627351" lon="37.5764146"/>
  <node id="4310443523" timestamp="2023-07-24T08:46:08Z" uid="260756" user="Felis Pimeja" visible="true" version="2" changeset="138927867" lat="55.7627543" lon="37.5763026"/>
  <node id="4310443524" timestamp="2023-07-24T08:46:08Z" uid="260756" user="Felis Pimeja" visible="true" version="2" changeset="138927867" lat="55.7627562" lon="37.5763643"/>
  <node id="4310443525" timestamp="2023-07-24T08:46:08Z" uid="260756" user="Felis Pimeja" visible="true" version="2" changeset="138927867" lat="55.7627656" lon="37.5765011"/>
  <node id="4310443526" timestamp="2023-07-24T08:46:08Z" uid="260756" user="Felis Pimeja" visible="true" version="2" changeset="138927867" lat="55.7627554" lon="37.5764374"/>
  <node id="4310443527" timestamp="2023-07-24T08:46:08Z" uid="260756" user="Felis Pimeja" visible="true" version="2" changeset="138927867" lat="55.7627652" lon="37.5763421"/>
  <node id="4310443528" timestamp="2023-07-24T08:46:08Z" uid="260756" user="Felis Pimeja" visible="true" version="2" changeset="138927867" lat="55.7627803" lon="37.5764582"/>
  <node id="4310443529" timestamp="2023-07-24T08:46:08Z" uid="260756" user="Felis Pimeja" visible="true" version="2" changeset="138927867" lat="55.7627864" lon="37.5761396"/>
  <node id="4310443530" timestamp="2023-07-24T08:46:08Z" uid="260756" user="Felis Pimeja" visible="true" version="2" changeset="138927867" lat="55.7627996" lon="37.5765494"/>
  <node id="4310443531" timestamp="2023-07-24T08:46:08Z" uid="260756" user="Felis Pimeja" visible="true" version="2" changeset="138927867" lat="55.762803" lon="37.5765057"/>
  <node id="4310443532" timestamp="2023-07-24T08:46:08Z" uid="260756" user="Felis Pimeja" visible="true" version="2" changeset="138927867" lat="55.7628121" lon="37.5765234"/>
  <node id="4310443533" timestamp="2023-07-24T08:46:08Z" uid="260756" user="Felis Pimeja" visible="true" version="2" changeset="138927867" lat="55.7628228" lon="37.5764523"/>
  <node id="4310443534" timestamp="2023-07-24T08:46:08Z" uid="260756" user="Felis Pimeja" visible="true" version="2" changeset="138927867" lat="55.7628368" lon="37.5764778"/>
  <node id="4310443535" timestamp="2023-07-24T08:46:08Z" uid="260756" user="Felis Pimeja" visible="true" version="2" changeset="138927867" lat="55.7628275" lon="37.5768343"/>
  <node id="4310443537" timestamp="2023-07-24T08:46:08Z" uid="260756" user="Felis Pimeja" visible="true" version="2" changeset="138927867" lat="55.7628513" lon="37.576371"/>
  <node id="4310443538" timestamp="2023-07-24T08:46:08Z" uid="260756" user="Felis Pimeja" visible="true" version="2" changeset="138927867" lat="55.7628583" lon="37.576445"/>
  <node id="4310443539" timestamp="2023-07-24T08:46:08Z" uid="260756" user="Felis Pimeja" visible="true" version="2" changeset="138927867" lat="55.7628686" lon="37.5763468"/>
  <node id="4310443540" timestamp="2023-07-24T08:46:08Z" uid="260756" user="Felis Pimeja" visible="true" version="2" changeset="138927867" lat="55.7628711" lon="37.5764104"/>
  <node id="4310443541" timestamp="2023-07-24T08:46:08Z" uid="260756" user="Felis Pimeja" visible="true" version="2" changeset="138927867" lat="55.7628807" lon="37.5762342"/>
  <node id="4310443543" timestamp="2023-07-24T08:46:08Z" uid="260756" user="Felis Pimeja" visible="true" version="2" changeset="138927867" lat="55.762889" lon="37.5763368"/>
  <node id="4310443544" timestamp="2023-07-24T08:46:08Z" uid="260756" user="Felis Pimeja" visible="true" version="2" changeset="138927867" lat="55.7628879" lon="37.5763589"/>
  <node id="4310443545" timestamp="2023-07-24T08:46:08Z" uid="260756" user="Felis Pimeja" visible="true" version="2" changeset="138927867" lat="55.7628924" lon="37.5768102"/>
  <node id="4310443546" timestamp="2023-07-24T08:46:08Z" uid="260756" user="Felis Pimeja" visible="true" version="2" changeset="138927867" lat="55.7628986" lon="37.5763974"/>
  <node id="4310443548" timestamp="2023-07-24T08:46:08Z" uid="260756" user="Felis Pimeja" visible="true" version="2" changeset="138927867" lat="55.7629018" lon="37.5763737"/>
  <node id="4310443550" timestamp="2023-07-24T08:46:08Z" uid="260756" user="Felis Pimeja" visible="true" version="2" changeset="138927867" lat="55.7629047" lon="37.5763977"/>
  <node id="4310443551" timestamp="2023-07-24T08:46:08Z" uid="260756" user="Felis Pimeja" visible="true" version="2" changeset="138927867" lat="55.7629369" lon="37.5764119"/>
  <node id="4310443552" timestamp="2023-07-24T08:46:08Z" uid="260756" user="Felis Pimeja" visible="true" version="2" changeset="138927867" lat="55.7629543" lon="37.5766379"/>
  <node id="4310443553" timestamp="2025-11-06T16:01:44Z" uid="5712144" user="ednzxt" visible="true" version="2" changeset="174295628" lat="55.7639247" lon="37.5753958"/>
  <node id="4310443554" timestamp="2025-11-06T16:01:44Z" uid="5712144" user="ednzxt" visible="true" version="2" changeset="174295628" lat="55.7639397" lon="37.5752999"/>
  <node id="4310443555" timestamp="2025-11-06T16:01:44Z" uid="5712144" user="ednzxt" visible="true" version="2" changeset="174295628" lat="55.7639365" lon="37.5754888"/>
  <node id="4310443557" timestamp="2017-12-05T13:50:32Z" uid="830106" user="literan" visible="true" version="2" changeset="54365697" lat="55.7639715" lon="37.5743817"/>
  <node id="4310443558" timestamp="2017-12-05T13:50:32Z" uid="830106" user="literan" visible="true" version="2" changeset="54365697" lat="55.763973" lon="37.5742409"/>
  <node id="4310443559" timestamp="2025-11-06T16:01:44Z" uid="5712144" user="ednzxt" visible="true" version="2" changeset="174295628" lat="55.7639701" lon="37.5752308"/>
  <node id="4310443561" timestamp="2017-12-05T13:50:32Z" uid="830106" user="literan" visible="true" version="2" changeset="54365697" lat="55.764053" lon="37.5744179"/>
  <node id="4310443562" timestamp="2025-11-06T16:01:44Z" uid="5712144" user="ednzxt" visible="true" version="2" changeset="174295628" lat="55.7640237" lon="37.5751756"/>
  <node id="4310443563" timestamp="2025-11-06T16:01:44Z" uid="5712144" user="ednzxt" visible="true" version="2" changeset="174295628" lat="55.764039" lon="37.5759137"/>
  <node id="4310443564" timestamp="2025-11-06T16:01:44Z" uid="5712144" user="ednzxt" visible="true" version="2" changeset="174295628" lat="55.7640702" lon="37.5759885"/>
  <node id="4310443565" timestamp="2025-11-06T16:01:44Z" uid="5712144" user="ednzxt" visible="true" version="2" changeset="174295628" lat="55.7641388" lon="37.5751363"/>
  <node id="4310443566" timestamp="2025-11-06T16:01:44Z" uid="5712144" user="ednzxt" visible="true" version="2" changeset="174295628" lat="55.7641568" lon="37.5760716"/>
  <node id="4310443567" timestamp="2025-11-06T16:01:44Z" uid="5712144" user="ednzxt" visible="true" version="2" changeset="174295628" lat="55.7642438" lon="37.5760747"/>
  <node id="4310443570" timestamp="2025-11-06T16:01:44Z" uid="5712144" user="ednzxt" visible="true" version="2" changeset="174295628" lat="55.7642004" lon="37.5750968"/>
  <node id="4310443571" timestamp="2016-07-19T07:38:24Z" uid="2853561" user="Владимир К" visible="true" version="1" changeset="40849654" lat="55.7642528" lon="37.5761257"/>
  <node id="4310443573" timestamp="2025-11-06T16:01:44Z" uid="5712144" user="ednzxt" visible="true" version="2" changeset="174295628" lat="55.7642538" lon="37.5750352"/>
  <node id="4310443574" timestamp="2017-12-05T13:50:32Z" uid="830106" user="literan" visible="true" version="3" changeset="54365697" lat="55.7641734" lon="37.5742201"/>
  <node id="4310443575" timestamp="2017-12-05T13:50:32Z" uid="830106" user="literan" visible="true" version="3" changeset="54365697" lat="55.7641735" lon="37.5744061"/>
  <node id="4310443576" timestamp="2025-11-06T16:01:44Z" uid="5712144" user="ednzxt" visible="true" version="2" changeset="174295628" lat="55.7643786" lon="37.5749014"/>
  <node id="4310443578" timestamp="2016-07-19T07:38:24Z" uid="2853561" user="Владимир К" visible="true" version="1" changeset="40849654" lat="55.7643947" lon="37.5742288"/>
  <node id="4310443580" timestamp="2016-07-19T07:38:24Z" uid="2853561" user="Владимир К" visible="true" version="1" changeset="40849654" lat="55.7644445" lon="37.5742221"/>
  <node id="4310443581" timestamp="2025-11-06T16:01:44Z" uid="5712144" user="ednzxt" visible="true" version="2" changeset="174295628" lat="55.7644608" lon="37.5748638"/>
  <node id="4310443584" timestamp="2025-11-06T16:01:44Z" uid="5712144" user="ednzxt" visible="true" version="2" changeset="174295628" lat="55.7645964" lon="37.5749076"/>
  <node id="4310443587" timestamp="2025-11-06T16:01:44Z" uid="5712144" user="ednzxt" visible="true" version="2" changeset="174295628" lat="55.7646576" lon="37.574985"/>
  <node id="4310443589" timestamp="2025-11-06T16:01:44Z" uid="5712144" user="ednzxt" visible="true" version="2" changeset="174295628" lat="55.7647463" lon="37.5751665"/>
  <node id="4310443591" timestamp="2016-07-19T07:38:24Z" uid="2853561" user="Владимир К" visible="true" version="1" changeset="40849654" lat="55.7647312" lon="37.5756201"/>
  <node id="4310443592" timestamp="2025-11-06T16:01:44Z" uid="5712144" user="ednzxt" visible="true" version="2" changeset="174295628" lat="55.7647893" lon="37.5752827"/>
  <node id="4310443594" action="modify" timestamp="2025-11-06T16:01:44Z" uid="5712144" user="ednzxt" visible="true" version="2" changeset="174295628" lat="55.76479259548" lon="37.57562526455"/>
  <node id="4310443595" timestamp="2025-11-06T16:01:44Z" uid="5712144" user="ednzxt" visible="true" version="2" changeset="174295628" lat="55.7648155" lon="37.5755777"/>
  <node id="4310443596" timestamp="2025-11-06T16:01:44Z" uid="5712144" user="ednzxt" visible="true" version="2" changeset="174295628" lat="55.7648175" lon="37.5754208"/>
  <node id="4310443597" timestamp="2016-07-19T07:38:24Z" uid="2853561" user="Владимир К" visible="true" version="1" changeset="40849654" lat="55.7648632" lon="37.5756616"/>
  <node id="4310443598" timestamp="2016-07-19T07:38:24Z" uid="2853561" user="Владимир К" visible="true" version="1" changeset="40849654" lat="55.7649086" lon="37.575674"/>
  <node id="4418685089" action="modify" timestamp="2025-05-28T09:51:55Z" uid="1925053" user="J_Doe" visible="true" version="5" changeset="166867159" lat="55.76450880064" lon="37.58345728763">
    <tag k="attraction" v="animal"/>
    <tag k="is_in:zoo" v="Московский зоопарк"/>
    <tag k="name" v="Верблюд"/>
  </node>
  <node id="4523584101" timestamp="2016-11-26T16:53:49Z" uid="624271" user="osmer120311" visible="true" version="1" changeset="43967287" lat="55.7610629" lon="37.5824316"/>
  <node id="4523584102" timestamp="2023-12-04T20:08:00Z" uid="9133906" user="stargunru" visible="true" version="2" changeset="144768421" lat="55.761351" lon="37.5830993"/>
  <node id="4523584103" timestamp="2016-11-26T16:53:49Z" uid="624271" user="osmer120311" visible="true" version="1" changeset="43967287" lat="55.7610071" lon="37.5828485"/>
  <node id="4523584104" timestamp="2016-11-26T16:53:49Z" uid="624271" user="osmer120311" visible="true" version="1" changeset="43967287" lat="55.7609883" lon="37.5827157"/>
  <node id="4528480346" timestamp="2024-12-23T17:05:13Z" uid="830106" user="literan" visible="true" version="2" changeset="160546661" lat="55.7616513" lon="37.5838595"/>
  <node id="4528480351" timestamp="2016-11-29T14:26:06Z" uid="149412" user="Haserbaba" visible="true" version="1" changeset="44035616" lat="55.7618164" lon="37.5834162"/>
  <node id="4528480354" timestamp="2016-11-29T14:26:06Z" uid="149412" user="Haserbaba" visible="true" version="1" changeset="44035616" lat="55.7622187" lon="37.5837383"/>
  <node id="4528480355" timestamp="2016-11-29T14:26:06Z" uid="149412" user="Haserbaba" visible="true" version="1" changeset="44035616" lat="55.7618385" lon="37.5835445"/>
  <node id="4528480356" timestamp="2016-11-29T14:26:06Z" uid="149412" user="Haserbaba" visible="true" version="1" changeset="44035616" lat="55.7618644" lon="37.5835409"/>
  <node id="4528480357" timestamp="2016-11-29T14:26:06Z" uid="149412" user="Haserbaba" visible="true" version="1" changeset="44035616" lat="55.7618913" lon="37.5835639"/>
  <node id="4528480358" timestamp="2016-11-29T14:26:06Z" uid="149412" user="Haserbaba" visible="true" version="1" changeset="44035616" lat="55.7619032" lon="37.5836011"/>
  <node id="4528480359" timestamp="2024-12-23T17:05:13Z" uid="830106" user="literan" visible="true" version="2" changeset="160546661" lat="55.7618657" lon="37.5837662"/>
  <node id="4528480361" timestamp="2016-11-29T14:26:06Z" uid="149412" user="Haserbaba" visible="true" version="1" changeset="44035616" lat="55.7619307" lon="37.5835078"/>
  <node id="4528480362" timestamp="2024-12-23T17:05:13Z" uid="830106" user="literan" visible="true" version="2" changeset="160546661" lat="55.7618845" lon="37.5837806"/>
  <node id="4528480363" timestamp="2016-11-29T14:26:06Z" uid="149412" user="Haserbaba" visible="true" version="1" changeset="44035616" lat="55.7619356" lon="37.5835647"/>
  <node id="4528480364" timestamp="2016-11-29T14:26:06Z" uid="149412" user="Haserbaba" visible="true" version="1" changeset="44035616" lat="55.7619993" lon="37.5836126"/>
  <node id="4528480365" timestamp="2016-11-29T14:26:06Z" uid="149412" user="Haserbaba" visible="true" version="1" changeset="44035616" lat="55.7619875" lon="37.5836698"/>
  <node id="4528480366" timestamp="2016-11-29T14:26:06Z" uid="149412" user="Haserbaba" visible="true" version="1" changeset="44035616" lat="55.7621353" lon="37.5837807"/>
  <node id="4528480367" timestamp="2016-11-29T14:26:06Z" uid="149412" user="Haserbaba" visible="true" version="1" changeset="44035616" lat="55.7621418" lon="37.5838099"/>
  <node id="4528480368" timestamp="2024-12-23T17:05:13Z" uid="830106" user="literan" visible="true" version="2" changeset="160546661" lat="55.7621109" lon="37.5839526"/>
  <node id="4528639036" action="modify" timestamp="2016-11-29T15:50:41Z" uid="149412" user="Haserbaba" visible="true" version="1" changeset="44037391" lat="55.76287578321" lon="37.58102709072"/>
  <node id="4528639037" timestamp="2016-11-29T15:50:41Z" uid="149412" user="Haserbaba" visible="true" version="1" changeset="44037391" lat="55.762822" lon="37.5810929"/>
  <node id="4528639041" action="modify" timestamp="2016-11-29T15:50:41Z" uid="149412" user="Haserbaba" visible="true" version="1" changeset="44037391" lat="55.76288398321" lon="37.58105669072"/>
  <node id="4528639047" timestamp="2016-11-29T17:35:36Z" uid="149412" user="Haserbaba" visible="true" version="2" changeset="44039322" lat="55.7628293" lon="37.5811173"/>
  <node id="4528645567" timestamp="2016-11-29T15:54:21Z" uid="1781102" user="elazarev" visible="true" version="1" changeset="44037478" lat="55.7649634" lon="37.5768284"/>
  <node id="4528645581" timestamp="2016-11-29T15:54:21Z" uid="1781102" user="elazarev" visible="true" version="1" changeset="44037478" lat="55.7646097" lon="37.5772838"/>
  <node id="4528647803" timestamp="2016-11-29T15:54:21Z" uid="1781102" user="elazarev" visible="true" version="1" changeset="44037478" lat="55.7651075" lon="37.5765187"/>
  <node id="4528647804" timestamp="2016-11-29T15:54:21Z" uid="1781102" user="elazarev" visible="true" version="1" changeset="44037478" lat="55.7651907" lon="37.5764758"/>
  <node id="4528847047" timestamp="2016-11-29T17:35:36Z" uid="149412" user="Haserbaba" visible="true" version="1" changeset="44039322" lat="55.762876" lon="37.581093"/>
  <node id="4528847048" timestamp="2016-11-29T17:35:36Z" uid="149412" user="Haserbaba" visible="true" version="1" changeset="44039322" lat="55.7628612" lon="37.5821344"/>
  <node id="4533775262" timestamp="2016-12-02T11:01:09Z" uid="149412" user="Haserbaba" visible="true" version="1" changeset="44111472" lat="55.7613865" lon="37.578968"/>
  <node id="4533775263" timestamp="2016-12-02T11:01:09Z" uid="149412" user="Haserbaba" visible="true" version="1" changeset="44111472" lat="55.7614446" lon="37.5786104"/>
  <node id="4533775264" timestamp="2016-12-02T11:01:09Z" uid="149412" user="Haserbaba" visible="true" version="1" changeset="44111472" lat="55.7615307" lon="37.5785971"/>
  <node id="4533775265" action="modify" timestamp="2016-12-02T11:01:09Z" uid="149412" user="Haserbaba" visible="true" version="1" changeset="44111472" lat="55.76188012056" lon="37.57874762381"/>
  <node id="4533775266" action="modify" timestamp="2016-12-02T11:01:09Z" uid="149412" user="Haserbaba" visible="true" version="1" changeset="44111472" lat="55.76192905748" lon="37.57883068573"/>
  <node id="4533775267" action="modify" timestamp="2016-12-02T11:01:09Z" uid="149412" user="Haserbaba" visible="true" version="1" changeset="44111472" lat="55.7619143554" lon="37.5791148746"/>
  <node id="4533775268" timestamp="2016-12-02T11:01:09Z" uid="149412" user="Haserbaba" visible="true" version="1" changeset="44111472" lat="55.7614367" lon="37.578982"/>
  <node id="4533775269" timestamp="2016-12-02T11:01:09Z" uid="149412" user="Haserbaba" visible="true" version="1" changeset="44111472" lat="55.7619782" lon="37.579133"/>
  <node id="4533775271" action="modify" timestamp="2016-12-02T11:01:09Z" uid="149412" user="Haserbaba" visible="true" version="1" changeset="44111472" lat="55.76192706449" lon="37.57890133651"/>
  <node id="4534062714" timestamp="2016-12-02T14:52:41Z" uid="149412" user="Haserbaba" visible="true" version="1" changeset="44115983" lat="55.7629208" lon="37.5787856"/>
  <node id="4534062715" timestamp="2016-12-02T14:52:41Z" uid="149412" user="Haserbaba" visible="true" version="1" changeset="44115983" lat="55.7628567" lon="37.5785934"/>
  <node id="4534062716" timestamp="2016-12-02T14:52:41Z" uid="149412" user="Haserbaba" visible="true" version="1" changeset="44115983" lat="55.762792" lon="37.5785403"/>
  <node id="4534062717" timestamp="2016-12-02T14:52:41Z" uid="149412" user="Haserbaba" visible="true" version="1" changeset="44115983" lat="55.7627263" lon="37.5785704"/>
  <node id="4534062718" timestamp="2026-05-18T07:24:16Z" uid="830106" user="literan" visible="true" version="2" changeset="182815711" lat="55.7627078" lon="37.5786346"/>
  <node id="4692951472" timestamp="2017-02-18T23:59:34Z" uid="3580412" user="Alexander-II" visible="true" version="1" changeset="46204349" lat="55.7627865" lon="37.5812789"/>
  <node id="4692984959" timestamp="2017-02-19T01:06:14Z" uid="3580412" user="Alexander-II" visible="true" version="1" changeset="46204909" lat="55.7643594" lon="37.5767525"/>
  <node id="4692984960" timestamp="2017-02-19T01:06:14Z" uid="3580412" user="Alexander-II" visible="true" version="1" changeset="46204909" lat="55.7643899" lon="37.5768235"/>
  <node id="4877791221" action="modify" timestamp="2023-09-13T17:59:28Z" uid="2006945" user="Nine-tailed" visible="true" version="4" changeset="141223350" lat="55.7635684" lon="37.5814994">
    <tag k="attraction" v="animal"/>
    <tag k="is_in:zoo" v="Московский зоопарк"/>
    <tag k="name" v="Бакланы"/>
  </node>
  <node id="5856085385" action="modify" timestamp="2025-05-28T09:51:55Z" uid="1925053" user="J_Doe" visible="true" version="6" changeset="166867159" lat="55.76228201831" lon="37.57504384491">
    <tag k="animal" v="panda"/>
    <tag k="attraction" v="animal"/>
    <tag k="name" v="Большая панда"/>
  </node>
  <node id="5856366133" action="modify" timestamp="2018-08-25T12:09:13Z" uid="1337142" user="Nordpfeil" visible="true" version="1" changeset="61983457" lat="55.7628755" lon="37.5783838"/>
  <node id="5856366134" timestamp="2018-08-25T12:09:13Z" uid="1337142" user="Nordpfeil" visible="true" version="1" changeset="61983457" lat="55.7630884" lon="37.5785479"/>
  <node id="5856366135" timestamp="2018-08-25T12:09:13Z" uid="1337142" user="Nordpfeil" visible="true" version="1" changeset="61983457" lat="55.7632072" lon="37.5784504"/>
  <node id="5856366136" timestamp="2018-08-25T12:09:13Z" uid="1337142" user="Nordpfeil" visible="true" version="1" changeset="61983457" lat="55.7632416" lon="37.5783603"/>
  <node id="5856366137" timestamp="2018-08-25T12:09:13Z" uid="1337142" user="Nordpfeil" visible="true" version="1" changeset="61983457" lat="55.7629044" lon="37.57848"/>
  <node id="5856366138" timestamp="2018-08-25T12:09:13Z" uid="1337142" user="Nordpfeil" visible="true" version="1" changeset="61983457" lat="55.7630025" lon="37.5785524"/>
  <node id="5856366139" timestamp="2018-08-25T12:09:13Z" uid="1337142" user="Nordpfeil" visible="true" version="1" changeset="61983457" lat="55.7629444" lon="37.5785195"/>
  <node id="5856366140" timestamp="2018-08-25T12:09:13Z" uid="1337142" user="Nordpfeil" visible="true" version="1" changeset="61983457" lat="55.7632649" lon="37.5781109"/>
  <node id="5856366141" timestamp="2018-08-25T12:09:13Z" uid="1337142" user="Nordpfeil" visible="true" version="1" changeset="61983457" lat="55.7631473" lon="37.5785072"/>
  <node id="5856366142" action="modify" timestamp="2018-08-29T19:13:31Z" uid="1337142" user="Nordpfeil" visible="true" version="3" changeset="62117077" lat="55.7632509" lon="37.5780282"/>
  <node id="5856366143" timestamp="2018-08-25T12:09:13Z" uid="1337142" user="Nordpfeil" visible="true" version="1" changeset="61983457" lat="55.7632679" lon="37.5782078"/>
  <node id="5857231358" timestamp="2018-08-25T19:37:10Z" uid="1337142" user="Nordpfeil" visible="true" version="1" changeset="61992958" lat="55.7645029" lon="37.5838718"/>
  <node id="5857231359" timestamp="2018-08-25T19:37:10Z" uid="1337142" user="Nordpfeil" visible="true" version="1" changeset="61992958" lat="55.7645127" lon="37.5838383"/>
  <node id="5857231360" timestamp="2018-08-25T19:37:10Z" uid="1337142" user="Nordpfeil" visible="true" version="1" changeset="61992958" lat="55.764521" lon="37.5837806"/>
  <node id="5857231361" timestamp="2018-08-25T19:37:10Z" uid="1337142" user="Nordpfeil" visible="true" version="1" changeset="61992958" lat="55.7645233" lon="37.5837323"/>
  <node id="5857231362" timestamp="2018-08-25T19:37:10Z" uid="1337142" user="Nordpfeil" visible="true" version="1" changeset="61992958" lat="55.7645195" lon="37.5836921"/>
  <node id="5857231363" timestamp="2018-08-25T19:37:10Z" uid="1337142" user="Nordpfeil" visible="true" version="1" changeset="61992958" lat="55.7645089" lon="37.5836639"/>
  <node id="5857231364" timestamp="2018-08-25T19:37:10Z" uid="1337142" user="Nordpfeil" visible="true" version="1" changeset="61992958" lat="55.7644803" lon="37.5836223"/>
  <node id="5857231365" timestamp="2018-08-25T19:37:10Z" uid="1337142" user="Nordpfeil" visible="true" version="1" changeset="61992958" lat="55.7644622" lon="37.5835888"/>
  <node id="5857231366" timestamp="2018-08-25T19:37:10Z" uid="1337142" user="Nordpfeil" visible="true" version="1" changeset="61992958" lat="55.7644584" lon="37.5837649"/>
  <node id="5857231367" timestamp="2018-08-25T19:37:10Z" uid="1337142" user="Nordpfeil" visible="true" version="1" changeset="61992958" lat="55.7644181" lon="37.58379"/>
  <node id="5858908730" timestamp="2018-08-26T11:55:13Z" uid="830106" user="literan" visible="true" version="1" changeset="62004987" lat="55.7628604" lon="37.5783304"/>
  <node id="5858908731" timestamp="2018-08-27T18:10:18Z" uid="1337142" user="Nordpfeil" visible="true" version="2" changeset="62048034" lat="55.7631166" lon="37.5779115"/>
  <node id="5861643066" timestamp="2018-08-29T19:25:54Z" uid="1337142" user="Nordpfeil" visible="true" version="2" changeset="62117433" lat="55.7629008" lon="37.5782642"/>
  <node id="5861643067" timestamp="2018-08-29T19:25:54Z" uid="1337142" user="Nordpfeil" visible="true" version="2" changeset="62117433" lat="55.7629143" lon="37.5783076"/>
  <node id="5861643068" timestamp="2018-08-29T19:25:54Z" uid="1337142" user="Nordpfeil" visible="true" version="2" changeset="62117433" lat="55.7628984" lon="37.5783591"/>
  <node id="5861643069" timestamp="2018-08-27T18:10:18Z" uid="1337142" user="Nordpfeil" visible="true" version="1" changeset="62048034" lat="55.7629346" lon="37.5784232"/>
  <node id="5861643070" timestamp="2018-08-27T18:10:18Z" uid="1337142" user="Nordpfeil" visible="true" version="1" changeset="62048034" lat="55.7629639" lon="37.5784547"/>
  <node id="5861643071" timestamp="2018-08-27T18:10:18Z" uid="1337142" user="Nordpfeil" visible="true" version="1" changeset="62048034" lat="55.7629931" lon="37.5784705"/>
  <node id="5861643072" timestamp="2018-08-27T18:10:18Z" uid="1337142" user="Nordpfeil" visible="true" version="1" changeset="62048034" lat="55.7630112" lon="37.5784789"/>
  <node id="5861643073" timestamp="2018-08-27T18:10:18Z" uid="1337142" user="Nordpfeil" visible="true" version="1" changeset="62048034" lat="55.7630312" lon="37.5784826"/>
  <node id="5861643074" timestamp="2018-08-27T18:10:18Z" uid="1337142" user="Nordpfeil" visible="true" version="1" changeset="62048034" lat="55.7630522" lon="37.5784829"/>
  <node id="5861643075" timestamp="2018-08-27T18:10:18Z" uid="1337142" user="Nordpfeil" visible="true" version="1" changeset="62048034" lat="55.7630712" lon="37.5784832"/>
  <node id="5861643076" timestamp="2018-08-27T18:10:18Z" uid="1337142" user="Nordpfeil" visible="true" version="1" changeset="62048034" lat="55.763098" lon="37.5784695"/>
  <node id="5861643077" timestamp="2018-08-27T18:10:18Z" uid="1337142" user="Nordpfeil" visible="true" version="1" changeset="62048034" lat="55.7631184" lon="37.5784591"/>
  <node id="5861643078" timestamp="2018-08-27T18:10:18Z" uid="1337142" user="Nordpfeil" visible="true" version="1" changeset="62048034" lat="55.7631336" lon="37.5784447"/>
  <node id="5861643079" timestamp="2018-08-27T18:10:18Z" uid="1337142" user="Nordpfeil" visible="true" version="1" changeset="62048034" lat="55.7631529" lon="37.5784162"/>
  <node id="5861643080" timestamp="2018-08-27T18:10:18Z" uid="1337142" user="Nordpfeil" visible="true" version="1" changeset="62048034" lat="55.7631699" lon="37.5783927"/>
  <node id="5861643081" timestamp="2018-08-27T18:10:18Z" uid="1337142" user="Nordpfeil" visible="true" version="1" changeset="62048034" lat="55.763181" lon="37.5783712"/>
  <node id="5861643082" timestamp="2018-08-27T18:10:18Z" uid="1337142" user="Nordpfeil" visible="true" version="1" changeset="62048034" lat="55.7631872" lon="37.5783565"/>
  <node id="5861643083" timestamp="2018-08-27T18:10:18Z" uid="1337142" user="Nordpfeil" visible="true" version="1" changeset="62048034" lat="55.7632014" lon="37.5783179"/>
  <node id="5861643084" timestamp="2018-08-27T18:10:18Z" uid="1337142" user="Nordpfeil" visible="true" version="1" changeset="62048034" lat="55.7632093" lon="37.5782904"/>
  <node id="5861645885" timestamp="2018-08-27T18:10:18Z" uid="1337142" user="Nordpfeil" visible="true" version="1" changeset="62048034" lat="55.7632131" lon="37.578274"/>
  <node id="5861645886" timestamp="2018-08-27T18:10:18Z" uid="1337142" user="Nordpfeil" visible="true" version="1" changeset="62048034" lat="55.7632163" lon="37.5782472"/>
  <node id="5861645887" timestamp="2018-08-27T18:10:18Z" uid="1337142" user="Nordpfeil" visible="true" version="1" changeset="62048034" lat="55.7632166" lon="37.5782284"/>
  <node id="5861645888" timestamp="2018-08-27T18:10:18Z" uid="1337142" user="Nordpfeil" visible="true" version="1" changeset="62048034" lat="55.7632157" lon="37.5781828"/>
  <node id="5861645889" timestamp="2018-08-29T19:13:31Z" uid="1337142" user="Nordpfeil" visible="true" version="2" changeset="62117077" lat="55.7631954" lon="37.5780567"/>
  <node id="5861645890" timestamp="2018-08-27T18:10:18Z" uid="1337142" user="Nordpfeil" visible="true" version="1" changeset="62048034" lat="55.7631976" lon="37.5780675"/>
  <node id="5861645891" timestamp="2018-08-27T18:10:18Z" uid="1337142" user="Nordpfeil" visible="true" version="1" changeset="62048034" lat="55.7631757" lon="37.5779897"/>
  <node id="5861645892" timestamp="2018-08-27T18:10:18Z" uid="1337142" user="Nordpfeil" visible="true" version="1" changeset="62048034" lat="55.7632036" lon="37.5779682"/>
  <node id="5861645893" timestamp="2018-08-27T18:10:18Z" uid="1337142" user="Nordpfeil" visible="true" version="1" changeset="62048034" lat="55.7632225" lon="37.5779696"/>
  <node id="5861645894" timestamp="2018-08-27T18:10:18Z" uid="1337142" user="Nordpfeil" visible="true" version="1" changeset="62048034" lat="55.7632459" lon="37.5779964"/>
  <node id="5861690815" timestamp="2018-08-27T18:25:54Z" uid="1337142" user="Nordpfeil" visible="true" version="1" changeset="62048406" lat="55.7634451" lon="37.5775471"/>
  <node id="5861690816" timestamp="2018-08-27T18:25:54Z" uid="1337142" user="Nordpfeil" visible="true" version="1" changeset="62048406" lat="55.7637771" lon="37.5780152"/>
  <node id="5861690817" timestamp="2018-08-27T18:25:54Z" uid="1337142" user="Nordpfeil" visible="true" version="1" changeset="62048406" lat="55.7638186" lon="37.577932"/>
  <node id="5861690818" timestamp="2018-08-27T18:25:54Z" uid="1337142" user="Nordpfeil" visible="true" version="1" changeset="62048406" lat="55.7638902" lon="37.5778717"/>
  <node id="5861690819" timestamp="2018-08-27T18:25:54Z" uid="1337142" user="Nordpfeil" visible="true" version="1" changeset="62048406" lat="55.7639944" lon="37.577979"/>
  <node id="5861690820" timestamp="2018-08-27T18:25:54Z" uid="1337142" user="Nordpfeil" visible="true" version="1" changeset="62048406" lat="55.7640509" lon="37.5779173"/>
  <node id="5861690821" timestamp="2018-08-27T18:25:54Z" uid="1337142" user="Nordpfeil" visible="true" version="1" changeset="62048406" lat="55.7642698" lon="37.5774305"/>
  <node id="5861690822" timestamp="2018-08-27T18:25:54Z" uid="1337142" user="Nordpfeil" visible="true" version="1" changeset="62048406" lat="55.7643392" lon="37.5772279"/>
  <node id="5861708695" timestamp="2018-08-27T18:29:09Z" uid="1337142" user="Nordpfeil" visible="true" version="1" changeset="62048470" lat="55.7649395" lon="37.576108"/>
  <node id="5866320469" timestamp="2018-08-29T19:13:30Z" uid="1337142" user="Nordpfeil" visible="true" version="1" changeset="62117077" lat="55.7632097" lon="37.5781198"/>
  <node id="5866343699" timestamp="2018-08-29T19:25:54Z" uid="1337142" user="Nordpfeil" visible="true" version="1" changeset="62117433" lat="55.7629097" lon="37.5783431"/>
  <node id="5866343700" timestamp="2018-08-29T19:25:54Z" uid="1337142" user="Nordpfeil" visible="true" version="1" changeset="62117433" lat="55.762909" lon="37.5782787"/>
  <node id="6586145986" timestamp="2019-07-03T09:57:45Z" uid="911970" user="lromanov" visible="true" version="1" changeset="71852049" lat="55.7630126" lon="37.5826889"/>
  <node id="6586145987" timestamp="2019-07-03T09:57:45Z" uid="911970" user="lromanov" visible="true" version="1" changeset="71852049" lat="55.7629721" lon="37.5826656"/>
  <node id="6586145988" timestamp="2019-07-03T09:57:45Z" uid="911970" user="lromanov" visible="true" version="1" changeset="71852049" lat="55.7629387" lon="37.5826656"/>
  <node id="6586145989" timestamp="2019-07-03T09:57:45Z" uid="911970" user="lromanov" visible="true" version="1" changeset="71852049" lat="55.7628922" lon="37.582655"/>
  <node id="6586145990" timestamp="2019-07-03T09:57:45Z" uid="911970" user="lromanov" visible="true" version="1" changeset="71852049" lat="55.7627634" lon="37.5827313"/>
  <node id="6586145991" timestamp="2019-07-03T09:57:45Z" uid="911970" user="lromanov" visible="true" version="1" changeset="71852049" lat="55.7625935" lon="37.5826551"/>
  <node id="6586145992" timestamp="2019-07-03T09:57:45Z" uid="911970" user="lromanov" visible="true" version="1" changeset="71852049" lat="55.7630903" lon="37.5825275"/>
  <node id="6721893730" timestamp="2025-12-20T16:33:46Z" uid="13256444" user="empty_child" visible="true" version="2" changeset="176188118" lat="55.7612898" lon="37.5787111"/>
  <node id="6724056165" timestamp="2019-08-19T15:24:22Z" uid="830106" user="literan" visible="true" version="1" changeset="73504278" lat="55.7628434" lon="37.5847013"/>
  <node id="6724056176" timestamp="2019-08-19T15:24:22Z" uid="830106" user="literan" visible="true" version="1" changeset="73504278" lat="55.7626871" lon="37.5843969"/>
  <node id="6724056177" timestamp="2019-08-19T15:24:22Z" uid="830106" user="literan" visible="true" version="1" changeset="73504278" lat="55.7627475" lon="37.5845136"/>
  <node id="6724056178" timestamp="2019-08-19T15:24:22Z" uid="830106" user="literan" visible="true" version="1" changeset="73504278" lat="55.7627939" lon="37.5844377"/>
  <node id="6724056179" timestamp="2019-08-19T15:24:22Z" uid="830106" user="literan" visible="true" version="1" changeset="73504278" lat="55.7627336" lon="37.5843211"/>
  <node id="6724056207" timestamp="2019-08-19T15:24:22Z" uid="830106" user="literan" visible="true" version="1" changeset="73504278" lat="55.7639821" lon="37.5857498"/>
  <node id="6724056211" timestamp="2019-08-19T15:24:22Z" uid="830106" user="literan" visible="true" version="1" changeset="73504278" lat="55.7637788" lon="37.5855873"/>
  <node id="7044987108" timestamp="2019-12-09T20:52:38Z" uid="830106" user="literan" visible="true" version="1" changeset="78170709" lat="55.7627473" lon="37.5744799"/>
  <node id="7044987109" timestamp="2019-12-09T20:52:38Z" uid="830106" user="literan" visible="true" version="1" changeset="78170709" lat="55.7625161" lon="37.5744339"/>
  <node id="9841073958" action="modify" timestamp="2022-06-23T09:54:58Z" uid="12176526" user="somix" visible="true" version="1" changeset="122750689" lat="55.76104801106" lon="37.58221498557">
    <tag k="entrance" v="side"/>
  </node>
  <node id="9920387363" action="modify" timestamp="2022-07-30T05:22:21Z" uid="166816" user="Vascom" visible="true" version="1" changeset="124254598" lat="55.76371449676" lon="37.58364151856"/>
  <node id="9921877326" timestamp="2023-07-24T08:46:08Z" uid="260756" user="Felis Pimeja" visible="true" version="2" changeset="138927867" lat="55.7624376" lon="37.576337"/>
  <node id="9921877327" timestamp="2023-07-24T08:46:08Z" uid="260756" user="Felis Pimeja" visible="true" version="2" changeset="138927867" lat="55.7624406" lon="37.5765609"/>
  <node id="9921877328" timestamp="2023-07-24T08:46:08Z" uid="260756" user="Felis Pimeja" visible="true" version="2" changeset="138927867" lat="55.7624557" lon="37.5766695"/>
  <node id="9921877329" timestamp="2023-07-24T08:46:08Z" uid="260756" user="Felis Pimeja" visible="true" version="2" changeset="138927867" lat="55.7625002" lon="37.5767554"/>
  <node id="9921877330" timestamp="2023-07-24T08:46:08Z" uid="260756" user="Felis Pimeja" visible="true" version="2" changeset="138927867" lat="55.7625545" lon="37.5767809"/>
  <node id="9921877331" timestamp="2022-07-31T07:32:44Z" uid="166816" user="Vascom" visible="true" version="1" changeset="124290628" lat="55.7627039" lon="37.5768371"/>
  <node id="9921877332" timestamp="2023-07-24T08:46:08Z" uid="260756" user="Felis Pimeja" visible="true" version="2" changeset="138927867" lat="55.7624028" lon="37.5761867"/>
  <node id="11064467052" timestamp="2023-07-24T08:46:08Z" uid="260756" user="Felis Pimeja" visible="true" version="1" changeset="138927867" lat="55.7629237" lon="37.5770469"/>
  <node id="11064467053" timestamp="2023-07-24T08:46:08Z" uid="260756" user="Felis Pimeja" visible="true" version="1" changeset="138927867" lat="55.763356" lon="37.5773688"/>
  <node id="11064467054" timestamp="2023-07-24T08:46:08Z" uid="260756" user="Felis Pimeja" visible="true" version="1" changeset="138927867" lat="55.7632806" lon="37.5769758"/>
  <node id="11064467055" timestamp="2023-07-24T08:46:08Z" uid="260756" user="Felis Pimeja" visible="true" version="1" changeset="138927867" lat="55.7629426" lon="37.5774989"/>
  <node id="11064467056" timestamp="2023-07-24T08:46:08Z" uid="260756" user="Felis Pimeja" visible="true" version="1" changeset="138927867" lat="55.7629112" lon="37.5772742"/>
  <node id="11064467057" timestamp="2023-07-24T08:46:08Z" uid="260756" user="Felis Pimeja" visible="true" version="1" changeset="138927867" lat="55.762912" lon="37.5771777"/>
  <node id="11064467058" timestamp="2023-07-24T08:46:08Z" uid="260756" user="Felis Pimeja" visible="true" version="1" changeset="138927867" lat="55.7631327" lon="37.5768068"/>
  <node id="11064467059" timestamp="2023-07-24T08:46:08Z" uid="260756" user="Felis Pimeja" visible="true" version="1" changeset="138927867" lat="55.7629931" lon="37.5768685"/>
  <node id="11064467060" timestamp="2023-07-24T08:46:08Z" uid="260756" user="Felis Pimeja" visible="true" version="1" changeset="138927867" lat="55.7619707" lon="37.5753249"/>
  <node id="11064467061" timestamp="2023-07-24T08:46:08Z" uid="260756" user="Felis Pimeja" visible="true" version="1" changeset="138927867" lat="55.7619051" lon="37.5752431"/>
  <node id="11064467062" timestamp="2023-07-24T08:46:08Z" uid="260756" user="Felis Pimeja" visible="true" version="1" changeset="138927867" lat="55.7619005" lon="37.5749829"/>
  <node id="11064467063" timestamp="2023-07-24T08:46:08Z" uid="260756" user="Felis Pimeja" visible="true" version="1" changeset="138927867" lat="55.7624777" lon="37.5751943"/>
  <node id="11064467064" timestamp="2023-07-24T08:46:08Z" uid="260756" user="Felis Pimeja" visible="true" version="1" changeset="138927867" lat="55.7633334" lon="37.5772132"/>
  <node id="11064467065" timestamp="2023-07-24T08:46:08Z" uid="260756" user="Felis Pimeja" visible="true" version="1" changeset="138927867" lat="55.7632376" lon="37.5768994"/>
  <node id="11064467066" timestamp="2023-07-24T08:46:08Z" uid="260756" user="Felis Pimeja" visible="true" version="1" changeset="138927867" lat="55.7628939" lon="37.5762872"/>
  <node id="11064467067" timestamp="2023-07-24T08:46:08Z" uid="260756" user="Felis Pimeja" visible="true" version="1" changeset="138927867" lat="55.7628403" lon="37.5761718"/>
  <node id="11064467068" timestamp="2023-07-24T08:46:08Z" uid="260756" user="Felis Pimeja" visible="true" version="1" changeset="138927867" lat="55.7625442" lon="37.5767498"/>
  <node id="11064467069" timestamp="2023-07-24T08:46:08Z" uid="260756" user="Felis Pimeja" visible="true" version="1" changeset="138927867" lat="55.7624649" lon="37.5766473"/>
  <node id="11064467070" timestamp="2023-07-24T08:46:08Z" uid="260756" user="Felis Pimeja" visible="true" version="1" changeset="138927867" lat="55.7624525" lon="37.5765138"/>
  <node id="11064467071" timestamp="2023-07-24T08:46:08Z" uid="260756" user="Felis Pimeja" visible="true" version="1" changeset="138927867" lat="55.7625879" lon="37.5767338"/>
  <node id="11064467072" timestamp="2023-07-24T08:46:08Z" uid="260756" user="Felis Pimeja" visible="true" version="1" changeset="138927867" lat="55.7626558" lon="37.5767921"/>
  <node id="11064467073" timestamp="2023-07-24T08:46:08Z" uid="260756" user="Felis Pimeja" visible="true" version="1" changeset="138927867" lat="55.7627079" lon="37.5768095"/>
  <node id="11064467074" timestamp="2023-07-24T08:46:08Z" uid="260756" user="Felis Pimeja" visible="true" version="1" changeset="138927867" lat="55.7627607" lon="37.5768236"/>
  <node id="11064467075" timestamp="2023-07-24T08:46:08Z" uid="260756" user="Felis Pimeja" visible="true" version="1" changeset="138927867" lat="55.7629327" lon="37.5767344"/>
  <node id="11064467076" timestamp="2023-07-24T08:46:08Z" uid="260756" user="Felis Pimeja" visible="true" version="1" changeset="138927867" lat="55.7629644" lon="37.5764595"/>
  <node id="11064467077" timestamp="2023-07-24T08:46:08Z" uid="260756" user="Felis Pimeja" visible="true" version="1" changeset="138927867" lat="55.7627392" lon="37.576485"/>
  <node id="11064467078" timestamp="2023-07-24T08:46:08Z" uid="260756" user="Felis Pimeja" visible="true" version="1" changeset="138927867" lat="55.7625713" lon="37.5766553"/>
  <node id="11064467079" timestamp="2023-07-24T08:46:08Z" uid="260756" user="Felis Pimeja" visible="true" version="1" changeset="138927867" lat="55.7625513" lon="37.5764937"/>
  <node id="11064467080" timestamp="2023-07-24T08:46:08Z" uid="260756" user="Felis Pimeja" visible="true" version="1" changeset="138927867" lat="55.7624985" lon="37.5764481"/>
  <node id="11064467081" timestamp="2023-07-24T08:46:08Z" uid="260756" user="Felis Pimeja" visible="true" version="1" changeset="138927867" lat="55.7624823" lon="37.5764608"/>
  <node id="11064467082" timestamp="2023-07-24T08:46:08Z" uid="260756" user="Felis Pimeja" visible="true" version="1" changeset="138927867" lat="55.7625396" lon="37.5762838"/>
  <node id="11064467083" timestamp="2023-07-24T08:46:08Z" uid="260756" user="Felis Pimeja" visible="true" version="1" changeset="138927867" lat="55.7627328" lon="37.5761336"/>
  <node id="11064467084" timestamp="2023-07-24T08:46:08Z" uid="260756" user="Felis Pimeja" visible="true" version="1" changeset="138927867" lat="55.7626815" lon="37.5761645"/>
  <node id="11064467089" action="modify" timestamp="2023-07-24T08:46:08Z" uid="260756" user="Felis Pimeja" visible="true" version="1" changeset="138927867" lat="55.76323643361" lon="37.57784864078"/>
  <node id="11064467090" action="modify" timestamp="2023-07-24T08:46:08Z" uid="260756" user="Felis Pimeja" visible="true" version="1" changeset="138927867" lat="55.76323563361" lon="37.57791766127"/>
  <node id="11064467091" action="modify" timestamp="2023-07-24T08:46:08Z" uid="260756" user="Felis Pimeja" visible="true" version="1" changeset="138927867" lat="55.76326737175" lon="37.5779195156"/>
  <node id="11064467092" action="modify" timestamp="2023-07-24T08:46:08Z" uid="260756" user="Felis Pimeja" visible="true" version="1" changeset="138927867" lat="55.76326883371" lon="37.57784914078"/>
  <node id="11064467097" timestamp="2023-07-24T08:46:08Z" uid="260756" user="Felis Pimeja" visible="true" version="1" changeset="138927867" lat="55.7633089" lon="37.5768275"/>
  <node id="11064467098" timestamp="2023-07-24T08:46:08Z" uid="260756" user="Felis Pimeja" visible="true" version="1" changeset="138927867" lat="55.7633165" lon="37.5769174"/>
  <node id="11064467099" timestamp="2023-07-24T08:46:08Z" uid="260756" user="Felis Pimeja" visible="true" version="1" changeset="138927867" lat="55.7633489" lon="37.5769088"/>
  <node id="11064467100" timestamp="2023-07-24T08:46:08Z" uid="260756" user="Felis Pimeja" visible="true" version="1" changeset="138927867" lat="55.7633413" lon="37.5768189"/>
  <node id="11064497217" action="modify" timestamp="2023-07-24T08:46:08Z" uid="260756" user="Felis Pimeja" visible="true" version="1" changeset="138927867" lat="55.76379299152" lon="37.57569090393"/>
  <node id="11064497218" action="modify" timestamp="2023-07-24T08:46:08Z" uid="260756" user="Felis Pimeja" visible="true" version="1" changeset="138927867" lat="55.7637839915" lon="37.57566350393"/>
  <node id="11064497219" action="modify" timestamp="2023-07-24T08:46:08Z" uid="260756" user="Felis Pimeja" visible="true" version="1" changeset="138927867" lat="55.7637134914" lon="37.57577320393"/>
  <node id="11064497220" action="modify" timestamp="2023-07-24T08:46:08Z" uid="260756" user="Felis Pimeja" visible="true" version="1" changeset="138927867" lat="55.76377389149" lon="37.57595770393"/>
  <node id="11064497221" action="modify" timestamp="2023-07-24T08:46:08Z" uid="260756" user="Felis Pimeja" visible="true" version="1" changeset="138927867" lat="55.76388739166" lon="37.57584020393"/>
  <node id="11064497222" action="modify" timestamp="2023-07-24T08:46:08Z" uid="260756" user="Felis Pimeja" visible="true" version="1" changeset="138927867" lat="55.76381799155" lon="37.57562830393"/>
  <node id="11064497227" timestamp="2023-07-24T08:46:08Z" uid="260756" user="Felis Pimeja" visible="true" version="1" changeset="138927867" lat="55.7629136" lon="37.5760979"/>
  <node id="11064497228" timestamp="2023-07-24T08:46:08Z" uid="260756" user="Felis Pimeja" visible="true" version="1" changeset="138927867" lat="55.7630207" lon="37.5760214"/>
  <node id="11064497229" timestamp="2023-07-24T08:46:08Z" uid="260756" user="Felis Pimeja" visible="true" version="1" changeset="138927867" lat="55.7630557" lon="37.5761765"/>
  <node id="11064497230" timestamp="2023-07-24T08:46:08Z" uid="260756" user="Felis Pimeja" visible="true" version="1" changeset="138927867" lat="55.7629486" lon="37.576253"/>
  <node id="11064497231" timestamp="2023-07-24T08:46:08Z" uid="260756" user="Felis Pimeja" visible="true" version="1" changeset="138927867" lat="55.7621163" lon="37.5766607"/>
  <node id="11064497232" timestamp="2023-07-24T08:46:08Z" uid="260756" user="Felis Pimeja" visible="true" version="1" changeset="138927867" lat="55.7621457" lon="37.5763463"/>
  <node id="11064497233" timestamp="2023-07-24T08:46:08Z" uid="260756" user="Felis Pimeja" visible="true" version="1" changeset="138927867" lat="55.7621635" lon="37.5763267"/>
  <node id="11064497234" timestamp="2023-07-24T08:46:08Z" uid="260756" user="Felis Pimeja" visible="true" version="1" changeset="138927867" lat="55.7621844" lon="37.5763228"/>
  <node id="11064497235" timestamp="2023-07-24T08:46:08Z" uid="260756" user="Felis Pimeja" visible="true" version="1" changeset="138927867" lat="55.7622041" lon="37.5763353"/>
  <node id="11064497236" timestamp="2023-07-24T08:46:08Z" uid="260756" user="Felis Pimeja" visible="true" version="1" changeset="138927867" lat="55.7622188" lon="37.5763618"/>
  <node id="11064497237" timestamp="2023-07-24T08:46:08Z" uid="260756" user="Felis Pimeja" visible="true" version="1" changeset="138927867" lat="55.7622256" lon="37.576397"/>
  <node id="11064497238" timestamp="2023-07-24T08:46:08Z" uid="260756" user="Felis Pimeja" visible="true" version="1" changeset="138927867" lat="55.7622118" lon="37.5764654"/>
  <node id="11064497239" timestamp="2023-07-24T08:46:08Z" uid="260756" user="Felis Pimeja" visible="true" version="1" changeset="138927867" lat="55.762194" lon="37.576485"/>
  <node id="11064497240" timestamp="2023-07-24T08:46:08Z" uid="260756" user="Felis Pimeja" visible="true" version="1" changeset="138927867" lat="55.7621732" lon="37.5764889"/>
  <node id="11064497241" timestamp="2023-07-24T08:46:08Z" uid="260756" user="Felis Pimeja" visible="true" version="1" changeset="138927867" lat="55.7621535" lon="37.5764764"/>
  <node id="11064497242" timestamp="2023-07-24T08:46:08Z" uid="260756" user="Felis Pimeja" visible="true" version="1" changeset="138927867" lat="55.7621388" lon="37.5764499"/>
  <node id="11064497243" timestamp="2023-07-24T08:46:08Z" uid="260756" user="Felis Pimeja" visible="true" version="1" changeset="138927867" lat="55.762132" lon="37.5764147"/>
  <node id="11064497244" timestamp="2023-07-24T08:46:08Z" uid="260756" user="Felis Pimeja" visible="true" version="1" changeset="138927867" lat="55.7621344" lon="37.5763777"/>
  <node id="11064497245" timestamp="2023-07-24T08:46:08Z" uid="260756" user="Felis Pimeja" visible="true" version="1" changeset="138927867" lat="55.7622231" lon="37.576434"/>
  <node id="11064497251" timestamp="2023-07-24T08:46:08Z" uid="260756" user="Felis Pimeja" visible="true" version="1" changeset="138927867" lat="55.7624106" lon="37.5768048"/>
  <node id="11064497252" timestamp="2023-07-24T08:46:08Z" uid="260756" user="Felis Pimeja" visible="true" version="1" changeset="138927867" lat="55.7619296" lon="37.5767589"/>
  <node id="11064497253" timestamp="2023-07-24T08:46:08Z" uid="260756" user="Felis Pimeja" visible="true" version="1" changeset="138927867" lat="55.7619281" lon="37.5767723"/>
  <node id="11064497254" timestamp="2023-07-24T08:46:08Z" uid="260756" user="Felis Pimeja" visible="true" version="1" changeset="138927867" lat="55.7619307" lon="37.5767991"/>
  <node id="11064497255" timestamp="2023-07-24T08:46:08Z" uid="260756" user="Felis Pimeja" visible="true" version="1" changeset="138927867" lat="55.7619345" lon="37.5768105"/>
  <node id="11064497256" timestamp="2023-07-24T08:46:08Z" uid="260756" user="Felis Pimeja" visible="true" version="1" changeset="138927867" lat="55.7619443" lon="37.5768172"/>
  <node id="11064497257" timestamp="2023-07-24T08:46:08Z" uid="260756" user="Felis Pimeja" visible="true" version="1" changeset="138927867" lat="55.7620009" lon="37.5767911"/>
  <node id="11064497258" timestamp="2023-07-24T08:46:08Z" uid="260756" user="Felis Pimeja" visible="true" version="1" changeset="138927867" lat="55.7620058" lon="37.5767649"/>
  <node id="11064497259" timestamp="2023-07-24T08:46:08Z" uid="260756" user="Felis Pimeja" visible="true" version="1" changeset="138927867" lat="55.7620032" lon="37.5767415"/>
  <node id="11064497260" timestamp="2023-07-24T08:46:08Z" uid="260756" user="Felis Pimeja" visible="true" version="1" changeset="138927867" lat="55.7619911" lon="37.5767254"/>
  <node id="11064497261" timestamp="2023-07-24T08:46:08Z" uid="260756" user="Felis Pimeja" visible="true" version="1" changeset="138927867" lat="55.7619356" lon="37.5767462"/>
  <node id="11064497271" timestamp="2023-07-24T08:46:08Z" uid="260756" user="Felis Pimeja" visible="true" version="1" changeset="138927867" lat="55.7623407" lon="37.5784863"/>
  <node id="11064497272" timestamp="2023-07-24T08:46:08Z" uid="260756" user="Felis Pimeja" visible="true" version="1" changeset="138927867" lat="55.7623736" lon="37.5784548"/>
  <node id="11064497273" timestamp="2023-07-24T08:46:08Z" uid="260756" user="Felis Pimeja" visible="true" version="1" changeset="138927867" lat="55.7623887" lon="37.5785047"/>
  <node id="11064497274" timestamp="2023-07-24T08:46:08Z" uid="260756" user="Felis Pimeja" visible="true" version="1" changeset="138927867" lat="55.7623559" lon="37.5785362"/>
  <node id="11064497530" timestamp="2023-07-24T08:46:08Z" uid="260756" user="Felis Pimeja" visible="true" version="1" changeset="138927867" lat="55.7623427" lon="37.5782807"/>
  <node id="11064497531" timestamp="2023-07-24T08:46:08Z" uid="260756" user="Felis Pimeja" visible="true" version="1" changeset="138927867" lat="55.7622748" lon="37.5783424"/>
  <node id="11064497532" timestamp="2023-07-24T08:46:08Z" uid="260756" user="Felis Pimeja" visible="true" version="1" changeset="138927867" lat="55.7621397" lon="37.5783826"/>
  <node id="11064497533" timestamp="2023-07-24T08:46:08Z" uid="260756" user="Felis Pimeja" visible="true" version="1" changeset="138927867" lat="55.7619903" lon="37.5784202"/>
  <node id="11064497534" timestamp="2023-07-24T08:46:08Z" uid="260756" user="Felis Pimeja" visible="true" version="1" changeset="138927867" lat="55.7619066" lon="37.5784497"/>
  <node id="11064497535" timestamp="2023-07-24T08:46:08Z" uid="260756" user="Felis Pimeja" visible="true" version="1" changeset="138927867" lat="55.7617587" lon="37.5784618"/>
  <node id="11064497536" timestamp="2023-07-24T08:46:08Z" uid="260756" user="Felis Pimeja" visible="true" version="1" changeset="138927867" lat="55.7616334" lon="37.5784859"/>
  <node id="11064497537" timestamp="2023-07-24T08:46:08Z" uid="260756" user="Felis Pimeja" visible="true" version="1" changeset="138927867" lat="55.7614795" lon="37.5783987"/>
  <node id="11064497538" timestamp="2023-07-24T08:46:08Z" uid="260756" user="Felis Pimeja" visible="true" version="1" changeset="138927867" lat="55.7619882" lon="37.5763857"/>
  <node id="11064497539" timestamp="2023-07-24T08:46:08Z" uid="260756" user="Felis Pimeja" visible="true" version="1" changeset="138927867" lat="55.7619632" lon="37.5763482"/>
  <node id="11064497540" timestamp="2023-07-24T08:46:08Z" uid="260756" user="Felis Pimeja" visible="true" version="1" changeset="138927867" lat="55.7619285" lon="37.5763388"/>
  <node id="11064497541" timestamp="2023-07-24T08:46:08Z" uid="260756" user="Felis Pimeja" visible="true" version="1" changeset="138927867" lat="55.7617881" lon="37.5764179"/>
  <node id="11064497542" timestamp="2023-07-24T08:46:08Z" uid="260756" user="Felis Pimeja" visible="true" version="1" changeset="138927867" lat="55.7617315" lon="37.5764528"/>
  <node id="11064497543" timestamp="2023-07-24T08:46:08Z" uid="260756" user="Felis Pimeja" visible="true" version="1" changeset="138927867" lat="55.7616621" lon="37.5765681"/>
  <node id="11064497544" timestamp="2023-07-24T08:46:08Z" uid="260756" user="Felis Pimeja" visible="true" version="1" changeset="138927867" lat="55.7616395" lon="37.5765869"/>
  <node id="11064497545" timestamp="2023-07-24T08:46:08Z" uid="260756" user="Felis Pimeja" visible="true" version="1" changeset="138927867" lat="55.7616146" lon="37.5765976"/>
  <node id="11064497546" timestamp="2023-07-24T08:46:08Z" uid="260756" user="Felis Pimeja" visible="true" version="1" changeset="138927867" lat="55.7615738" lon="37.5766218"/>
  <node id="11064497547" timestamp="2023-07-24T08:46:08Z" uid="260756" user="Felis Pimeja" visible="true" version="1" changeset="138927867" lat="55.7615406" lon="37.5766338"/>
  <node id="11064497548" timestamp="2023-07-24T08:46:08Z" uid="260756" user="Felis Pimeja" visible="true" version="1" changeset="138927867" lat="55.7614569" lon="37.5766714"/>
  <node id="11064497549" timestamp="2023-07-24T08:46:08Z" uid="260756" user="Felis Pimeja" visible="true" version="1" changeset="138927867" lat="55.7614508" lon="37.5766794"/>
  <node id="11064497550" timestamp="2023-07-24T08:46:08Z" uid="260756" user="Felis Pimeja" visible="true" version="1" changeset="138927867" lat="55.7614312" lon="37.5766633"/>
  <node id="11064497551" timestamp="2023-07-24T08:46:08Z" uid="260756" user="Felis Pimeja" visible="true" version="1" changeset="138927867" lat="55.761401" lon="37.5766835"/>
  <node id="11064497552" timestamp="2023-07-24T08:46:08Z" uid="260756" user="Felis Pimeja" visible="true" version="1" changeset="138927867" lat="55.7613912" lon="37.576721"/>
  <node id="11064497553" timestamp="2023-07-24T08:46:08Z" uid="260756" user="Felis Pimeja" visible="true" version="1" changeset="138927867" lat="55.7613339" lon="37.5768256"/>
  <node id="11064497554" timestamp="2023-07-24T08:46:08Z" uid="260756" user="Felis Pimeja" visible="true" version="1" changeset="138927867" lat="55.7613271" lon="37.5769101"/>
  <node id="11064497555" timestamp="2023-07-24T08:46:08Z" uid="260756" user="Felis Pimeja" visible="true" version="1" changeset="138927867" lat="55.7613263" lon="37.5769772"/>
  <node id="11064497556" timestamp="2023-07-24T08:46:08Z" uid="260756" user="Felis Pimeja" visible="true" version="1" changeset="138927867" lat="55.7613324" lon="37.5770684"/>
  <node id="11064497557" timestamp="2023-07-24T08:46:08Z" uid="260756" user="Felis Pimeja" visible="true" version="1" changeset="138927867" lat="55.7613399" lon="37.5771542"/>
  <node id="11064497558" timestamp="2023-07-24T08:46:08Z" uid="260756" user="Felis Pimeja" visible="true" version="1" changeset="138927867" lat="55.7613346" lon="37.5771877"/>
  <node id="11064497559" timestamp="2023-07-24T08:46:08Z" uid="260756" user="Felis Pimeja" visible="true" version="1" changeset="138927867" lat="55.7613097" lon="37.5772065"/>
  <node id="11064497560" timestamp="2023-07-24T08:46:08Z" uid="260756" user="Felis Pimeja" visible="true" version="1" changeset="138927867" lat="55.7612758" lon="37.5772172"/>
  <node id="11064497561" timestamp="2023-07-24T08:46:08Z" uid="260756" user="Felis Pimeja" visible="true" version="1" changeset="138927867" lat="55.761266" lon="37.5772776"/>
  <node id="11064497562" timestamp="2023-07-24T08:46:08Z" uid="260756" user="Felis Pimeja" visible="true" version="1" changeset="138927867" lat="55.7612682" lon="37.57735"/>
  <node id="11064497563" timestamp="2023-07-24T08:46:08Z" uid="260756" user="Felis Pimeja" visible="true" version="1" changeset="138927867" lat="55.7612592" lon="37.5774372"/>
  <node id="11064497564" timestamp="2023-07-24T08:46:08Z" uid="260756" user="Felis Pimeja" visible="true" version="1" changeset="138927867" lat="55.7612509" lon="37.5775485"/>
  <node id="11064497565" timestamp="2023-07-24T08:46:08Z" uid="260756" user="Felis Pimeja" visible="true" version="1" changeset="138927867" lat="55.7612426" lon="37.5776719"/>
  <node id="11064497566" timestamp="2023-07-24T08:46:08Z" uid="260756" user="Felis Pimeja" visible="true" version="1" changeset="138927867" lat="55.7612214" lon="37.5778931"/>
  <node id="11064497567" timestamp="2023-07-24T08:46:08Z" uid="260756" user="Felis Pimeja" visible="true" version="1" changeset="138927867" lat="55.761266" lon="37.5779012"/>
  <node id="11064497568" timestamp="2023-07-24T08:46:08Z" uid="260756" user="Felis Pimeja" visible="true" version="1" changeset="138927867" lat="55.761318" lon="37.5779521"/>
  <node id="11064497569" timestamp="2023-07-24T08:46:08Z" uid="260756" user="Felis Pimeja" visible="true" version="1" changeset="138927867" lat="55.7613452" lon="37.5779991"/>
  <node id="11064497570" timestamp="2023-07-24T08:46:08Z" uid="260756" user="Felis Pimeja" visible="true" version="1" changeset="138927867" lat="55.7613784" lon="37.5780742"/>
  <node id="11064497571" timestamp="2023-07-24T08:46:08Z" uid="260756" user="Felis Pimeja" visible="true" version="1" changeset="138927867" lat="55.7613874" lon="37.5781788"/>
  <node id="11064497572" timestamp="2023-07-24T08:46:08Z" uid="260756" user="Felis Pimeja" visible="true" version="1" changeset="138927867" lat="55.7613882" lon="37.5782619"/>
  <node id="11064497573" timestamp="2023-07-24T08:46:08Z" uid="260756" user="Felis Pimeja" visible="true" version="1" changeset="138927867" lat="55.7614169" lon="37.5783209"/>
  <node id="11064497574" timestamp="2023-07-24T08:46:08Z" uid="260756" user="Felis Pimeja" visible="true" version="1" changeset="138927867" lat="55.7625796" lon="37.5778945"/>
  <node id="11064497584" timestamp="2023-07-24T08:46:08Z" uid="260756" user="Felis Pimeja" visible="true" version="1" changeset="138927867" lat="55.7621458" lon="37.5780031"/>
  <node id="11064497585" timestamp="2023-07-24T08:46:08Z" uid="260756" user="Felis Pimeja" visible="true" version="1" changeset="138927867" lat="55.7620281" lon="37.5780715"/>
  <node id="11064497586" timestamp="2023-07-24T08:46:08Z" uid="260756" user="Felis Pimeja" visible="true" version="1" changeset="138927867" lat="55.7620439" lon="37.5781775"/>
  <node id="11064497587" timestamp="2023-07-24T08:46:08Z" uid="260756" user="Felis Pimeja" visible="true" version="1" changeset="138927867" lat="55.7620624" lon="37.5781821"/>
  <node id="11064497588" timestamp="2023-07-24T08:46:08Z" uid="260756" user="Felis Pimeja" visible="true" version="1" changeset="138927867" lat="55.7621646" lon="37.5781184"/>
  <node id="11064497591" action="modify" timestamp="2023-07-24T08:46:08Z" uid="260756" user="Felis Pimeja" visible="true" version="1" changeset="138927867" lat="55.76173065202" lon="37.57807873464"/>
  <node id="11064497592" action="modify" timestamp="2023-07-24T08:46:08Z" uid="260756" user="Felis Pimeja" visible="true" version="1" changeset="138927867" lat="55.76174235202" lon="37.57807573464"/>
  <node id="11064497593" action="modify" timestamp="2023-07-24T08:46:08Z" uid="260756" user="Felis Pimeja" visible="true" version="1" changeset="138927867" lat="55.76175275202" lon="37.57808553464"/>
  <node id="11064497594" action="modify" timestamp="2023-07-24T08:46:08Z" uid="260756" user="Felis Pimeja" visible="true" version="1" changeset="138927867" lat="55.76175795202" lon="37.57810423464"/>
  <node id="11064497595" action="modify" timestamp="2023-07-24T08:46:08Z" uid="260756" user="Felis Pimeja" visible="true" version="1" changeset="138927867" lat="55.76174755202" lon="37.57813953464"/>
  <node id="11064497596" action="modify" timestamp="2023-07-24T08:46:08Z" uid="260756" user="Felis Pimeja" visible="true" version="1" changeset="138927867" lat="55.76173595202" lon="37.57814253464"/>
  <node id="11064497597" action="modify" timestamp="2023-07-24T08:46:08Z" uid="260756" user="Felis Pimeja" visible="true" version="1" changeset="138927867" lat="55.76172545202" lon="37.57813283464"/>
  <node id="11064497598" action="modify" timestamp="2023-07-24T08:46:08Z" uid="260756" user="Felis Pimeja" visible="true" version="1" changeset="138927867" lat="55.76172025202" lon="37.57811403464"/>
  <node id="11064497599" action="modify" timestamp="2023-07-24T08:46:08Z" uid="260756" user="Felis Pimeja" visible="true" version="1" changeset="138927867" lat="55.76172225202" lon="37.57809343464"/>
  <node id="11064497600" action="modify" timestamp="2023-07-24T08:46:08Z" uid="260756" user="Felis Pimeja" visible="true" version="1" changeset="138927867" lat="55.76175605202" lon="37.57812493464"/>
  <node id="11064497601" timestamp="2023-07-24T08:46:08Z" uid="260756" user="Felis Pimeja" visible="true" version="1" changeset="138927867" lat="55.7617809" lon="37.5767045"/>
  <node id="11064497602" timestamp="2023-07-24T08:46:08Z" uid="260756" user="Felis Pimeja" visible="true" version="1" changeset="138927867" lat="55.7617847" lon="37.5766917"/>
  <node id="11064497603" timestamp="2023-07-24T08:46:08Z" uid="260756" user="Felis Pimeja" visible="true" version="1" changeset="138927867" lat="55.7617812" lon="37.5766729"/>
  <node id="11064497604" timestamp="2023-07-24T08:46:08Z" uid="260756" user="Felis Pimeja" visible="true" version="1" changeset="138927867" lat="55.761776" lon="37.5766645"/>
  <node id="11064497605" timestamp="2023-07-24T08:46:08Z" uid="260756" user="Felis Pimeja" visible="true" version="1" changeset="138927867" lat="55.761756" lon="37.5766757"/>
  <node id="11064497606" timestamp="2023-07-24T08:46:08Z" uid="260756" user="Felis Pimeja" visible="true" version="1" changeset="138927867" lat="55.7617523" lon="37.5766885"/>
  <node id="11064497607" timestamp="2023-07-24T08:46:08Z" uid="260756" user="Felis Pimeja" visible="true" version="1" changeset="138927867" lat="55.7617568" lon="37.5767089"/>
  <node id="11064497608" timestamp="2023-07-24T08:46:08Z" uid="260756" user="Felis Pimeja" visible="true" version="1" changeset="138927867" lat="55.7617625" lon="37.5767146"/>
  <node id="11064497609" timestamp="2023-07-24T08:46:08Z" uid="260756" user="Felis Pimeja" visible="true" version="1" changeset="138927867" lat="55.7616549" lon="37.5769205"/>
  <node id="11064497610" timestamp="2023-07-24T08:46:08Z" uid="260756" user="Felis Pimeja" visible="true" version="1" changeset="138927867" lat="55.7616549" lon="37.5768997"/>
  <node id="11064497611" timestamp="2023-07-24T08:46:08Z" uid="260756" user="Felis Pimeja" visible="true" version="1" changeset="138927867" lat="55.7616393" lon="37.5768742"/>
  <node id="11064497612" timestamp="2023-07-24T08:46:08Z" uid="260756" user="Felis Pimeja" visible="true" version="1" changeset="138927867" lat="55.7616295" lon="37.5768752"/>
  <node id="11064497613" timestamp="2023-07-24T08:46:08Z" uid="260756" user="Felis Pimeja" visible="true" version="1" changeset="138927867" lat="55.7616185" lon="37.576895"/>
  <node id="11064497614" timestamp="2023-07-24T08:46:08Z" uid="260756" user="Felis Pimeja" visible="true" version="1" changeset="138927867" lat="55.7616185" lon="37.5769165"/>
  <node id="11064497615" timestamp="2023-07-24T08:46:08Z" uid="260756" user="Felis Pimeja" visible="true" version="1" changeset="138927867" lat="55.7616297" lon="37.5769403"/>
  <node id="11064497616" timestamp="2023-07-24T08:46:08Z" uid="260756" user="Felis Pimeja" visible="true" version="1" changeset="138927867" lat="55.7616423" lon="37.5769433"/>
  <node id="11064497617" timestamp="2023-07-24T08:46:08Z" uid="260756" user="Felis Pimeja" visible="true" version="1" changeset="138927867" lat="55.7618598" lon="37.5772571"/>
  <node id="11064497618" timestamp="2023-07-24T08:46:08Z" uid="260756" user="Felis Pimeja" visible="true" version="1" changeset="138927867" lat="55.7618583" lon="37.5772705"/>
  <node id="11064497619" timestamp="2023-07-24T08:46:08Z" uid="260756" user="Felis Pimeja" visible="true" version="1" changeset="138927867" lat="55.7618609" lon="37.5772974"/>
  <node id="11064497620" timestamp="2023-07-24T08:46:08Z" uid="260756" user="Felis Pimeja" visible="true" version="1" changeset="138927867" lat="55.7618647" lon="37.5773088"/>
  <node id="11064497621" timestamp="2023-07-24T08:46:08Z" uid="260756" user="Felis Pimeja" visible="true" version="1" changeset="138927867" lat="55.7618745" lon="37.5773155"/>
  <node id="11064497622" timestamp="2023-07-24T08:46:08Z" uid="260756" user="Felis Pimeja" visible="true" version="1" changeset="138927867" lat="55.7619311" lon="37.5772893"/>
  <node id="11064497623" timestamp="2023-07-24T08:46:08Z" uid="260756" user="Felis Pimeja" visible="true" version="1" changeset="138927867" lat="55.761936" lon="37.5772632"/>
  <node id="11064497624" timestamp="2023-07-24T08:46:08Z" uid="260756" user="Felis Pimeja" visible="true" version="1" changeset="138927867" lat="55.7619334" lon="37.5772397"/>
  <node id="11064497625" timestamp="2023-07-24T08:46:08Z" uid="260756" user="Felis Pimeja" visible="true" version="1" changeset="138927867" lat="55.7619213" lon="37.5772236"/>
  <node id="11064497626" timestamp="2023-07-24T08:46:08Z" uid="260756" user="Felis Pimeja" visible="true" version="1" changeset="138927867" lat="55.7618658" lon="37.5772444"/>
  <node id="11064497652" timestamp="2023-07-24T08:46:08Z" uid="260756" user="Felis Pimeja" visible="true" version="1" changeset="138927867" lat="55.7616344" lon="37.577833"/>
  <node id="11064497653" timestamp="2023-07-24T08:46:08Z" uid="260756" user="Felis Pimeja" visible="true" version="1" changeset="138927867" lat="55.7616261" lon="37.5775232"/>
  <node id="11064497654" timestamp="2023-07-24T08:46:08Z" uid="260756" user="Felis Pimeja" visible="true" version="1" changeset="138927867" lat="55.7617632" lon="37.5778221"/>
  <node id="11064497655" timestamp="2023-07-24T08:46:08Z" uid="260756" user="Felis Pimeja" visible="true" version="1" changeset="138927867" lat="55.7617549" lon="37.5775123"/>
  <node id="11064497656" timestamp="2023-07-24T08:46:08Z" uid="260756" user="Felis Pimeja" visible="true" version="1" changeset="138927867" lat="55.7615301" lon="37.5772467"/>
  <node id="11064497657" timestamp="2023-07-24T08:46:08Z" uid="260756" user="Felis Pimeja" visible="true" version="1" changeset="138927867" lat="55.7615282" lon="37.5772313"/>
  <node id="11064497658" timestamp="2023-07-24T08:46:08Z" uid="260756" user="Felis Pimeja" visible="true" version="1" changeset="138927867" lat="55.7615061" lon="37.5772068"/>
  <node id="11064497659" timestamp="2023-07-24T08:46:08Z" uid="260756" user="Felis Pimeja" visible="true" version="1" changeset="138927867" lat="55.7614961" lon="37.5772085"/>
  <node id="11064497660" timestamp="2023-07-24T08:46:08Z" uid="260756" user="Felis Pimeja" visible="true" version="1" changeset="138927867" lat="55.7614725" lon="37.577291"/>
  <node id="11064497661" timestamp="2023-07-24T08:46:08Z" uid="260756" user="Felis Pimeja" visible="true" version="1" changeset="138927867" lat="55.7614718" lon="37.5773047"/>
  <node id="11064497662" timestamp="2023-07-24T08:46:08Z" uid="260756" user="Felis Pimeja" visible="true" version="1" changeset="138927867" lat="55.7614755" lon="37.5773238"/>
  <node id="11064497663" timestamp="2023-07-24T08:46:08Z" uid="260756" user="Felis Pimeja" visible="true" version="1" changeset="138927867" lat="55.7614918" lon="37.5773339"/>
  <node id="11064497664" timestamp="2023-07-24T08:46:08Z" uid="260756" user="Felis Pimeja" visible="true" version="1" changeset="138927867" lat="55.761504" lon="37.5773316"/>
  <node id="11071976157" timestamp="2023-07-27T20:57:55Z" uid="830106" user="literan" visible="true" version="1" changeset="139107196" lat="55.7654486" lon="37.5778744"/>
  <node id="11071976158" timestamp="2023-07-27T20:57:55Z" uid="830106" user="literan" visible="true" version="1" changeset="139107196" lat="55.7654249" lon="37.5768578"/>
  <node id="11394908553" timestamp="2023-12-04T20:08:00Z" uid="9133906" user="stargunru" visible="true" version="1" changeset="144768421" lat="55.761415" lon="37.5828378"/>
  <node id="11394908554" timestamp="2023-12-04T20:08:00Z" uid="9133906" user="stargunru" visible="true" version="1" changeset="144768421" lat="55.7613794" lon="37.5829836"/>
  <node id="11394908555" timestamp="2023-12-04T20:08:00Z" uid="9133906" user="stargunru" visible="true" version="1" changeset="144768421" lat="55.7614109" lon="37.5830079"/>
  <node id="11394908556" timestamp="2023-12-04T20:08:00Z" uid="9133906" user="stargunru" visible="true" version="1" changeset="144768421" lat="55.7614465" lon="37.5828621"/>
  <node id="12444699962" timestamp="2024-12-23T17:05:13Z" uid="830106" user="literan" visible="true" version="1" changeset="160546661" lat="55.7621565" lon="37.5842063"/>
  <node id="12444699963" timestamp="2024-12-23T17:05:13Z" uid="830106" user="literan" visible="true" version="1" changeset="160546661" lat="55.7617564" lon="37.5839023"/>
  <node id="12444699980" timestamp="2024-12-23T17:05:13Z" uid="830106" user="literan" visible="true" version="1" changeset="160546661" lat="55.7618075" lon="37.5839983"/>
  <node id="12870688995" timestamp="2025-05-28T09:51:55Z" uid="1925053" user="J_Doe" visible="true" version="1" changeset="166867159" lat="55.7629414" lon="37.5830731"/>
  <node id="12992494887" timestamp="2025-07-10T14:37:30Z" uid="18586674" user="RRIbarruri" visible="true" version="1" changeset="168747000" lat="55.7611257" lon="37.5773257"/>
  <node id="13228289141" timestamp="2025-10-12T18:59:49Z" uid="23041867" user="Ozon OSM15" visible="true" version="1" changeset="173195620" lat="55.7637995" lon="37.5742906"/>
  <node id="13228289142" timestamp="2025-10-12T18:59:49Z" uid="23041867" user="Ozon OSM15" visible="true" version="1" changeset="173195620" lat="55.7638056" lon="37.5743944"/>
  <node id="13228289143" timestamp="2025-10-12T18:59:49Z" uid="23041867" user="Ozon OSM15" visible="true" version="1" changeset="173195620" lat="55.7637303" lon="37.5744085"/>
  <node id="13228289144" timestamp="2025-10-12T18:59:49Z" uid="23041867" user="Ozon OSM15" visible="true" version="1" changeset="173195620" lat="55.7637242" lon="37.5743047"/>
  <node id="13285470394" timestamp="2025-11-06T16:01:44Z" uid="5712144" user="ednzxt" visible="true" version="1" changeset="174295628" lat="55.7645446" lon="37.5753798"/>
  <node id="13285470395" timestamp="2025-11-06T16:01:44Z" uid="5712144" user="ednzxt" visible="true" version="1" changeset="174295628" lat="55.7645417" lon="37.5749686"/>
  <node id="13285470396" timestamp="2025-11-06T16:01:44Z" uid="5712144" user="ednzxt" visible="true" version="1" changeset="174295628" lat="55.764552" lon="37.5749751"/>
  <node id="13285470397" timestamp="2025-11-06T16:01:44Z" uid="5712144" user="ednzxt" visible="true" version="1" changeset="174295628" lat="55.7645738" lon="37.5752299"/>
  <node id="13285470398" timestamp="2025-11-06T16:01:44Z" uid="5712144" user="ednzxt" visible="true" version="1" changeset="174295628" lat="55.764064" lon="37.5758087"/>
  <node id="13285470399" timestamp="2025-11-06T16:01:44Z" uid="5712144" user="ednzxt" visible="true" version="1" changeset="174295628" lat="55.7640694" lon="37.5758315"/>
  <node id="13285471869" timestamp="2025-11-06T16:02:13Z" uid="5712144" user="ednzxt" visible="true" version="1" changeset="174295659" lat="55.7646186" lon="37.5756291"/>
  <node id="13285471870" timestamp="2025-11-06T16:02:13Z" uid="5712144" user="ednzxt" visible="true" version="1" changeset="174295659" lat="55.764629" lon="37.5756192"/>
  <node id="13285481901" timestamp="2025-11-06T16:01:44Z" uid="5712144" user="ednzxt" visible="true" version="1" changeset="174295628" lat="55.7641873" lon="37.5756511"/>
  <node id="13285481902" timestamp="2025-11-06T16:01:44Z" uid="5712144" user="ednzxt" visible="true" version="1" changeset="174295628" lat="55.7641792" lon="37.5756367"/>
  <node id="13285481903" timestamp="2025-11-06T16:01:44Z" uid="5712144" user="ednzxt" visible="true" version="1" changeset="174295628" lat="55.7643297" lon="37.5758357"/>
  <node id="13285481904" timestamp="2025-11-06T16:01:44Z" uid="5712144" user="ednzxt" visible="true" version="1" changeset="174295628" lat="55.7643407" lon="37.5758243"/>
  <node id="13285481905" timestamp="2025-11-06T16:01:44Z" uid="5712144" user="ednzxt" visible="true" version="1" changeset="174295628" lat="55.7643275" lon="37.57578"/>
  <node id="13285481906" timestamp="2025-11-06T16:01:44Z" uid="5712144" user="ednzxt" visible="true" version="1" changeset="174295628" lat="55.7643169" lon="37.5757897"/>
  <node id="13285481907" timestamp="2025-11-06T16:01:44Z" uid="5712144" user="ednzxt" visible="true" version="1" changeset="174295628" lat="55.7644097" lon="37.5749758"/>
  <node id="13285481908" timestamp="2025-11-06T16:01:44Z" uid="5712144" user="ednzxt" visible="true" version="1" changeset="174295628" lat="55.7644207" lon="37.5750037"/>
  <node id="13285481909" timestamp="2025-11-06T16:01:44Z" uid="5712144" user="ednzxt" visible="true" version="1" changeset="174295628" lat="55.7644327" lon="37.5750212"/>
  <node id="13285481910" timestamp="2025-11-06T16:01:44Z" uid="5712144" user="ednzxt" visible="true" version="1" changeset="174295628" lat="55.7644516" lon="37.5750507"/>
  <node id="13285481911" timestamp="2025-11-06T16:01:44Z" uid="5712144" user="ednzxt" visible="true" version="1" changeset="174295628" lat="55.7644674" lon="37.5750855"/>
  <node id="13285481912" timestamp="2025-11-06T16:01:44Z" uid="5712144" user="ednzxt" visible="true" version="1" changeset="174295628" lat="55.7644063" lon="37.5750098"/>
  <node id="13285481913" timestamp="2025-11-06T16:01:44Z" uid="5712144" user="ednzxt" visible="true" version="1" changeset="174295628" lat="55.7644067" lon="37.5750426"/>
  <node id="13285481914" timestamp="2025-11-06T16:01:44Z" uid="5712144" user="ednzxt" visible="true" version="1" changeset="174295628" lat="55.7644176" lon="37.5750741"/>
  <node id="13285481915" timestamp="2025-11-06T16:01:44Z" uid="5712144" user="ednzxt" visible="true" version="1" changeset="174295628" lat="55.7644331" lon="37.5750943"/>
  <node id="13285481916" timestamp="2025-11-06T16:01:44Z" uid="5712144" user="ednzxt" visible="true" version="1" changeset="174295628" lat="55.7644523" lon="37.5750969"/>
  <node id="13285481948" timestamp="2025-11-06T16:01:44Z" uid="5712144" user="ednzxt" visible="true" version="1" changeset="174295628" lat="55.7643958" lon="37.5756374"/>
  <node id="13285481949" timestamp="2025-11-06T16:01:44Z" uid="5712144" user="ednzxt" visible="true" version="1" changeset="174295628" lat="55.764696" lon="37.5753142"/>
  <node id="13285481950" timestamp="2025-11-06T16:01:44Z" uid="5712144" user="ednzxt" visible="true" version="1" changeset="174295628" lat="55.7645108" lon="37.5752049"/>
  <node id="13285481951" timestamp="2025-11-06T16:01:44Z" uid="5712144" user="ednzxt" visible="true" version="1" changeset="174295628" lat="55.7643177" lon="37.5750674"/>
  <node id="13285481952" timestamp="2025-11-06T16:01:44Z" uid="5712144" user="ednzxt" visible="true" version="1" changeset="174295628" lat="55.7642867" lon="37.5751854"/>
  <node id="13285481953" timestamp="2025-11-06T16:01:44Z" uid="5712144" user="ednzxt" visible="true" version="1" changeset="174295628" lat="55.764326" lon="37.5752894"/>
  <node id="13285481954" timestamp="2025-11-06T16:01:44Z" uid="5712144" user="ednzxt" visible="true" version="1" changeset="174295628" lat="55.7643622" lon="37.5753082"/>
  <node id="13285481955" timestamp="2025-11-06T16:01:44Z" uid="5712144" user="ednzxt" visible="true" version="1" changeset="174295628" lat="55.7644014" lon="37.5752934"/>
  <node id="13285481956" timestamp="2025-11-06T16:01:44Z" uid="5712144" user="ednzxt" visible="true" version="1" changeset="174295628" lat="55.7645451" lon="37.5752465"/>
  <node id="13285481957" timestamp="2025-11-06T16:01:44Z" uid="5712144" user="ednzxt" visible="true" version="1" changeset="174295628" lat="55.7645576" lon="37.5752498"/>
  <node id="13285481958" timestamp="2025-11-06T16:01:44Z" uid="5712144" user="ednzxt" visible="true" version="1" changeset="174295628" lat="55.7646055" lon="37.5751948"/>
  <node id="13285481959" timestamp="2025-11-06T16:01:44Z" uid="5712144" user="ednzxt" visible="true" version="1" changeset="174295628" lat="55.7645829" lon="37.5752163"/>
  <node id="13285481960" timestamp="2025-11-06T16:01:44Z" uid="5712144" user="ednzxt" visible="true" version="1" changeset="174295628" lat="55.7646327" lon="37.5751895"/>
  <node id="13285481961" timestamp="2025-11-06T16:01:44Z" uid="5712144" user="ednzxt" visible="true" version="1" changeset="174295628" lat="55.7646613" lon="37.575168"/>
  <node id="13285481962" timestamp="2025-11-06T16:01:44Z" uid="5712144" user="ednzxt" visible="true" version="1" changeset="174295628" lat="55.7646297" lon="37.5750554"/>
  <node id="13285481963" timestamp="2025-11-06T16:01:44Z" uid="5712144" user="ednzxt" visible="true" version="1" changeset="174295628" lat="55.7645776" lon="37.574991"/>
  <node id="13285481964" timestamp="2025-11-06T16:01:44Z" uid="5712144" user="ednzxt" visible="true" version="1" changeset="174295628" lat="55.7645172" lon="37.5749534"/>
  <node id="13285481965" timestamp="2025-11-06T16:01:44Z" uid="5712144" user="ednzxt" visible="true" version="1" changeset="174295628" lat="55.7644659" lon="37.5749548"/>
  <node id="13285481966" timestamp="2025-11-06T16:01:44Z" uid="5712144" user="ednzxt" visible="true" version="1" changeset="174295628" lat="55.7641324" lon="37.575573"/>
  <node id="13285481967" timestamp="2025-11-06T16:01:44Z" uid="5712144" user="ednzxt" visible="true" version="1" changeset="174295628" lat="55.7641388" lon="37.5756059"/>
  <node id="13285481968" timestamp="2025-11-06T16:01:44Z" uid="5712144" user="ednzxt" visible="true" version="1" changeset="174295628" lat="55.7641532" lon="37.5756247"/>
  <node id="13285481969" timestamp="2025-11-06T16:01:44Z" uid="5712144" user="ednzxt" visible="true" version="1" changeset="174295628" lat="55.7641739" lon="37.5756273"/>
  <node id="13285481970" timestamp="2025-11-06T16:01:44Z" uid="5712144" user="ednzxt" visible="true" version="1" changeset="174295628" lat="55.7641377" lon="37.5755408"/>
  <node id="13285481971" timestamp="2025-11-06T16:01:44Z" uid="5712144" user="ednzxt" visible="true" version="1" changeset="174295628" lat="55.7640823" lon="37.5754282"/>
  <node id="13285481972" timestamp="2025-11-06T16:01:44Z" uid="5712144" user="ednzxt" visible="true" version="1" changeset="174295628" lat="55.7641136" lon="37.57539"/>
  <node id="13285481973" timestamp="2025-11-06T16:01:44Z" uid="5712144" user="ednzxt" visible="true" version="1" changeset="174295628" lat="55.7641902" lon="37.5756877"/>
  <node id="13285481974" timestamp="2025-11-06T16:01:44Z" uid="5712144" user="ednzxt" visible="true" version="1" changeset="174295628" lat="55.7642128" lon="37.5757353"/>
  <node id="13285481975" timestamp="2025-11-06T16:01:44Z" uid="5712144" user="ednzxt" visible="true" version="1" changeset="174295628" lat="55.7641939" lon="37.5757159"/>
  <node id="13285481976" timestamp="2025-11-06T16:01:44Z" uid="5712144" user="ednzxt" visible="true" version="1" changeset="174295628" lat="55.7642294" lon="37.5757366"/>
  <node id="13285481977" timestamp="2025-11-06T16:01:44Z" uid="5712144" user="ednzxt" visible="true" version="1" changeset="174295628" lat="55.7641917" lon="37.5756589"/>
  <node id="13285481978" timestamp="2025-11-06T16:01:44Z" uid="5712144" user="ednzxt" visible="true" version="1" changeset="174295628" lat="55.7642833" lon="37.5757433"/>
  <node id="13285481979" timestamp="2025-11-06T16:01:44Z" uid="5712144" user="ednzxt" visible="true" version="1" changeset="174295628" lat="55.764524" lon="37.5755274"/>
  <node id="13285481980" timestamp="2025-11-06T16:01:44Z" uid="5712144" user="ednzxt" visible="true" version="1" changeset="174295628" lat="55.7645814" lon="37.5753075"/>
  <node id="13285481981" timestamp="2025-11-06T16:01:44Z" uid="5712144" user="ednzxt" visible="true" version="1" changeset="174295628" lat="55.7645519" lon="37.5753598"/>
  <node id="13285481982" timestamp="2025-11-06T16:01:44Z" uid="5712144" user="ednzxt" visible="true" version="1" changeset="174295628" lat="55.7646168" lon="37.5752605"/>
  <node id="13285481983" timestamp="2025-11-06T16:01:44Z" uid="5712144" user="ednzxt" visible="true" version="1" changeset="174295628" lat="55.7646621" lon="37.5752431"/>
  <node id="13285481984" timestamp="2025-11-06T16:01:44Z" uid="5712144" user="ednzxt" visible="true" version="1" changeset="174295628" lat="55.7647164" lon="37.5754657"/>
  <node id="13285481985" timestamp="2025-11-06T16:01:44Z" uid="5712144" user="ednzxt" visible="true" version="1" changeset="174295628" lat="55.7647036" lon="37.5755194"/>
  <node id="13285481986" timestamp="2025-11-06T16:01:44Z" uid="5712144" user="ednzxt" visible="true" version="1" changeset="174295628" lat="55.7646764" lon="37.5755744"/>
  <node id="13285481987" timestamp="2025-11-06T16:01:44Z" uid="5712144" user="ednzxt" visible="true" version="1" changeset="174295628" lat="55.7643045" lon="37.5749628"/>
  <node id="13285481988" timestamp="2025-11-06T16:01:44Z" uid="5712144" user="ednzxt" visible="true" version="1" changeset="174295628" lat="55.7645376" lon="37.5748783"/>
  <node id="13285481989" timestamp="2025-11-06T16:01:44Z" uid="5712144" user="ednzxt" visible="true" version="1" changeset="174295628" lat="55.7647277" lon="37.5755945"/>
  <node id="13285481990" action="modify" timestamp="2025-11-06T16:01:44Z" uid="5712144" user="ednzxt" visible="true" version="1" changeset="174295628" lat="55.76476129873" lon="37.57566273857"/>
  <node id="13285481991" timestamp="2025-11-06T16:01:44Z" uid="5712144" user="ednzxt" visible="true" version="1" changeset="174295628" lat="55.7642053" lon="37.5761485"/>
  <node id="13285481992" timestamp="2025-11-06T16:01:44Z" uid="5712144" user="ednzxt" visible="true" version="1" changeset="174295628" lat="55.7648891" lon="37.574713"/>
  <node id="13285482000" timestamp="2025-11-06T16:01:44Z" uid="5712144" user="ednzxt" visible="true" version="1" changeset="174295628" lat="55.7640836" lon="37.5751482"/>
  <node id="13285482001" timestamp="2025-11-06T16:01:44Z" uid="5712144" user="ednzxt" visible="true" version="1" changeset="174295628" lat="55.7647146" lon="37.5750887"/>
  <node id="13285482002" timestamp="2025-11-06T16:01:44Z" uid="5712144" user="ednzxt" visible="true" version="1" changeset="174295628" lat="55.7648224" lon="37.5755024"/>
  <node id="13285482003" timestamp="2025-11-06T16:01:44Z" uid="5712144" user="ednzxt" visible="true" version="1" changeset="174295628" lat="55.7641143" lon="37.5760399"/>
  <node id="13800897044" timestamp="2026-05-06T10:23:00Z" uid="21851289" user="Ozon OSM1" visible="true" version="1" changeset="182288309" lat="55.7635315" lon="37.5744266"/>
  <node id="13800897045" timestamp="2026-05-06T10:23:00Z" uid="21851289" user="Ozon OSM1" visible="true" version="1" changeset="182288309" lat="55.7634405" lon="37.574444"/>
  <node id="13800897046" timestamp="2026-05-06T10:23:00Z" uid="21851289" user="Ozon OSM1" visible="true" version="1" changeset="182288309" lat="55.7634344" lon="37.5743432"/>
  <node id="13800897047" timestamp="2026-05-06T10:23:00Z" uid="21851289" user="Ozon OSM1" visible="true" version="1" changeset="182288309" lat="55.7635254" lon="37.5743258"/>
  <node id="13843616286" timestamp="2026-05-18T07:24:16Z" uid="830106" user="literan" visible="true" version="1" changeset="182815711" lat="55.7626643" lon="37.5791345"/>
  <node id="13843616287" timestamp="2026-05-18T07:24:16Z" uid="830106" user="literan" visible="true" version="1" changeset="182815711" lat="55.762629" lon="37.5793085"/>
  <node id="13843616288" timestamp="2026-05-18T07:24:16Z" uid="830106" user="literan" visible="true" version="1" changeset="182815711" lat="55.7625959" lon="37.5791844"/>
  <node id="13843616289" timestamp="2026-05-18T07:24:16Z" uid="830106" user="literan" visible="true" version="1" changeset="182815711" lat="55.7626981" lon="37.5792613"/>
  <node id="13843616293" timestamp="2026-05-18T07:24:16Z" uid="830106" user="literan" visible="true" version="1" changeset="182815711" lat="55.7632889" lon="37.5799967"/>
  <node id="13843616294" timestamp="2026-05-18T07:24:16Z" uid="830106" user="literan" visible="true" version="1" changeset="182815711" lat="55.7632235" lon="37.5800007"/>
  <node id="13843616295" timestamp="2026-05-18T07:24:16Z" uid="830106" user="literan" visible="true" version="1" changeset="182815711" lat="55.7632119" lon="37.5799537"/>
  <node id="13843616296" timestamp="2026-05-18T07:24:16Z" uid="830106" user="literan" visible="true" version="1" changeset="182815711" lat="55.7631244" lon="37.5795997"/>
  <node id="13843616297" timestamp="2026-05-18T07:24:16Z" uid="830106" user="literan" visible="true" version="1" changeset="182815711" lat="55.7630471" lon="37.5792899"/>
  <node id="13843616298" timestamp="2026-05-18T07:24:16Z" uid="830106" user="literan" visible="true" version="1" changeset="182815711" lat="55.7630293" lon="37.5792403"/>
  <node id="13843616299" timestamp="2026-05-18T07:24:16Z" uid="830106" user="literan" visible="true" version="1" changeset="182815711" lat="55.7630157" lon="37.5792222"/>
  <node id="13843616300" timestamp="2026-05-18T07:24:16Z" uid="830106" user="literan" visible="true" version="1" changeset="182815711" lat="55.7629961" lon="37.5792034"/>
  <node id="13843634701" timestamp="2026-05-18T07:24:16Z" uid="830106" user="literan" visible="true" version="1" changeset="182815711" lat="55.7629761" lon="37.579198"/>
  <node id="13843634702" timestamp="2026-05-18T07:24:16Z" uid="830106" user="literan" visible="true" version="1" changeset="182815711" lat="55.7629531" lon="37.5792021"/>
  <node id="13843634703" timestamp="2026-05-18T07:24:16Z" uid="830106" user="literan" visible="true" version="1" changeset="182815711" lat="55.7629312" lon="37.5792155"/>
  <node id="13843634704" timestamp="2026-05-18T07:24:16Z" uid="830106" user="literan" visible="true" version="1" changeset="182815711" lat="55.7627002" lon="37.5794027"/>
  <node id="13843634706" timestamp="2026-05-18T07:24:16Z" uid="830106" user="literan" visible="true" version="1" changeset="182815711" lat="55.7627284" lon="37.5793541"/>
  <node id="13843634707" timestamp="2026-05-18T07:24:16Z" uid="830106" user="literan" visible="true" version="1" changeset="182815711" lat="55.762607" lon="37.578759"/>
  <node id="13843634708" timestamp="2026-05-18T07:24:16Z" uid="830106" user="literan" visible="true" version="1" changeset="182815711" lat="55.7625595" lon="37.578664"/>
  <node id="13843634709" timestamp="2026-05-18T07:24:16Z" uid="830106" user="literan" visible="true" version="1" changeset="182815711" lat="55.7626589" lon="37.5788628"/>
  <node id="13843634710" timestamp="2026-05-18T07:24:16Z" uid="830106" user="literan" visible="true" version="1" changeset="182815711" lat="55.7626641" lon="37.5788822"/>
  <node id="13843634711" timestamp="2026-05-18T07:24:16Z" uid="830106" user="literan" visible="true" version="1" changeset="182815711" lat="55.7626641" lon="37.5789037"/>
  <node id="13843634712" timestamp="2026-05-18T07:24:16Z" uid="830106" user="literan" visible="true" version="1" changeset="182815711" lat="55.7626626" lon="37.5789265"/>
  <node id="13843634713" timestamp="2026-05-18T07:24:16Z" uid="830106" user="literan" visible="true" version="1" changeset="182815711" lat="55.7626585" lon="37.5789419"/>
  <node id="13843634714" timestamp="2026-05-18T07:24:16Z" uid="830106" user="literan" visible="true" version="1" changeset="182815711" lat="55.7626509" lon="37.5789546"/>
  <node id="13843634715" timestamp="2026-05-18T07:24:16Z" uid="830106" user="literan" visible="true" version="1" changeset="182815711" lat="55.7626147" lon="37.5789848"/>
  <node id="13843634716" timestamp="2026-05-18T07:24:16Z" uid="830106" user="literan" visible="true" version="1" changeset="182815711" lat="55.7626026" lon="37.5789848"/>
  <node id="13843634717" timestamp="2026-05-18T07:24:16Z" uid="830106" user="literan" visible="true" version="1" changeset="182815711" lat="55.7625925" lon="37.5789781"/>
  <node id="13843634718" timestamp="2026-05-18T07:24:16Z" uid="830106" user="literan" visible="true" version="1" changeset="182815711" lat="55.7625823" lon="37.5789654"/>
  <node id="13843634719" timestamp="2026-05-18T07:24:16Z" uid="830106" user="literan" visible="true" version="1" changeset="182815711" lat="55.7625755" lon="37.5789486"/>
  <node id="13843634720" timestamp="2026-05-18T07:24:16Z" uid="830106" user="literan" visible="true" version="1" changeset="182815711" lat="55.7625479" lon="37.5788346"/>
  <node id="13843634721" timestamp="2026-05-18T07:24:16Z" uid="830106" user="literan" visible="true" version="1" changeset="182815711" lat="55.7625449" lon="37.5788064"/>
  <node id="13843634722" timestamp="2026-05-18T07:24:16Z" uid="830106" user="literan" visible="true" version="1" changeset="182815711" lat="55.7625479" lon="37.5787823"/>
  <node id="13843634723" timestamp="2026-05-18T07:24:16Z" uid="830106" user="literan" visible="true" version="1" changeset="182815711" lat="55.7625562" lon="37.5787622"/>
  <node id="13843634724" timestamp="2026-05-18T07:24:16Z" uid="830106" user="literan" visible="true" version="1" changeset="182815711" lat="55.7625645" lon="37.5787501"/>
  <node id="13843634725" timestamp="2026-05-18T07:24:16Z" uid="830106" user="literan" visible="true" version="1" changeset="182815711" lat="55.7626445" lon="37.5786817"/>
  <node id="13843634726" timestamp="2026-05-18T07:24:16Z" uid="830106" user="literan" visible="true" version="1" changeset="182815711" lat="55.7626596" lon="37.5786763"/>
  <node id="13843634727" timestamp="2026-05-18T07:24:16Z" uid="830106" user="literan" visible="true" version="1" changeset="182815711" lat="55.7626739" lon="37.578683"/>
  <node id="13843634728" timestamp="2026-05-18T07:24:16Z" uid="830106" user="literan" visible="true" version="1" changeset="182815711" lat="55.7626868" lon="37.5787018"/>
  <node id="13843634729" timestamp="2026-05-18T07:24:16Z" uid="830106" user="literan" visible="true" version="1" changeset="182815711" lat="55.7626936" lon="37.5787206"/>
  <node id="13843634730" timestamp="2026-05-18T07:24:16Z" uid="830106" user="literan" visible="true" version="1" changeset="182815711" lat="55.7627049" lon="37.5789325"/>
  <node id="13843634731" timestamp="2026-05-18T07:24:16Z" uid="830106" user="literan" visible="true" version="1" changeset="182815711" lat="55.7626988" lon="37.57897"/>
  <node id="13843634732" timestamp="2026-05-18T07:24:16Z" uid="830106" user="literan" visible="true" version="1" changeset="182815711" lat="55.762689" lon="37.5789915"/>
  <way id="-17575" action="modify" visible="true">
    <nd ref="-42419"/>
    <nd ref="-42420"/>
    <nd ref="-42421"/>
    <nd ref="-42422"/>
    <nd ref="-42419"/>
    <tag k="name" v="Сувениры"/>
  </way>
  <way id="-17576" action="modify" visible="true">
    <nd ref="-42423"/>
    <nd ref="-42424"/>
    <nd ref="-42425"/>
    <nd ref="-42426"/>
    <nd ref="-42423"/>
    <tag k="name" v="Экскурционный центр"/>
  </way>
  <way id="-17577" action="modify" visible="true">
    <nd ref="-42437"/>
    <nd ref="-42438"/>
    <nd ref="-42439"/>
    <nd ref="-42440"/>
    <nd ref="-42441"/>
    <nd ref="-42442"/>
  </way>
  <way id="-17578" action="modify" visible="true">
    <nd ref="-42446"/>
    <nd ref="-42447"/>
    <nd ref="-42448"/>
    <nd ref="-42449"/>
    <nd ref="-42446"/>
    <tag k="name" v="Сувениры"/>
  </way>
  <way id="-17579" action="modify" visible="true">
    <nd ref="-42451"/>
    <nd ref="-42459"/>
    <nd ref="-42460"/>
    <nd ref="-42452"/>
    <nd ref="-42453"/>
    <nd ref="-42454"/>
    <nd ref="-42458"/>
    <nd ref="-42455"/>
    <nd ref="-42457"/>
    <nd ref="-42456"/>
  </way>
  <way id="-17580" action="modify" visible="true">
    <nd ref="-42478"/>
    <nd ref="-42579"/>
    <nd ref="-42479"/>
    <nd ref="-42480"/>
    <nd ref="-42578"/>
    <nd ref="-42662"/>
    <nd ref="-42481"/>
    <nd ref="-42661"/>
    <nd ref="-42482"/>
    <nd ref="-42583"/>
    <nd ref="-42483"/>
    <nd ref="-42484"/>
    <tag k="highway" v="footway"/>
  </way>
  <way id="-17581" action="modify" visible="true">
    <nd ref="641583581"/>
    <nd ref="-42671"/>
    <nd ref="-42608"/>
    <nd ref="-42670"/>
    <nd ref="-42611"/>
    <nd ref="-42490"/>
    <nd ref="641583397"/>
    <tag k="highway" v="footway"/>
  </way>
  <way id="-17582" action="modify" visible="true">
    <nd ref="-42490"/>
    <nd ref="-42491"/>
    <nd ref="-42492"/>
    <nd ref="-42676"/>
    <nd ref="-42493"/>
    <nd ref="-42495"/>
    <nd ref="-42615"/>
    <nd ref="-42678"/>
    <nd ref="-42494"/>
    <tag k="highway" v="footway"/>
  </way>
  <way id="-17583" action="modify" visible="true">
    <nd ref="-42493"/>
    <nd ref="11064467065"/>
    <tag k="highway" v="footway"/>
  </way>
  <way id="-17584" action="modify" visible="true">
    <nd ref="641583624"/>
    <nd ref="-42545"/>
    <nd ref="-42718"/>
    <nd ref="-42544"/>
    <nd ref="641583650"/>
    <nd ref="5861690822"/>
    <tag k="highway" v="footway"/>
  </way>
  <way id="-17585" action="modify" visible="true">
    <nd ref="641584056"/>
    <nd ref="-42527"/>
    <nd ref="-42528"/>
    <nd ref="-42529"/>
    <nd ref="-42530"/>
    <nd ref="-42531"/>
    <nd ref="-42532"/>
    <tag k="highway" v="footway"/>
  </way>
  <way id="-17586" action="modify" visible="true">
    <nd ref="641584044"/>
    <nd ref="-42529"/>
    <tag k="highway" v="footway"/>
  </way>
  <way id="-17587" action="modify" visible="true">
    <nd ref="-42527"/>
    <nd ref="-42533"/>
    <tag k="highway" v="footway"/>
  </way>
  <way id="-17588" action="modify" visible="true">
    <nd ref="-42534"/>
    <nd ref="-42535"/>
    <nd ref="-42561"/>
    <nd ref="-42562"/>
    <nd ref="4123982119"/>
    <tag k="highway" v="footway"/>
  </way>
  <way id="-17589" action="modify" visible="true">
    <nd ref="-42536"/>
    <nd ref="-42537"/>
    <nd ref="-42538"/>
    <nd ref="-42616"/>
    <nd ref="-42539"/>
    <nd ref="-42540"/>
    <nd ref="-42679"/>
    <nd ref="-42680"/>
    <nd ref="-42541"/>
    <tag k="highway" v="footway"/>
  </way>
  <way id="-17590" action="modify" visible="true">
    <nd ref="-42540"/>
    <nd ref="11064467056"/>
    <nd ref="-42617"/>
    <nd ref="4123982361"/>
    <tag k="highway" v="footway"/>
  </way>
  <way id="-17591" action="modify" visible="true">
    <nd ref="-42537"/>
    <nd ref="4123982361"/>
    <tag k="highway" v="footway"/>
  </way>
  <way id="-17592" action="modify" visible="true">
    <nd ref="-42479"/>
    <nd ref="-42543"/>
    <tag k="highway" v="footway"/>
  </way>
  <way id="-17593" action="modify" visible="true">
    <nd ref="4310443571"/>
    <nd ref="13285481991"/>
    <tag k="highway" v="footway"/>
  </way>
  <way id="-17594" action="modify" visible="true">
    <nd ref="641583624"/>
    <nd ref="-42546"/>
    <nd ref="-42719"/>
    <nd ref="4310443598"/>
    <tag k="highway" v="footway"/>
  </way>
  <way id="-17595" action="modify" visible="true">
    <nd ref="641583620"/>
    <nd ref="-42595"/>
    <nd ref="-42594"/>
    <nd ref="-42593"/>
    <nd ref="-42592"/>
    <nd ref="-42547"/>
    <nd ref="-42591"/>
    <nd ref="-42720"/>
    <nd ref="-42590"/>
    <nd ref="-42548"/>
    <nd ref="-42589"/>
    <nd ref="-42549"/>
    <nd ref="-42586"/>
    <nd ref="-42721"/>
    <nd ref="-42587"/>
    <nd ref="-42722"/>
    <nd ref="-42723"/>
    <nd ref="-42588"/>
    <nd ref="-42550"/>
    <nd ref="641583415"/>
    <nd ref="641583603"/>
    <nd ref="-42550"/>
    <tag k="highway" v="footway"/>
  </way>
  <way id="-17596" action="modify" visible="true">
    <nd ref="-42547"/>
    <nd ref="3869479002"/>
    <nd ref="-42548"/>
    <nd ref="641583614"/>
    <nd ref="-42550"/>
    <tag k="highway" v="footway"/>
  </way>
  <way id="-17597" action="modify" visible="true">
    <nd ref="641583463"/>
    <nd ref="-42621"/>
    <nd ref="-42623"/>
    <nd ref="-42724"/>
    <nd ref="-42725"/>
    <nd ref="-42551"/>
    <nd ref="-42552"/>
    <nd ref="-42620"/>
    <nd ref="3869478979"/>
    <nd ref="641583456"/>
    <nd ref="-42726"/>
    <nd ref="-42551"/>
    <tag k="highway" v="footway"/>
  </way>
  <way id="-17598" action="modify" visible="true">
    <nd ref="-42550"/>
    <nd ref="-42598"/>
    <nd ref="-42599"/>
    <nd ref="-42556"/>
    <nd ref="-42555"/>
    <nd ref="641583415"/>
    <nd ref="-42602"/>
    <nd ref="-42609"/>
    <nd ref="-42610"/>
    <nd ref="641583397"/>
    <tag k="highway" v="footway"/>
  </way>
  <way id="-17599" action="modify" visible="true">
    <nd ref="-42505"/>
    <nd ref="-42588"/>
    <tag k="purpose" v="entry"/>
  </way>
  <way id="-17600" action="modify" visible="true">
    <nd ref="5856085385"/>
    <nd ref="-42620"/>
  </way>
  <way id="-17601" action="modify" visible="true">
    <nd ref="5857231358"/>
    <nd ref="-42706"/>
    <nd ref="4123983702"/>
    <tag k="highway" v="footway"/>
  </way>
  <way id="-17602" action="modify" visible="true">
    <nd ref="-42651"/>
    <nd ref="4123982374"/>
    <nd ref="1253152175"/>
    <tag k="highway" v="footway"/>
  </way>
  <way id="-17603" action="modify" visible="true">
    <nd ref="1253152175"/>
    <nd ref="1400272529"/>
    <nd ref="-42701"/>
    <nd ref="-42651"/>
    <nd ref="1253152175"/>
    <tag k="highway" v="footway"/>
  </way>
  <way id="-17604" action="modify" visible="true">
    <nd ref="6586145990"/>
    <nd ref="-42698"/>
    <nd ref="4123982165"/>
    <tag k="highway" v="footway"/>
  </way>
  <way id="-17605" action="modify" visible="true">
    <nd ref="1400272521"/>
    <nd ref="-42652"/>
    <nd ref="1400272520"/>
    <tag k="highway" v="footway"/>
  </way>
  <way id="-17606" action="modify" visible="true">
    <nd ref="-42652"/>
    <nd ref="-42653"/>
    <tag k="highway" v="footway"/>
  </way>
  <way id="-17607" action="modify" visible="true">
    <nd ref="1253152294"/>
    <nd ref="-42654"/>
    <nd ref="-42702"/>
    <nd ref="1253152092"/>
    <tag k="highway" v="footway"/>
  </way>
  <way id="-17608" action="modify" visible="true">
    <nd ref="1253152275"/>
    <nd ref="-42654"/>
    <tag k="highway" v="footway"/>
  </way>
  <way id="-17609" action="modify" visible="true">
    <nd ref="1253152175"/>
    <nd ref="4123982514"/>
    <tag k="highway" v="footway"/>
  </way>
  <way id="-17610" action="modify" visible="true">
    <nd ref="1400272518"/>
    <nd ref="-42655"/>
    <tag k="highway" v="footway"/>
  </way>
  <way id="-17611" action="modify" visible="true">
    <nd ref="641583353"/>
    <nd ref="-42657"/>
    <tag k="highway" v="footway"/>
  </way>
  <way id="-17612" action="modify" visible="true">
    <nd ref="-42429"/>
    <nd ref="-42557"/>
    <tag k="purpose" v="entry"/>
  </way>
  <way id="-17613" action="modify" visible="true">
    <nd ref="4286109689"/>
    <nd ref="-42558"/>
    <tag k="purpose" v="entry"/>
  </way>
  <way id="-17614" action="modify" visible="true">
    <nd ref="-42430"/>
    <nd ref="-42559"/>
    <tag k="purpose" v="entry"/>
  </way>
  <way id="-17615" action="modify" visible="true">
    <nd ref="-42432"/>
    <nd ref="-42560"/>
    <tag k="purpose" v="entry"/>
  </way>
  <way id="-17616" action="modify" visible="true">
    <nd ref="1845119770"/>
    <nd ref="-42535"/>
    <tag k="purpose" v="entry"/>
  </way>
  <way id="-17617" action="modify" visible="true">
    <nd ref="-42433"/>
    <nd ref="-42561"/>
    <tag k="purpose" v="entry"/>
  </way>
  <way id="-17618" action="modify" visible="true">
    <nd ref="-42434"/>
    <nd ref="-42562"/>
    <tag k="purpose" v="entry"/>
  </way>
  <way id="-17619" action="modify" visible="true">
    <nd ref="4123982223"/>
    <nd ref="1845119772"/>
    <nd ref="-42563"/>
    <tag k="purpose" v="entry"/>
  </way>
  <way id="-17620" action="modify" visible="true">
    <nd ref="-42658"/>
    <nd ref="1845119772"/>
    <nd ref="4123982157"/>
    <tag k="purpose" v="entry"/>
  </way>
  <way id="-17621" action="modify" visible="true">
    <nd ref="-42565"/>
    <nd ref="1845119771"/>
    <nd ref="13843634729"/>
    <tag k="purpose" v="entry"/>
  </way>
  <way id="-17622" action="modify" visible="true">
    <nd ref="-42567"/>
    <nd ref="-42436"/>
    <nd ref="13843634728"/>
    <tag k="purpose" v="entry"/>
  </way>
  <way id="-17623" action="modify" visible="true">
    <nd ref="-42568"/>
    <nd ref="-42435"/>
    <nd ref="-42566"/>
    <tag k="purpose" v="entry"/>
  </way>
  <way id="-17624" action="modify" visible="true">
    <nd ref="-42542"/>
    <nd ref="-42659"/>
    <tag k="highway" v="footway"/>
  </way>
  <way id="-17625" action="modify" visible="true">
    <nd ref="-42444"/>
    <nd ref="-42659"/>
    <tag k="purpose" v="entry"/>
  </way>
  <way id="-17626" action="modify" visible="true">
    <nd ref="5856366138"/>
    <nd ref="-42727"/>
    <nd ref="3865151367"/>
    <nd ref="5861643072"/>
    <tag k="purpose" v="entry"/>
  </way>
  <way id="-17627" action="modify" visible="true">
    <nd ref="5861643076"/>
    <nd ref="3865151370"/>
    <nd ref="-42569"/>
    <tag k="purpose" v="entry"/>
  </way>
  <way id="-17628" action="modify" visible="true">
    <nd ref="5861643078"/>
    <nd ref="3865151373"/>
    <nd ref="5856366141"/>
    <tag k="purpose" v="entry"/>
  </way>
  <way id="-17629" action="modify" visible="true">
    <nd ref="5861643079"/>
    <nd ref="3865151369"/>
    <nd ref="-42571"/>
    <tag k="purpose" v="entry"/>
  </way>
  <way id="-17630" action="modify" visible="true">
    <nd ref="5861643081"/>
    <nd ref="3865151372"/>
    <nd ref="-42572"/>
    <tag k="purpose" v="entry"/>
  </way>
  <way id="-17631" action="modify" visible="true">
    <nd ref="3865151368"/>
    <nd ref="-42573"/>
    <tag k="purpose" v="entry"/>
  </way>
  <way id="-17632" action="modify" visible="true">
    <nd ref="-42450"/>
    <nd ref="5856366143"/>
    <tag k="purpose" v="entry"/>
  </way>
  <way id="-17633" action="modify" visible="true">
    <nd ref="-42575"/>
    <nd ref="1845119799"/>
    <nd ref="5861645892"/>
    <tag k="purpose" v="entry"/>
  </way>
  <way id="-17634" action="modify" visible="true">
    <nd ref="1845119799"/>
    <nd ref="-42574"/>
    <tag k="purpose" v="entry"/>
  </way>
  <way id="-17635" action="modify" visible="true">
    <nd ref="-42577"/>
    <nd ref="1845119835"/>
    <nd ref="-42576"/>
    <tag k="purpose" v="entry"/>
  </way>
  <way id="-17636" action="modify" visible="true">
    <nd ref="1845119835"/>
    <nd ref="641583693"/>
    <tag k="purpose" v="entry"/>
  </way>
  <way id="-17637" action="modify" visible="true">
    <nd ref="-42660"/>
    <nd ref="-42473"/>
    <nd ref="-42579"/>
    <tag k="purpose" v="entry"/>
  </way>
  <way id="-17638" action="modify" visible="true">
    <nd ref="-42474"/>
    <nd ref="-42580"/>
    <tag k="purpose" v="entry"/>
  </way>
  <way id="-17639" action="modify" visible="true">
    <nd ref="1845119778"/>
    <nd ref="-42482"/>
    <tag k="purpose" v="entry"/>
  </way>
  <way id="-17640" action="modify" visible="true">
    <nd ref="-42476"/>
    <nd ref="-42661"/>
    <tag k="purpose" v="entry"/>
  </way>
  <way id="-17641" action="modify" visible="true">
    <nd ref="-42477"/>
    <nd ref="-42662"/>
    <tag k="purpose" v="entry"/>
  </way>
  <way id="-17642" action="modify" visible="true">
    <nd ref="-42475"/>
    <nd ref="-42581"/>
    <tag k="purpose" v="entry"/>
  </way>
  <way id="-17643" action="modify" visible="true">
    <nd ref="-42484"/>
    <nd ref="-42633"/>
    <nd ref="-42582"/>
    <tag k="purpose" v="entry"/>
  </way>
  <way id="-17644" action="modify" visible="true">
    <nd ref="-42469"/>
    <nd ref="-42517"/>
    <tag k="purpose" v="entry"/>
  </way>
  <way id="-17645" action="modify" visible="true">
    <nd ref="4310443571"/>
    <nd ref="-42517"/>
    <tag k="purpose" v="entry"/>
  </way>
  <way id="-17646" action="modify" visible="true">
    <nd ref="-42607"/>
    <nd ref="-42517"/>
    <tag k="purpose" v="entry"/>
  </way>
  <way id="-17647" action="modify" visible="true">
    <nd ref="-42500"/>
    <nd ref="-42663"/>
    <tag k="purpose" v="entry"/>
  </way>
  <way id="-17648" action="modify" visible="true">
    <nd ref="-42501"/>
    <nd ref="-42664"/>
    <tag k="purpose" v="entry"/>
  </way>
  <way id="-17649" action="modify" visible="true">
    <nd ref="-42486"/>
    <nd ref="-42665"/>
    <tag k="purpose" v="entry"/>
  </way>
  <way id="-17650" action="modify" visible="true">
    <nd ref="-42667"/>
    <nd ref="-42485"/>
    <nd ref="-42584"/>
    <tag k="purpose" v="entry"/>
  </way>
  <way id="-17651" action="modify" visible="true">
    <nd ref="-42487"/>
    <nd ref="-42666"/>
    <tag k="purpose" v="entry"/>
  </way>
  <way id="-17652" action="modify" visible="true">
    <nd ref="-42488"/>
    <nd ref="-42668"/>
    <tag k="purpose" v="entry"/>
  </way>
  <way id="-17653" action="modify" visible="true">
    <nd ref="-42670"/>
    <nd ref="-42489"/>
    <nd ref="-42669"/>
    <tag k="purpose" v="entry"/>
  </way>
  <way id="-17654" action="modify" visible="true">
    <nd ref="-42609"/>
    <nd ref="4287294148"/>
    <nd ref="-42671"/>
    <tag k="purpose" v="entry"/>
  </way>
  <way id="-17655" action="modify" visible="true">
    <nd ref="-42602"/>
    <nd ref="-42497"/>
    <nd ref="-42603"/>
    <tag k="purpose" v="entry"/>
  </way>
  <way id="-17656" action="modify" visible="true">
    <nd ref="-42673"/>
    <nd ref="4287413393"/>
    <nd ref="-42672"/>
    <tag k="purpose" v="entry"/>
  </way>
  <way id="-17657" action="modify" visible="true">
    <nd ref="-42498"/>
    <nd ref="-42600"/>
    <tag k="purpose" v="entry"/>
  </way>
  <way id="-17658" action="modify" visible="true">
    <nd ref="-42499"/>
    <nd ref="641583408"/>
    <tag k="purpose" v="entry"/>
  </way>
  <way id="-17659" action="modify" visible="true">
    <nd ref="1845119782"/>
    <nd ref="-42601"/>
    <tag k="purpose" v="entry"/>
  </way>
  <way id="-17660" action="modify" visible="true">
    <nd ref="-42553"/>
    <nd ref="-42612"/>
    <tag k="purpose" v="entry"/>
  </way>
  <way id="-17661" action="modify" visible="true">
    <nd ref="-42613"/>
    <nd ref="1845119825"/>
    <nd ref="-42674"/>
    <tag k="purpose" v="entry"/>
  </way>
  <way id="-17662" action="modify" visible="true">
    <nd ref="4287413493"/>
    <nd ref="-42610"/>
  </way>
  <way id="-17663" action="modify" visible="true">
    <nd ref="-42614"/>
    <nd ref="-42496"/>
    <nd ref="-42490"/>
    <tag k="purpose" v="entry"/>
  </way>
  <way id="-17664" action="modify" visible="true">
    <nd ref="-42518"/>
    <nd ref="-42675"/>
    <tag k="purpose" v="entry"/>
  </way>
  <way id="-17665" action="modify" visible="true">
    <nd ref="-42677"/>
    <nd ref="1845119826"/>
    <nd ref="-42676"/>
    <tag k="purpose" v="entry"/>
  </way>
  <way id="-17666" action="modify" visible="true">
    <nd ref="1845119810"/>
    <nd ref="-42492"/>
    <tag k="purpose" v="entry"/>
  </way>
  <way id="-17667" action="modify" visible="true">
    <nd ref="-42678"/>
    <nd ref="-42465"/>
    <nd ref="-42615"/>
  </way>
  <way id="-17668" action="modify" visible="true">
    <nd ref="-42680"/>
    <nd ref="-42461"/>
    <nd ref="-42679"/>
    <tag k="purpose" v="entry"/>
  </way>
  <way id="-17669" action="modify" visible="true">
    <nd ref="641583548"/>
    <nd ref="-42463"/>
    <nd ref="-42681"/>
    <tag k="purpose" v="entry"/>
  </way>
  <way id="-17670" action="modify" visible="true">
    <nd ref="-42683"/>
    <nd ref="-42464"/>
    <nd ref="-42682"/>
    <tag k="purpose" v="entry"/>
  </way>
  <way id="-17671" action="modify" visible="true">
    <nd ref="-42541"/>
    <nd ref="1845119798"/>
    <nd ref="-42627"/>
    <tag k="purpose" v="entry"/>
  </way>
  <way id="-17672" action="modify" visible="true">
    <nd ref="9921877331"/>
    <nd ref="-42462"/>
    <nd ref="641583560"/>
    <tag k="purpose" v="entry"/>
  </way>
  <way id="-17673" action="modify" visible="true">
    <nd ref="3865151374"/>
    <nd ref="-42618"/>
    <tag k="purpose" v="entry"/>
  </way>
  <way id="-17674" action="modify" visible="true">
    <nd ref="-42632"/>
    <nd ref="1845119797"/>
    <nd ref="-42629"/>
    <tag k="purpose" v="entry"/>
  </way>
  <way id="-17675" action="modify" visible="true">
    <nd ref="641583445"/>
    <nd ref="-42524"/>
    <nd ref="-42630"/>
    <tag k="purpose" v="entry"/>
  </way>
  <way id="-17676" action="modify" visible="true">
    <nd ref="641583451"/>
    <nd ref="1845119773"/>
    <nd ref="-42552"/>
    <tag k="purpose" v="entry"/>
  </way>
  <way id="-17677" action="modify" visible="true">
    <nd ref="-42525"/>
    <nd ref="-42619"/>
    <tag k="purpose" v="entry"/>
  </way>
  <way id="-17678" action="modify" visible="true">
    <nd ref="-42526"/>
    <nd ref="641583382"/>
    <tag k="purpose" v="entry"/>
  </way>
  <way id="-17679" action="modify" visible="true">
    <nd ref="4123982256"/>
    <nd ref="1838704634"/>
    <nd ref="4123982326"/>
    <tag k="purpose" v="entry"/>
  </way>
  <way id="-17680" action="modify" visible="true">
    <nd ref="4123982235"/>
    <nd ref="1839631468"/>
    <nd ref="4123982256"/>
    <tag k="purpose" v="entry"/>
  </way>
  <way id="-17681" action="modify" visible="true">
    <nd ref="2572589132"/>
    <nd ref="-42634"/>
    <nd ref="4123982299"/>
    <tag k="purpose" v="entry"/>
  </way>
  <way id="-17682" action="modify" visible="true">
    <nd ref="-42634"/>
    <nd ref="-42647"/>
    <tag k="purpose" v="entry"/>
  </way>
  <way id="-17683" action="modify" visible="true">
    <nd ref="-42685"/>
    <nd ref="3865153058"/>
    <nd ref="-42684"/>
    <tag k="purpose" v="entry"/>
  </way>
  <way id="-17684" action="modify" visible="true">
    <nd ref="-42687"/>
    <nd ref="3865153068"/>
    <nd ref="-42686"/>
    <tag k="purpose" v="entry"/>
  </way>
  <way id="-17685" action="modify" visible="true">
    <nd ref="-42689"/>
    <nd ref="-42635"/>
    <nd ref="-42688"/>
    <tag k="purpose" v="entry"/>
  </way>
  <way id="-17686" action="modify" visible="true">
    <nd ref="4528639041"/>
    <nd ref="1839631442"/>
    <nd ref="4528639036"/>
    <tag k="purpose" v="entry"/>
  </way>
  <way id="-17687" action="modify" visible="true">
    <nd ref="-42691"/>
    <nd ref="1838704625"/>
    <nd ref="-42690"/>
    <tag k="purpose" v="entry"/>
  </way>
  <way id="-17688" action="modify" visible="true">
    <nd ref="-42693"/>
    <nd ref="-42636"/>
    <nd ref="-42692"/>
    <tag k="purpose" v="entry"/>
  </way>
  <way id="-17689" action="modify" visible="true">
    <nd ref="-42694"/>
    <nd ref="4285653619"/>
    <nd ref="4123982344"/>
    <tag k="purpose" v="entry"/>
  </way>
  <way id="-17690" action="modify" visible="true">
    <nd ref="-42696"/>
    <nd ref="4285644707"/>
    <nd ref="-42695"/>
    <tag k="purpose" v="entry"/>
  </way>
  <way id="-17691" action="modify" visible="true">
    <nd ref="4285644707"/>
    <nd ref="-42697"/>
    <tag k="purpose" v="entry"/>
  </way>
  <way id="-17692" action="modify" visible="true">
    <nd ref="4123982294"/>
    <nd ref="4286097197"/>
    <nd ref="-42698"/>
    <tag k="purpose" v="entry"/>
  </way>
  <way id="-17693" action="modify" visible="true">
    <nd ref="-42699"/>
    <nd ref="4285662589"/>
    <nd ref="4123982745"/>
    <tag k="purpose" v="entry"/>
  </way>
  <way id="-17694" action="modify" visible="true">
    <nd ref="-42699"/>
    <nd ref="-42645"/>
    <nd ref="-42700"/>
    <tag k="purpose" v="entry"/>
  </way>
  <way id="-17695" action="modify" visible="true">
    <nd ref="1253152175"/>
    <nd ref="-42644"/>
    <nd ref="4123982756"/>
    <tag k="purpose" v="entry"/>
  </way>
  <way id="-17696" action="modify" visible="true">
    <nd ref="1253152092"/>
    <nd ref="-42643"/>
    <nd ref="1253152175"/>
    <tag k="purpose" v="entry"/>
  </way>
  <way id="-17697" action="modify" visible="true">
    <nd ref="-42701"/>
    <nd ref="3865175068"/>
    <nd ref="-42651"/>
    <tag k="purpose" v="entry"/>
  </way>
  <way id="-17698" action="modify" visible="true">
    <nd ref="-42654"/>
    <nd ref="3865175067"/>
    <nd ref="-42702"/>
    <tag k="purpose" v="entry"/>
  </way>
  <way id="-17699" action="modify" visible="true">
    <nd ref="3865175067"/>
    <nd ref="1253152275"/>
    <tag k="purpose" v="entry"/>
  </way>
  <way id="-17700" action="modify" visible="true">
    <nd ref="4287131089"/>
    <nd ref="4123983422"/>
    <tag k="purpose" v="entry"/>
  </way>
  <way id="-17701" action="modify" visible="true">
    <nd ref="4287130590"/>
    <nd ref="1400281023"/>
    <tag k="purpose" v="entry"/>
  </way>
  <way id="-17702" action="modify" visible="true">
    <nd ref="-42704"/>
    <nd ref="4286097196"/>
    <nd ref="-42703"/>
    <tag k="purpose" v="entry"/>
  </way>
  <way id="-17703" action="modify" visible="true">
    <nd ref="4285731292"/>
    <nd ref="4123983424"/>
    <tag k="purpose" v="entry"/>
  </way>
  <way id="-17704" action="modify" visible="true">
    <nd ref="-42705"/>
    <nd ref="4287508477"/>
    <nd ref="4123983422"/>
    <tag k="purpose" v="entry"/>
  </way>
  <way id="-17705" action="modify" visible="true">
    <nd ref="4285752290"/>
    <nd ref="4123983693"/>
  </way>
  <way id="-17706" action="modify" visible="true">
    <nd ref="5857231367"/>
    <nd ref="4286072392"/>
    <nd ref="1400281044"/>
    <tag k="purpose" v="entry"/>
  </way>
  <way id="-17707" action="modify" visible="true">
    <nd ref="4285650404"/>
    <nd ref="-42706"/>
    <tag k="purpose" v="entry"/>
  </way>
  <way id="-17708" action="modify" visible="true">
    <nd ref="4123983709"/>
    <nd ref="4418685089"/>
    <nd ref="5857231365"/>
    <tag k="purpose" v="entry"/>
  </way>
  <way id="-17709" action="modify" visible="true">
    <nd ref="4123983452"/>
    <nd ref="4286108490"/>
    <nd ref="4123983459"/>
    <tag k="purpose" v="entry"/>
  </way>
  <way id="-17710" action="modify" visible="true">
    <nd ref="-42704"/>
    <nd ref="4285731291"/>
    <nd ref="4123983449"/>
    <tag k="purpose" v="entry"/>
  </way>
  <way id="-17711" action="modify" visible="true">
    <nd ref="5857231365"/>
    <nd ref="1839631470"/>
    <nd ref="1400281024"/>
    <tag k="purpose" v="entry"/>
  </way>
  <way id="-17712" action="modify" visible="true">
    <nd ref="1253152210"/>
    <nd ref="1839631470"/>
    <nd ref="1400281040"/>
    <tag k="purpose" v="entry"/>
  </way>
  <way id="-17713" action="modify" visible="true">
    <nd ref="4123983450"/>
    <nd ref="-42641"/>
    <nd ref="4123983727"/>
    <tag k="purpose" v="entry"/>
  </way>
  <way id="-17714" action="modify" visible="true">
    <nd ref="-42641"/>
    <nd ref="4123983480"/>
    <tag k="purpose" v="entry"/>
  </way>
  <way id="-17715" action="modify" visible="true">
    <nd ref="-42642"/>
    <nd ref="5857231358"/>
    <tag k="purpose" v="entry"/>
  </way>
  <way id="-17716" action="modify" visible="true">
    <nd ref="3865175108"/>
    <nd ref="3865153069"/>
    <nd ref="4100014722"/>
    <tag k="purpose" v="entry"/>
  </way>
  <way id="-17717" action="modify" visible="true">
    <nd ref="1253152283"/>
    <nd ref="3865153066"/>
    <nd ref="3865175097"/>
    <tag k="purpose" v="entry"/>
  </way>
  <way id="-17718" action="modify" visible="true">
    <nd ref="3865153064"/>
    <nd ref="-42707"/>
    <tag k="purpose" v="entry"/>
  </way>
  <way id="-17719" action="modify" visible="true">
    <nd ref="1253152111"/>
    <nd ref="3865153057"/>
    <nd ref="3865175094"/>
    <tag k="purpose" v="entry"/>
  </way>
  <way id="-17720" action="modify" visible="true">
    <nd ref="4123982956"/>
    <nd ref="4286109789"/>
    <nd ref="1253152111"/>
    <tag k="purpose" v="entry"/>
  </way>
  <way id="-17721" action="modify" visible="true">
    <nd ref="1253152099"/>
    <nd ref="1839631447"/>
    <nd ref="-42708"/>
    <tag k="purpose" v="entry"/>
  </way>
  <way id="-17722" action="modify" visible="true">
    <nd ref="1839631447"/>
    <nd ref="4123982914"/>
    <tag k="purpose" v="entry"/>
  </way>
  <way id="-17723" action="modify" visible="true">
    <nd ref="3865153121"/>
    <nd ref="4286089691"/>
    <nd ref="-42708"/>
    <tag k="purpose" v="entry"/>
  </way>
  <way id="-17724" action="modify" visible="true">
    <nd ref="-42710"/>
    <nd ref="4877791221"/>
    <nd ref="-42709"/>
    <tag k="purpose" v="entry"/>
  </way>
  <way id="-17725" action="modify" visible="true">
    <nd ref="3865153065"/>
    <nd ref="-42711"/>
    <tag k="purpose" v="entry"/>
  </way>
  <way id="-17726" action="modify" visible="true">
    <nd ref="-42713"/>
    <nd ref="3865153063"/>
    <nd ref="-42712"/>
    <tag k="purpose" v="entry"/>
  </way>
  <way id="-17727" action="modify" visible="true">
    <nd ref="3865153067"/>
    <nd ref="-42714"/>
    <tag k="purpose" v="entry"/>
  </way>
  <way id="-17728" action="modify" visible="true">
    <nd ref="-42653"/>
    <nd ref="-42639"/>
    <nd ref="-42715"/>
    <tag k="purpose" v="entry"/>
  </way>
  <way id="-17729" action="modify" visible="true">
    <nd ref="3865175071"/>
    <nd ref="-42637"/>
    <nd ref="-42653"/>
    <tag k="purpose" v="entry"/>
  </way>
  <way id="-17730" action="modify" visible="true">
    <nd ref="-42716"/>
    <nd ref="-42638"/>
    <nd ref="-42652"/>
    <tag k="purpose" v="entry"/>
  </way>
  <way id="-17731" action="modify" visible="true">
    <nd ref="-42640"/>
    <nd ref="-42717"/>
    <tag k="purpose" v="entry"/>
  </way>
  <way id="-17732" action="modify" visible="true">
    <nd ref="1839631444"/>
    <nd ref="4123982165"/>
    <tag k="purpose" v="entry"/>
  </way>
  <way id="-17733" action="modify" visible="true">
    <nd ref="3865175069"/>
    <nd ref="4123982769"/>
    <tag k="purpose" v="entry"/>
  </way>
  <way id="-17734" action="modify" visible="true">
    <nd ref="-42516"/>
    <nd ref="-42718"/>
    <tag k="purpose" v="entry"/>
  </way>
  <way id="-17735" action="modify" visible="true">
    <nd ref="641583620"/>
    <nd ref="-42514"/>
    <nd ref="-42719"/>
    <tag k="purpose" v="entry"/>
  </way>
  <way id="-17736" action="modify" visible="true">
    <nd ref="-42513"/>
    <nd ref="-42594"/>
    <tag k="purpose" v="entry"/>
  </way>
  <way id="-17737" action="modify" visible="true">
    <nd ref="-42512"/>
    <nd ref="-42592"/>
    <tag k="purpose" v="entry"/>
  </way>
  <way id="-17738" action="modify" visible="true">
    <nd ref="-42511"/>
    <nd ref="-42591"/>
    <tag k="purpose" v="entry"/>
  </way>
  <way id="-17739" action="modify" visible="true">
    <nd ref="-42510"/>
    <nd ref="-42720"/>
    <tag k="purpose" v="entry"/>
  </way>
  <way id="-17740" action="modify" visible="true">
    <nd ref="-42509"/>
    <nd ref="-42548"/>
    <tag k="purpose" v="entry"/>
  </way>
  <way id="-17741" action="modify" visible="true">
    <nd ref="3865068510"/>
    <nd ref="-42549"/>
    <tag k="purpose" v="entry"/>
  </way>
  <way id="-17742" action="modify" visible="true">
    <nd ref="-42508"/>
    <nd ref="-42721"/>
    <tag k="purpose" v="entry"/>
  </way>
  <way id="-17743" action="modify" visible="true">
    <nd ref="-42506"/>
    <nd ref="-42722"/>
    <tag k="purpose" v="entry"/>
  </way>
  <way id="-17744" action="modify" visible="true">
    <nd ref="-42507"/>
    <nd ref="-42723"/>
    <tag k="purpose" v="entry"/>
  </way>
  <way id="-17745" action="modify" visible="true">
    <nd ref="-42504"/>
    <nd ref="-42598"/>
    <tag k="purpose" v="entry"/>
  </way>
  <way id="-17746" action="modify" visible="true">
    <nd ref="-42503"/>
    <nd ref="-42599"/>
    <tag k="purpose" v="entry"/>
  </way>
  <way id="-17747" action="modify" visible="true">
    <nd ref="-42502"/>
    <nd ref="-42556"/>
    <tag k="purpose" v="entry"/>
  </way>
  <way id="-17748" action="modify" visible="true">
    <nd ref="3869479002"/>
    <nd ref="-42515"/>
    <nd ref="-42596"/>
    <tag k="purpose" v="entry"/>
  </way>
  <way id="-17749" action="modify" visible="true">
    <nd ref="-42515"/>
    <nd ref="2572815472"/>
    <tag k="purpose" v="entry"/>
  </way>
  <way id="-17750" action="modify" visible="true">
    <nd ref="-42519"/>
    <nd ref="-42625"/>
    <tag k="purpose" v="entry"/>
  </way>
  <way id="-17751" action="modify" visible="true">
    <nd ref="-42520"/>
    <nd ref="-42624"/>
    <tag k="purpose" v="entry"/>
  </way>
  <way id="-17752" action="modify" visible="true">
    <nd ref="-42623"/>
    <nd ref="-42521"/>
    <nd ref="-42622"/>
    <tag k="purpose" v="entry"/>
  </way>
  <way id="-17753" action="modify" visible="true">
    <nd ref="-42523"/>
    <nd ref="-42724"/>
    <tag k="purpose" v="entry"/>
  </way>
  <way id="-17754" action="modify" visible="true">
    <nd ref="1845119831"/>
    <nd ref="-42621"/>
    <tag k="purpose" v="entry"/>
  </way>
  <way id="-17755" action="modify" visible="true">
    <nd ref="-42726"/>
    <nd ref="-42522"/>
    <nd ref="-42725"/>
    <tag k="purpose" v="entry"/>
  </way>
  <way id="-17756" action="modify" visible="true">
    <nd ref="-42522"/>
    <nd ref="11064467063"/>
    <tag k="purpose" v="entry"/>
  </way>
  <way id="-17757" action="modify" visible="true">
    <nd ref="3876290269"/>
    <nd ref="-42554"/>
    <nd ref="3876290306"/>
    <tag k="purpose" v="entry"/>
  </way>
  <way id="-17758" action="modify" visible="true">
    <nd ref="-42531"/>
    <nd ref="-42554"/>
    <nd ref="-42527"/>
    <tag k="purpose" v="entry"/>
  </way>
  <way id="-17759" action="modify" visible="true">
    <nd ref="4123982119"/>
    <nd ref="-42554"/>
    <nd ref="-42559"/>
    <tag k="purpose" v="entry"/>
  </way>
  <way id="-17760" action="modify" visible="true">
    <nd ref="-42540"/>
    <nd ref="-42554"/>
    <nd ref="-42538"/>
    <tag k="purpose" v="entry"/>
  </way>
  <way id="-17761" action="modify" visible="true">
    <nd ref="-42443"/>
    <nd ref="-42616"/>
    <tag k="purpose" v="entry"/>
  </way>
  <way id="-17762" action="modify" visible="true">
    <nd ref="-42554"/>
    <nd ref="9921877329"/>
    <tag k="purpose" v="entry"/>
  </way>
  <way id="24780237" action="modify" timestamp="2026-05-18T07:24:16Z" uid="830106" user="literan" visible="true" version="4" changeset="182815711">
    <nd ref="269258039"/>
    <nd ref="13843634704"/>
    <nd ref="4123982334"/>
    <tag k="highway" v="footway"/>
  </way>
  <way id="24780719" action="modify" timestamp="2025-05-28T09:51:55Z" uid="1925053" user="J_Doe" visible="true" version="33" changeset="166867159">
    <nd ref="269262748"/>
    <nd ref="269262750"/>
    <nd ref="269262752"/>
    <nd ref="269262753"/>
    <nd ref="269262755"/>
    <nd ref="269262802"/>
    <nd ref="269262757"/>
    <nd ref="269262759"/>
    <nd ref="269262768"/>
    <nd ref="269262769"/>
    <nd ref="269262773"/>
    <nd ref="269262771"/>
    <nd ref="269262775"/>
    <nd ref="269262781"/>
    <nd ref="269262798"/>
    <nd ref="269262807"/>
    <nd ref="269262748"/>
    <tag k="name" v="Малый пруд"/>
    <tag k="water" v="pond"/>
  </way>
  <way id="37645194" action="modify" timestamp="2021-09-10T05:29:01Z" uid="371263" user="augxcgrwxo" visible="true" version="16" changeset="111003686">
    <nd ref="441301770"/>
    <nd ref="3984125960"/>
    <nd ref="3984125961"/>
    <nd ref="3984125963"/>
    <nd ref="3984125958"/>
    <nd ref="3984125957"/>
    <nd ref="3984125054"/>
    <nd ref="3984125053"/>
    <nd ref="3984125051"/>
    <nd ref="441301775"/>
    <nd ref="3871104697"/>
    <nd ref="441301776"/>
    <nd ref="441301770"/>
    <tag k="name" v="Московский Зоопарк: Главный вход"/>
  </way>
  <way id="46962848" action="modify" timestamp="2024-12-23T17:05:13Z" uid="830106" user="literan" visible="true" version="14" changeset="160546661">
    <nd ref="12444699962"/>
    <nd ref="599303582"/>
    <nd ref="4528480368"/>
    <nd ref="4528480362"/>
    <nd ref="4528480359"/>
    <nd ref="599303579"/>
    <nd ref="12444699963"/>
  </way>
  <way id="48702281" action="modify" timestamp="2024-04-23T14:32:34Z" uid="18826385" user="MarinaKuzko" visible="true" version="14" changeset="150398914">
    <nd ref="618284392"/>
    <nd ref="618284393"/>
    <nd ref="3869478974"/>
    <nd ref="3869478975"/>
    <nd ref="3869478976"/>
    <nd ref="3869478977"/>
    <nd ref="3869478978"/>
    <nd ref="618284394"/>
    <nd ref="3869478980"/>
    <nd ref="618284395"/>
    <nd ref="618284396"/>
    <nd ref="618284397"/>
    <nd ref="618284370"/>
    <nd ref="618284371"/>
    <nd ref="618284398"/>
    <nd ref="618284399"/>
    <nd ref="618284400"/>
    <nd ref="618284392"/>
  </way>
  <way id="48702289" action="modify" timestamp="2024-04-23T14:32:34Z" uid="18826385" user="MarinaKuzko" visible="true" version="6" changeset="150398914">
    <nd ref="618284424"/>
    <nd ref="618284425"/>
    <nd ref="618284411"/>
    <nd ref="7044987108"/>
    <nd ref="618284424"/>
  </way>
  <way id="48702290" action="modify" timestamp="2026-06-09T14:40:27Z" uid="23022072" user="Golub'" visible="true" version="14" changeset="183879387">
    <nd ref="618284444"/>
    <nd ref="5861708695"/>
    <nd ref="618284448"/>
    <nd ref="618284445"/>
    <nd ref="1644045348"/>
    <nd ref="4692984960"/>
    <nd ref="1644045345"/>
    <nd ref="4692984959"/>
    <nd ref="3869417179"/>
    <nd ref="3869417189"/>
    <nd ref="618284444"/>
    <tag k="addr:country" v="RU"/>
    <tag k="attraction" v="animal"/>
    <tag k="is_in:zoo" v="Московский зоопарк"/>
    <tag k="name" v="Слоны"/>
  </way>
  <way id="48702291" action="modify" timestamp="2017-08-07T21:02:44Z" uid="830106" user="literan" visible="true" version="7" changeset="50927748">
    <nd ref="618284449"/>
    <nd ref="1644045356"/>
    <nd ref="618284472"/>
    <nd ref="618284473"/>
    <nd ref="618284474"/>
    <nd ref="618284450"/>
    <nd ref="4528647804"/>
    <nd ref="618284451"/>
    <nd ref="618284452"/>
    <nd ref="618284462"/>
    <nd ref="4528645567"/>
    <nd ref="4528645581"/>
    <nd ref="1644045350"/>
    <nd ref="618284447"/>
    <nd ref="1644045354"/>
    <nd ref="618284453"/>
    <nd ref="4528647803"/>
    <nd ref="618284454"/>
    <nd ref="618284455"/>
    <nd ref="618284456"/>
    <nd ref="618284457"/>
    <nd ref="618284459"/>
    <nd ref="618284460"/>
    <nd ref="618284449"/>
  </way>
  <way id="48702292" action="modify" timestamp="2025-11-06T16:01:44Z" uid="5712144" user="ednzxt" visible="true" version="13" changeset="174295628">
    <nd ref="618284426"/>
    <nd ref="3869479011"/>
    <nd ref="3869479012"/>
    <nd ref="618284430"/>
    <nd ref="618284431"/>
    <nd ref="618284432"/>
    <nd ref="3869479029"/>
    <nd ref="3869479033"/>
    <nd ref="3869479034"/>
    <nd ref="618284435"/>
    <nd ref="618284436"/>
    <nd ref="3869479032"/>
    <nd ref="3869479031"/>
    <nd ref="618284437"/>
    <nd ref="3869479026"/>
    <nd ref="3869479025"/>
    <nd ref="3869479022"/>
    <nd ref="618284438"/>
    <nd ref="3869479024"/>
    <nd ref="618284439"/>
    <nd ref="3869479016"/>
    <nd ref="618284440"/>
    <nd ref="618284441"/>
    <nd ref="618284442"/>
    <nd ref="13285481992"/>
    <nd ref="3869479013"/>
    <nd ref="618284443"/>
    <nd ref="618284433"/>
    <nd ref="3869479010"/>
    <nd ref="618284429"/>
    <nd ref="3869479007"/>
    <nd ref="3869479001"/>
    <nd ref="3869479000"/>
    <nd ref="618284434"/>
    <nd ref="4310443580"/>
    <nd ref="4310443578"/>
    <nd ref="618284426"/>
    <tag k="addr:country" v="RU"/>
    <tag k="attraction" v="animal"/>
    <tag k="is_in:zoo" v="Московский зоопарк"/>
    <tag k="name" v="Дом птиц"/>
  </way>
  <way id="48918262" action="modify" timestamp="2017-08-07T21:02:50Z" uid="830106" user="literan" visible="true" version="6" changeset="50927748">
    <nd ref="620826212"/>
    <nd ref="4123983427"/>
    <nd ref="4123983429"/>
    <nd ref="4123983430"/>
    <nd ref="4123983433"/>
    <nd ref="620826215"/>
    <nd ref="620826218"/>
    <nd ref="620826221"/>
    <nd ref="620826212"/>
  </way>
  <way id="48918266" action="modify" timestamp="2018-08-27T18:27:25Z" uid="1337142" user="Nordpfeil" visible="true" version="8" changeset="62048428">
    <nd ref="620826231"/>
    <nd ref="620826234"/>
    <nd ref="4123983475"/>
    <nd ref="620826237"/>
    <nd ref="620826241"/>
    <nd ref="620826243"/>
    <nd ref="620826245"/>
    <nd ref="4123983441"/>
    <nd ref="620826247"/>
    <nd ref="4123983434"/>
    <nd ref="620826250"/>
    <nd ref="620826231"/>
  </way>
  <way id="48918268" action="modify" timestamp="2024-04-23T14:32:34Z" uid="18826385" user="MarinaKuzko" visible="true" version="10" changeset="150398914">
    <nd ref="620826256"/>
    <nd ref="3869478987"/>
    <nd ref="620826259"/>
    <nd ref="620826262"/>
    <nd ref="620826264"/>
    <nd ref="620826256"/>
    <tag k="attraction" v="animal"/>
    <tag k="is_in:zoo" v="Московский зоопарк"/>
    <tag k="name" v="Жирафы"/>
  </way>
  <way id="50446717" action="modify" timestamp="2025-07-10T14:37:30Z" uid="18586674" user="RRIbarruri" visible="true" version="5" changeset="168747000">
    <nd ref="641584056"/>
    <nd ref="641583353"/>
    <nd ref="12992494887"/>
    <nd ref="1395549617"/>
    <nd ref="3876290269"/>
    <nd ref="3876290272"/>
    <nd ref="3876290276"/>
    <nd ref="641583358"/>
    <nd ref="641583367"/>
    <nd ref="3876290292"/>
    <nd ref="3876290291"/>
    <tag k="highway" v="footway"/>
  </way>
  <way id="50446718" timestamp="2010-02-16T14:40:04Z" uid="10625" user="shadowjack" visible="true" version="1" changeset="3892676">
    <nd ref="641583372"/>
    <nd ref="641583382"/>
    <tag k="highway" v="footway"/>
  </way>
  <way id="50446719" action="modify" timestamp="2016-07-19T07:38:29Z" uid="2853561" user="Владимир К" visible="true" version="3" changeset="40849654">
    <nd ref="641583397"/>
    <nd ref="-42674"/>
    <nd ref="-42612"/>
    <nd ref="641583403"/>
    <nd ref="-42601"/>
    <nd ref="3865086661"/>
    <nd ref="-42600"/>
    <nd ref="641583408"/>
    <nd ref="641583415"/>
    <nd ref="641583422"/>
    <nd ref="4287413393"/>
    <nd ref="641583581"/>
    <tag k="highway" v="footway"/>
  </way>
  <way id="50446720" action="modify" timestamp="2016-07-19T07:38:28Z" uid="2853561" user="Владимир К" visible="true" version="2" changeset="40849654">
    <nd ref="641583438"/>
    <nd ref="-42675"/>
    <nd ref="-42614"/>
    <nd ref="-42613"/>
    <nd ref="641583397"/>
    <tag k="highway" v="footway"/>
  </way>
  <way id="50446721" action="modify" timestamp="2023-07-24T08:46:08Z" uid="260756" user="Felis Pimeja" visible="true" version="4" changeset="138927867">
    <nd ref="641583445"/>
    <nd ref="641583451"/>
    <nd ref="3869478979"/>
    <nd ref="641583456"/>
    <nd ref="11064467063"/>
    <nd ref="-42622"/>
    <nd ref="-42624"/>
    <nd ref="-42625"/>
    <nd ref="641583463"/>
    <nd ref="641583438"/>
    <nd ref="641583471"/>
    <tag k="highway" v="footway"/>
  </way>
  <way id="50446726" timestamp="2010-02-16T14:40:08Z" uid="10625" user="shadowjack" visible="true" version="1" changeset="3892676">
    <nd ref="641583539"/>
    <nd ref="641583471"/>
    <tag k="highway" v="footway"/>
  </way>
  <way id="50446727" action="modify" timestamp="2022-07-31T07:32:44Z" uid="166816" user="Vascom" visible="true" version="2" changeset="124290628">
    <nd ref="641583471"/>
    <nd ref="-42683"/>
    <nd ref="-42628"/>
    <nd ref="641583548"/>
    <nd ref="9921877326"/>
    <nd ref="9921877327"/>
    <nd ref="9921877328"/>
    <nd ref="9921877329"/>
    <nd ref="9921877330"/>
    <nd ref="-42681"/>
    <nd ref="9921877331"/>
    <nd ref="-42541"/>
    <nd ref="641584082"/>
    <tag k="highway" v="footway"/>
  </way>
  <way id="50446728" action="modify" timestamp="2016-04-15T15:35:53Z" uid="260756" user="Felis Pimeja" visible="true" version="2" changeset="38592147">
    <nd ref="641583471"/>
    <nd ref="-42682"/>
    <nd ref="641583560"/>
    <nd ref="-42627"/>
    <nd ref="-42677"/>
    <nd ref="641583565"/>
    <nd ref="641583851"/>
    <tag k="highway" v="footway"/>
  </way>
  <way id="50446729" action="modify" timestamp="2025-11-06T16:01:44Z" uid="5712144" user="ednzxt" visible="true" version="5" changeset="174295628">
    <nd ref="641583581"/>
    <nd ref="-42603"/>
    <nd ref="-42673"/>
    <nd ref="-42672"/>
    <nd ref="641583422"/>
    <nd ref="641583603"/>
    <nd ref="2572815472"/>
    <nd ref="641583608"/>
    <nd ref="-42596"/>
    <nd ref="-42597"/>
    <nd ref="641583614"/>
    <nd ref="2572815517"/>
    <nd ref="3869479002"/>
    <nd ref="-42595"/>
    <nd ref="641583620"/>
    <nd ref="4310443598"/>
    <nd ref="641583624"/>
    <tag k="highway" v="footway"/>
  </way>
  <way id="50446732" action="modify" timestamp="2010-02-16T14:40:12Z" uid="10625" user="shadowjack" visible="true" version="1" changeset="3892676">
    <nd ref="641583693"/>
    <nd ref="641583699"/>
    <nd ref="-42494"/>
    <nd ref="-42478"/>
    <nd ref="-42660"/>
    <nd ref="-42580"/>
    <nd ref="-42581"/>
    <nd ref="-42582"/>
    <nd ref="-42667"/>
    <nd ref="641583703"/>
    <tag k="highway" v="footway"/>
  </way>
  <way id="50446733" action="modify" timestamp="2010-02-16T14:40:13Z" uid="10625" user="shadowjack" visible="true" version="1" changeset="3892676">
    <nd ref="641583703"/>
    <nd ref="-42584"/>
    <nd ref="-42665"/>
    <nd ref="-42606"/>
    <nd ref="-42666"/>
    <nd ref="-42605"/>
    <nd ref="-42668"/>
    <nd ref="-42604"/>
    <nd ref="-42669"/>
    <nd ref="641583581"/>
    <tag k="highway" v="footway"/>
  </way>
  <way id="50446734" action="modify" timestamp="2016-07-19T07:38:29Z" uid="2853561" user="Владимир К" visible="true" version="2" changeset="40849654">
    <nd ref="641583382"/>
    <nd ref="641583445"/>
    <nd ref="-42630"/>
    <nd ref="-42629"/>
    <nd ref="641583734"/>
    <nd ref="-42632"/>
    <nd ref="641583539"/>
    <tag k="highway" v="footway"/>
  </way>
  <way id="50446735" timestamp="2010-02-16T14:40:14Z" uid="10625" user="shadowjack" visible="true" version="1" changeset="3892676">
    <nd ref="641583539"/>
    <nd ref="641583758"/>
    <tag k="highway" v="footway"/>
  </way>
  <way id="50446736" action="modify" timestamp="2010-02-16T14:40:14Z" uid="10625" user="shadowjack" visible="true" version="1" changeset="3892676">
    <nd ref="641583758"/>
    <nd ref="-42631"/>
    <nd ref="-42618"/>
    <nd ref="641583776"/>
    <nd ref="641583372"/>
    <tag k="highway" v="footway"/>
  </way>
  <way id="50446738" action="modify" timestamp="2023-07-24T08:46:08Z" uid="260756" user="Felis Pimeja" visible="true" version="3" changeset="138927867">
    <nd ref="641583851"/>
    <nd ref="11064467058"/>
    <nd ref="641583868"/>
    <nd ref="11064467065"/>
    <nd ref="11064467054"/>
    <nd ref="641583910"/>
    <nd ref="11064467064"/>
    <nd ref="11064467053"/>
    <nd ref="641583693"/>
    <nd ref="-42577"/>
    <nd ref="-42575"/>
    <nd ref="5858908731"/>
    <tag k="highway" v="footway"/>
  </way>
  <way id="50446740" action="modify" timestamp="2023-07-24T08:46:08Z" uid="260756" user="Felis Pimeja" visible="true" version="6" changeset="138927867">
    <nd ref="5858908731"/>
    <nd ref="5861643066"/>
    <nd ref="5858908730"/>
    <nd ref="-42542"/>
    <nd ref="-42568"/>
    <nd ref="4123982361"/>
    <tag k="highway" v="footway"/>
  </way>
  <way id="50446743" action="modify" timestamp="2023-07-24T08:46:08Z" uid="260756" user="Felis Pimeja" visible="true" version="4" changeset="138927867">
    <nd ref="641583851"/>
    <nd ref="11064467059"/>
    <nd ref="641584082"/>
    <nd ref="11064467052"/>
    <nd ref="11064467057"/>
    <nd ref="11064467056"/>
    <nd ref="641584087"/>
    <nd ref="11064467055"/>
    <nd ref="641584094"/>
    <nd ref="5858908731"/>
    <tag k="highway" v="footway"/>
  </way>
  <way id="52917382" timestamp="2018-08-25T19:37:10Z" uid="1337142" user="Nordpfeil" visible="true" version="4" changeset="61992958">
    <nd ref="670660802"/>
    <nd ref="670660644"/>
    <nd ref="670660642"/>
    <nd ref="670660643"/>
    <nd ref="670660517"/>
    <nd ref="670660518"/>
    <nd ref="670660516"/>
    <nd ref="670660547"/>
    <nd ref="670660530"/>
    <nd ref="670660528"/>
    <nd ref="670660529"/>
    <nd ref="670660524"/>
    <nd ref="670660525"/>
    <nd ref="670660526"/>
    <nd ref="670660527"/>
    <nd ref="670660523"/>
    <nd ref="670660545"/>
    <nd ref="670660546"/>
    <nd ref="670660548"/>
    <nd ref="670660556"/>
    <nd ref="670660555"/>
    <nd ref="5857231367"/>
    <nd ref="670660554"/>
    <nd ref="670660553"/>
    <nd ref="670660552"/>
    <nd ref="670660551"/>
    <nd ref="670660550"/>
    <nd ref="670660549"/>
    <nd ref="670660816"/>
    <nd ref="670660815"/>
    <nd ref="670660814"/>
    <nd ref="670660813"/>
    <nd ref="670660811"/>
    <nd ref="670660810"/>
    <nd ref="670660809"/>
    <nd ref="670660808"/>
    <nd ref="670660806"/>
    <nd ref="670660807"/>
    <nd ref="670660804"/>
    <nd ref="4123983448"/>
  </way>
  <way id="52917383" action="modify" timestamp="2016-04-15T15:35:49Z" uid="260756" user="Felis Pimeja" visible="true" version="6" changeset="38592147">
    <nd ref="670660634"/>
    <nd ref="670660637"/>
    <nd ref="670660636"/>
    <nd ref="670660504"/>
    <nd ref="670660503"/>
    <nd ref="670660497"/>
    <nd ref="670660496"/>
    <nd ref="670660499"/>
    <nd ref="670660498"/>
    <nd ref="3865153104"/>
  </way>
  <way id="52917395" action="modify" timestamp="2019-08-19T15:24:22Z" uid="830106" user="literan" visible="true" version="11" changeset="73504278">
    <nd ref="670660714"/>
    <nd ref="670660715"/>
    <nd ref="6724056211"/>
    <nd ref="670660680"/>
    <nd ref="6724056207"/>
    <nd ref="670660714"/>
  </way>
  <way id="52917406" action="modify" timestamp="2017-08-07T21:06:45Z" uid="830106" user="literan" visible="true" version="6" changeset="50927748">
    <nd ref="670660653"/>
    <nd ref="670660604"/>
    <nd ref="670660605"/>
    <nd ref="670660600"/>
    <nd ref="4123982499"/>
    <nd ref="670660603"/>
    <nd ref="4123982530"/>
    <nd ref="670660610"/>
    <nd ref="4123982551"/>
    <nd ref="4123982561"/>
    <nd ref="4123982571"/>
    <nd ref="670660611"/>
    <nd ref="4123982573"/>
    <nd ref="670660612"/>
    <nd ref="4123982580"/>
    <nd ref="4123982587"/>
    <nd ref="4123982726"/>
    <nd ref="4123982734"/>
    <nd ref="670660607"/>
    <nd ref="670660608"/>
    <nd ref="4123982788"/>
    <nd ref="670660609"/>
    <nd ref="670660658"/>
    <nd ref="670660661"/>
    <nd ref="670660660"/>
    <nd ref="670660654"/>
    <nd ref="670660656"/>
    <nd ref="4123983394"/>
    <nd ref="670660677"/>
    <nd ref="670660676"/>
    <nd ref="4123983409"/>
    <nd ref="670660678"/>
    <nd ref="670660662"/>
    <nd ref="4123982963"/>
    <nd ref="4123982958"/>
    <nd ref="670660653"/>
  </way>
  <way id="52917413" action="modify" timestamp="2016-04-15T15:35:51Z" uid="260756" user="Felis Pimeja" visible="true" version="3" changeset="38592147">
    <nd ref="670660832"/>
    <nd ref="670660833"/>
    <nd ref="670660828"/>
    <nd ref="2923877796"/>
    <nd ref="2923877795"/>
    <nd ref="670660826"/>
    <nd ref="670660825"/>
    <nd ref="670660831"/>
    <nd ref="670660830"/>
    <nd ref="670660829"/>
    <nd ref="670660820"/>
    <nd ref="4123983781"/>
    <nd ref="670660819"/>
    <nd ref="670660818"/>
    <nd ref="670660867"/>
    <nd ref="670660869"/>
    <nd ref="670660868"/>
    <nd ref="670660832"/>
  </way>
  <way id="53637517" action="modify" timestamp="2025-11-15T18:49:12Z" uid="22440403" user="Ozon OSM4" visible="true" version="4" changeset="174699902">
    <nd ref="670660864"/>
    <nd ref="670660865"/>
    <nd ref="670660866"/>
    <nd ref="670660588"/>
    <nd ref="670660587"/>
    <nd ref="670660586"/>
    <nd ref="670660589"/>
    <nd ref="670660591"/>
    <nd ref="670660590"/>
    <nd ref="4123983785"/>
    <nd ref="4123983786"/>
    <nd ref="670660574"/>
    <nd ref="670660569"/>
    <nd ref="670660568"/>
    <nd ref="670660567"/>
    <nd ref="670660559"/>
    <nd ref="670660561"/>
    <nd ref="670660560"/>
    <nd ref="670660544"/>
    <nd ref="670660543"/>
    <nd ref="4123983761"/>
    <nd ref="4123983752"/>
    <nd ref="4123983746"/>
    <nd ref="670660537"/>
    <nd ref="4123983728"/>
    <nd ref="4123983726"/>
    <nd ref="670660538"/>
    <nd ref="670660535"/>
    <nd ref="4123983468"/>
    <nd ref="670660536"/>
    <nd ref="670660541"/>
    <nd ref="670660542"/>
    <nd ref="670660539"/>
    <nd ref="670660540"/>
    <nd ref="670660521"/>
    <nd ref="670660522"/>
    <nd ref="670660531"/>
    <nd ref="670660532"/>
    <nd ref="670660533"/>
    <nd ref="670660534"/>
    <nd ref="670660557"/>
    <nd ref="4123983783"/>
    <nd ref="670660558"/>
    <nd ref="670660565"/>
    <nd ref="670660564"/>
    <nd ref="670660566"/>
    <nd ref="670660570"/>
    <nd ref="670660572"/>
    <nd ref="670660571"/>
    <nd ref="670660573"/>
    <nd ref="670660563"/>
    <nd ref="670660581"/>
    <nd ref="670660580"/>
    <nd ref="670660583"/>
    <nd ref="670660576"/>
    <nd ref="670660578"/>
    <nd ref="670660864"/>
  </way>
  <way id="109467260" action="modify" timestamp="2016-04-15T15:35:54Z" uid="260756" user="Felis Pimeja" visible="true" version="3" changeset="38592147">
    <nd ref="1253152210"/>
    <nd ref="4123983422"/>
    <nd ref="1400281020"/>
    <nd ref="4123983424"/>
    <nd ref="1400281023"/>
    <nd ref="1400281024"/>
    <nd ref="-42704"/>
    <nd ref="1400281029"/>
    <nd ref="1400281031"/>
    <nd ref="1253152191"/>
    <tag k="highway" v="footway"/>
  </way>
  <way id="109467263" action="modify" timestamp="2016-11-29T15:50:43Z" uid="149412" user="Haserbaba" visible="true" version="6" changeset="44037391">
    <nd ref="3865153082"/>
    <nd ref="1253152240"/>
    <nd ref="4123982326"/>
    <nd ref="1253152216"/>
    <nd ref="2572589132"/>
    <nd ref="1253152247"/>
    <nd ref="-42684"/>
    <nd ref="-42686"/>
    <nd ref="-42688"/>
    <nd ref="-42712"/>
    <nd ref="4528639036"/>
    <nd ref="4528639041"/>
    <nd ref="1253152128"/>
    <nd ref="-42711"/>
    <nd ref="-42690"/>
    <nd ref="-42691"/>
    <nd ref="-42692"/>
    <nd ref="1253152269"/>
    <tag k="highway" v="footway"/>
  </way>
  <way id="109467266" action="modify" timestamp="2019-07-03T09:57:45Z" uid="911970" user="lromanov" visible="true" version="5" changeset="71852049">
    <nd ref="6586145991"/>
    <nd ref="6586145990"/>
    <nd ref="6586145989"/>
    <nd ref="6586145988"/>
    <nd ref="6586145987"/>
    <nd ref="6586145986"/>
    <nd ref="1253152285"/>
    <nd ref="4123982956"/>
    <nd ref="1253152184"/>
    <nd ref="-42650"/>
    <nd ref="1253152111"/>
    <nd ref="1253152147"/>
    <nd ref="3865175094"/>
    <nd ref="1253152283"/>
    <nd ref="-42710"/>
    <nd ref="-42708"/>
    <nd ref="1253152099"/>
    <tag k="highway" v="footway"/>
  </way>
  <way id="109467267" action="modify" timestamp="2017-02-19T01:06:47Z" uid="3580412" user="Alexander-II" visible="true" version="3" changeset="46204909">
    <nd ref="1253152219"/>
    <nd ref="1253152215"/>
    <nd ref="1253152245"/>
    <nd ref="1253152182"/>
    <nd ref="1253152228"/>
    <nd ref="1253152101"/>
    <nd ref="1253152126"/>
    <nd ref="1253152301"/>
    <nd ref="1253152108"/>
    <nd ref="1253152256"/>
    <nd ref="1253152281"/>
    <nd ref="1253152242"/>
    <nd ref="1253152219"/>
    <tag k="water" v="pond"/>
  </way>
  <way id="109467270" action="modify" timestamp="2017-02-19T01:06:48Z" uid="3580412" user="Alexander-II" visible="true" version="6" changeset="46204909">
    <nd ref="1253152160"/>
    <nd ref="2572589796"/>
    <nd ref="2572589789"/>
    <nd ref="2572589784"/>
    <nd ref="2572589754"/>
    <nd ref="2572589734"/>
    <nd ref="2572589724"/>
    <nd ref="2572589714"/>
    <nd ref="2572589713"/>
    <nd ref="2572589722"/>
    <nd ref="2572589711"/>
    <nd ref="2572589689"/>
    <nd ref="2572589678"/>
    <nd ref="2572589677"/>
    <nd ref="2572589690"/>
    <nd ref="2572589703"/>
    <nd ref="2572589710"/>
    <nd ref="2572589721"/>
    <nd ref="2572589738"/>
    <nd ref="2572589742"/>
    <nd ref="1253152217"/>
    <nd ref="2572589728"/>
    <nd ref="1253152090"/>
    <nd ref="2572589667"/>
    <nd ref="1253152121"/>
    <nd ref="1253152292"/>
    <nd ref="2572589616"/>
    <nd ref="2572589558"/>
    <nd ref="2572589522"/>
    <nd ref="2572589498"/>
    <nd ref="2572589417"/>
    <nd ref="2572589320"/>
    <nd ref="2572589314"/>
    <nd ref="1253152104"/>
    <nd ref="2572589296"/>
    <nd ref="2572589292"/>
    <nd ref="1253152249"/>
    <nd ref="2572589294"/>
    <nd ref="2572589286"/>
    <nd ref="2572589218"/>
    <nd ref="2572589197"/>
    <nd ref="1253152271"/>
    <nd ref="1253152142"/>
    <nd ref="2572589134"/>
    <nd ref="2572589133"/>
    <nd ref="1253152194"/>
    <nd ref="1253152119"/>
    <nd ref="1253152153"/>
    <nd ref="1253152299"/>
    <nd ref="2572589142"/>
    <nd ref="2572589148"/>
    <nd ref="2572589150"/>
    <nd ref="1253152118"/>
    <nd ref="1253152178"/>
    <nd ref="2572589236"/>
    <nd ref="2572589284"/>
    <nd ref="2572589289"/>
    <nd ref="1253152106"/>
    <nd ref="2572589343"/>
    <nd ref="2572589458"/>
    <nd ref="2572589505"/>
    <nd ref="1253152144"/>
    <nd ref="2572589614"/>
    <nd ref="1253152278"/>
    <nd ref="1253152297"/>
    <nd ref="1253152264"/>
    <nd ref="1253152286"/>
    <nd ref="1253152212"/>
    <nd ref="1253152236"/>
    <nd ref="1253152160"/>
  </way>
  <way id="126225610" action="modify" timestamp="2023-07-27T20:57:55Z" uid="830106" user="literan" visible="true" version="3" changeset="139107196">
    <nd ref="1399842600"/>
    <nd ref="1399842852"/>
    <nd ref="11071976157"/>
    <nd ref="1399842938"/>
    <nd ref="1399842961"/>
    <nd ref="1399842960"/>
    <nd ref="1399842912"/>
    <nd ref="11071976158"/>
    <nd ref="1399842787"/>
    <nd ref="1399842544"/>
    <nd ref="1399842360"/>
  </way>
  <way id="126225621" action="modify" timestamp="2014-11-29T21:23:14Z" uid="260756" user="Felis Pimeja" visible="true" version="2" changeset="27120543">
    <nd ref="1399841565"/>
    <nd ref="3211470657"/>
  </way>
  <way id="126225624" action="modify" timestamp="2011-08-15T13:59:05Z" uid="260756" user="Felis Pimeja" visible="true" version="1" changeset="9027346">
    <nd ref="1399842465"/>
    <nd ref="1399842502"/>
  </way>
  <way id="126225625" action="modify" timestamp="2021-05-29T13:48:04Z" uid="830106" user="literan" visible="true" version="4" changeset="105535046">
    <nd ref="618284412"/>
    <nd ref="618284422"/>
  </way>
  <way id="126225626" action="modify" timestamp="2021-05-29T13:48:04Z" uid="830106" user="literan" visible="true" version="4" changeset="105535046">
    <nd ref="1399842008"/>
    <nd ref="3870655598"/>
    <nd ref="3869478992"/>
    <nd ref="3869478991"/>
    <nd ref="618284410"/>
  </way>
  <way id="126225630" action="modify" timestamp="2015-12-01T11:03:17Z" uid="149412" user="Haserbaba" visible="true" version="3" changeset="35682327">
    <nd ref="441301768"/>
    <nd ref="3865151380"/>
    <nd ref="3865151381"/>
  </way>
  <way id="126225634" action="modify" timestamp="2021-05-29T13:48:04Z" uid="830106" user="literan" visible="true" version="4" changeset="105535046">
    <nd ref="1399842293"/>
    <nd ref="618284412"/>
  </way>
  <way id="126225639" action="modify" timestamp="2016-04-15T15:35:46Z" uid="260756" user="Felis Pimeja" visible="true" version="3" changeset="38592147">
    <nd ref="1399842050"/>
    <nd ref="1399842163"/>
    <nd ref="4123983412"/>
  </way>
  <way id="126225640" action="modify" timestamp="2016-12-02T11:01:09Z" uid="149412" user="Haserbaba" visible="true" version="3" changeset="44111472">
    <nd ref="1399841711"/>
    <nd ref="4533775262"/>
    <nd ref="4533775268"/>
    <nd ref="4533775267"/>
    <nd ref="4533775269"/>
    <nd ref="1399841904"/>
    <nd ref="1399841912"/>
    <nd ref="4123982163"/>
    <nd ref="1399841937"/>
  </way>
  <way id="126271227" action="modify" timestamp="2019-07-03T09:57:45Z" uid="911970" user="lromanov" visible="true" version="4" changeset="71852049">
    <nd ref="1400272518"/>
    <nd ref="3865175071"/>
    <nd ref="-42653"/>
    <nd ref="1400272520"/>
    <nd ref="4123982047"/>
    <nd ref="4123982052"/>
    <nd ref="4123982057"/>
    <nd ref="1400272521"/>
    <nd ref="1400272522"/>
    <nd ref="1400272524"/>
    <nd ref="1400272525"/>
    <nd ref="6586145991"/>
    <nd ref="-42697"/>
    <nd ref="4123982329"/>
    <nd ref="-42696"/>
    <nd ref="1400272528"/>
    <nd ref="-42694"/>
    <nd ref="1400272535"/>
    <nd ref="4123982752"/>
    <nd ref="1253152230"/>
    <tag k="highway" v="footway"/>
  </way>
  <way id="126271228" timestamp="2016-11-29T14:26:07Z" uid="149412" user="Haserbaba" visible="true" version="7" changeset="44035616">
    <nd ref="4123982703"/>
    <nd ref="4123982514"/>
    <nd ref="4123982495"/>
    <tag k="highway" v="footway"/>
  </way>
  <way id="126271806" timestamp="2016-04-15T15:35:53Z" uid="260756" user="Felis Pimeja" visible="true" version="2" changeset="38592147">
    <nd ref="1400281036"/>
    <nd ref="4123983452"/>
    <nd ref="4123983449"/>
    <nd ref="4123983442"/>
    <nd ref="1400281033"/>
    <nd ref="1400281029"/>
    <tag k="highway" v="footway"/>
  </way>
  <way id="126271807" action="modify" timestamp="2018-08-25T19:37:10Z" uid="1337142" user="Nordpfeil" visible="true" version="6" changeset="61992958">
    <nd ref="1253152191"/>
    <nd ref="4100014722"/>
    <nd ref="1400281038"/>
    <nd ref="4123983453"/>
    <nd ref="1400281036"/>
    <nd ref="4123983459"/>
    <nd ref="4123983480"/>
    <nd ref="4123983709"/>
    <nd ref="1400281041"/>
    <nd ref="5857231366"/>
    <nd ref="4123983751"/>
    <nd ref="1400281044"/>
    <nd ref="4123983727"/>
    <nd ref="4123983693"/>
    <nd ref="1400281040"/>
    <nd ref="4123983455"/>
    <nd ref="1400281039"/>
    <nd ref="4123983450"/>
    <nd ref="1400281035"/>
    <nd ref="-42705"/>
    <nd ref="1253152210"/>
    <nd ref="1253152251"/>
    <nd ref="1253152294"/>
    <nd ref="4123982973"/>
    <nd ref="1253152275"/>
    <nd ref="4123982946"/>
    <nd ref="1253152092"/>
    <nd ref="1253152175"/>
    <nd ref="4123982753"/>
    <nd ref="4123982738"/>
    <tag k="highway" v="footway"/>
  </way>
  <way id="134125642" timestamp="2016-02-02T14:03:40Z" uid="260756" user="Felis Pimeja" visible="true" version="2" changeset="36957804">
    <nd ref="1475061425"/>
    <nd ref="3984125029"/>
    <nd ref="1399841565"/>
  </way>
  <way id="134125643" timestamp="2011-10-21T15:05:57Z" uid="266092" user="luch86" visible="true" version="1" changeset="9617036">
    <nd ref="1399842293"/>
    <nd ref="1399842360"/>
  </way>
  <way id="134125644" timestamp="2011-10-21T15:05:57Z" uid="266092" user="luch86" visible="true" version="1" changeset="9617036">
    <nd ref="1399842050"/>
    <nd ref="1399842039"/>
  </way>
  <way id="134125647" action="modify" timestamp="2018-08-27T18:25:55Z" uid="1337142" user="Nordpfeil" visible="true" version="3" changeset="62048406">
    <nd ref="1399842465"/>
    <nd ref="1399842234"/>
  </way>
  <way id="134125655" action="modify" timestamp="2015-11-30T16:59:05Z" uid="149412" user="Haserbaba" visible="true" version="2" changeset="35669721">
    <nd ref="1399842008"/>
    <nd ref="1399842044"/>
  </way>
  <way id="134125656" action="modify" timestamp="2016-11-29T15:54:24Z" uid="1781102" user="elazarev" visible="true" version="2" changeset="44037478">
    <nd ref="1399842600"/>
    <nd ref="1399842502"/>
  </way>
  <way id="134125661" action="modify" timestamp="2016-04-15T15:35:46Z" uid="260756" user="Felis Pimeja" visible="true" version="4" changeset="38592147">
    <nd ref="1475061426"/>
    <nd ref="4123982230"/>
    <nd ref="1475061427"/>
    <nd ref="1475061428"/>
    <nd ref="1475061429"/>
  </way>
  <way id="134125662" action="modify" timestamp="2016-04-05T15:01:37Z" uid="260756" user="Felis Pimeja" visible="true" version="3" changeset="38320240">
    <nd ref="1475061429"/>
    <nd ref="3865153134"/>
    <nd ref="269257974"/>
    <nd ref="2923875473"/>
  </way>
  <way id="134125665" action="modify" timestamp="2016-04-05T15:01:37Z" uid="260756" user="Felis Pimeja" visible="true" version="2" changeset="38320240">
    <nd ref="670660892"/>
    <nd ref="-45325"/>
    <nd ref="1475061434"/>
    <nd ref="1475061433"/>
    <nd ref="1475061432"/>
    <nd ref="1475061431"/>
    <nd ref="2923877785"/>
  </way>
  <way id="134125666" timestamp="2019-08-18T22:03:17Z" uid="345975" user="VlIvYur" visible="true" version="3" changeset="73474660">
    <nd ref="1475061425"/>
    <nd ref="441301776"/>
    <nd ref="3871104697"/>
    <nd ref="441301775"/>
    <nd ref="3984125051"/>
    <nd ref="3984125048"/>
    <nd ref="3984125049"/>
    <nd ref="3984125052"/>
    <nd ref="3984125056"/>
    <nd ref="3984125959"/>
    <nd ref="3984125958"/>
    <nd ref="6721893730"/>
    <nd ref="968712139"/>
    <nd ref="1399841711"/>
  </way>
  <way id="173044448" timestamp="2016-04-15T15:35:46Z" uid="260756" user="Felis Pimeja" visible="true" version="2" changeset="38592147">
    <nd ref="4123982376"/>
    <nd ref="1838704636"/>
    <nd ref="1838704633"/>
    <nd ref="4123982498"/>
    <nd ref="4123982513"/>
    <nd ref="1838704623"/>
    <nd ref="4123982512"/>
    <nd ref="4123982377"/>
    <nd ref="1838704635"/>
    <nd ref="4123982363"/>
  </way>
  <way id="250922989" action="modify" timestamp="2016-04-15T15:35:47Z" uid="260756" user="Felis Pimeja" visible="true" version="2" changeset="38592147">
    <nd ref="715797825"/>
    <nd ref="2572579761"/>
    <nd ref="2572579719"/>
    <nd ref="2572579712"/>
    <nd ref="2572579710"/>
    <nd ref="715797843"/>
    <nd ref="1475061426"/>
  </way>
  <way id="250923933" action="modify" timestamp="2015-11-28T15:00:05Z" uid="3351026" user="Alexander Khomyak" visible="true" version="2" changeset="35629775">
    <nd ref="2572589685"/>
    <nd ref="2572589755"/>
    <nd ref="2572589854"/>
    <nd ref="2572589861"/>
    <nd ref="2572589853"/>
    <nd ref="2572589842"/>
    <nd ref="2572589829"/>
    <nd ref="3865153120"/>
    <nd ref="2572589741"/>
    <nd ref="2572589692"/>
    <nd ref="2572589673"/>
    <nd ref="2572589654"/>
    <nd ref="2572589646"/>
    <nd ref="2572589644"/>
    <nd ref="2572589643"/>
    <nd ref="2572589648"/>
    <nd ref="2572589652"/>
    <nd ref="2572589666"/>
    <nd ref="2572589685"/>
  </way>
  <way id="250951831" action="modify" timestamp="2023-08-25T13:13:24Z" uid="11978982" user="mappinglander" visible="true" version="5" changeset="140372443">
    <nd ref="2572814280"/>
    <nd ref="2572814278"/>
    <nd ref="2572814281"/>
    <nd ref="2572814285"/>
    <nd ref="2572814295"/>
    <nd ref="2572814313"/>
    <nd ref="2572814336"/>
    <nd ref="2572814364"/>
    <nd ref="2572814375"/>
    <nd ref="2572814373"/>
    <nd ref="2572814358"/>
    <nd ref="2572814329"/>
    <nd ref="2572814306"/>
    <nd ref="2572814294"/>
    <nd ref="2572814287"/>
    <nd ref="2572814280"/>
  </way>
  <way id="250951834" action="modify" timestamp="2013-12-09T12:04:57Z" uid="260756" user="Felis Pimeja" visible="true" version="1" changeset="19357638">
    <nd ref="2572814890"/>
    <nd ref="2572814886"/>
    <nd ref="2572814845"/>
    <nd ref="-42466"/>
    <nd ref="2572814849"/>
    <nd ref="-42468"/>
    <nd ref="2572814887"/>
    <nd ref="2572814912"/>
    <nd ref="2572814948"/>
    <nd ref="2572815055"/>
    <nd ref="-42469"/>
    <nd ref="2572815067"/>
    <nd ref="-42471"/>
    <nd ref="-42470"/>
    <nd ref="-42472"/>
    <nd ref="2572814962"/>
    <nd ref="-42467"/>
    <nd ref="2572814890"/>
  </way>
  <way id="250951843" action="modify" timestamp="2013-12-09T12:05:00Z" uid="260756" user="Felis Pimeja" visible="true" version="1" changeset="19357638">
    <nd ref="2572811437"/>
    <nd ref="2572811195"/>
    <nd ref="2572811115"/>
    <nd ref="2572811295"/>
    <nd ref="2572811798"/>
    <nd ref="2572811818"/>
    <nd ref="2572812227"/>
    <nd ref="2572812385"/>
    <nd ref="2572812442"/>
    <nd ref="2572812280"/>
    <nd ref="2572812020"/>
    <nd ref="2572811786"/>
    <nd ref="2572811594"/>
    <nd ref="2572811437"/>
  </way>
  <way id="250951849" action="modify" timestamp="2013-12-12T12:13:56Z" uid="65083" user="deep125" visible="true" version="2" changeset="19412127">
    <nd ref="2572814805"/>
    <nd ref="2572814800"/>
    <nd ref="2572814792"/>
    <nd ref="2572814779"/>
    <nd ref="2572814770"/>
    <nd ref="2572814746"/>
    <nd ref="2572814735"/>
    <nd ref="2572814657"/>
    <nd ref="2572814671"/>
    <nd ref="2572814736"/>
    <nd ref="2572814757"/>
    <nd ref="2572814772"/>
    <nd ref="2572814782"/>
    <nd ref="2572814803"/>
    <nd ref="2572814805"/>
  </way>
  <way id="250951851" action="modify" timestamp="2013-12-09T12:05:02Z" uid="260756" user="Felis Pimeja" visible="true" version="1" changeset="19357638">
    <nd ref="2572815066"/>
    <nd ref="2572815062"/>
    <nd ref="2572815064"/>
    <nd ref="2572815074"/>
    <nd ref="2572815090"/>
    <nd ref="2572815435"/>
    <nd ref="2572815450"/>
    <nd ref="2572815453"/>
    <nd ref="2572815457"/>
    <nd ref="2572815447"/>
    <nd ref="2572815443"/>
    <nd ref="2572815432"/>
    <nd ref="2572815427"/>
    <nd ref="2572815418"/>
    <nd ref="2572815083"/>
    <nd ref="2572815066"/>
  </way>
  <way id="250951857" action="modify" timestamp="2022-10-07T03:20:39Z" uid="10129333" user="solenoid jam" visible="true" version="2" changeset="127127855">
    <nd ref="2572811657"/>
    <nd ref="2572811423"/>
    <nd ref="2572811288"/>
    <nd ref="2572811278"/>
    <nd ref="2572810979"/>
    <nd ref="2572810962"/>
    <nd ref="2572811083"/>
    <nd ref="2572811360"/>
    <nd ref="2572811446"/>
    <nd ref="2572811763"/>
    <nd ref="2572811788"/>
    <nd ref="2572811790"/>
    <nd ref="2572811996"/>
    <nd ref="2572812528"/>
    <nd ref="2572812599"/>
    <nd ref="2572812623"/>
    <nd ref="2572812464"/>
    <nd ref="2572811789"/>
    <nd ref="2572811657"/>
  </way>
  <way id="250951863" action="modify" timestamp="2015-12-04T13:52:28Z" uid="149412" user="Haserbaba" visible="true" version="2" changeset="35747694">
    <nd ref="3876290285"/>
    <nd ref="2572809278"/>
    <nd ref="2572809265"/>
    <nd ref="2572809216"/>
    <nd ref="2572809169"/>
    <nd ref="2572809189"/>
    <nd ref="3876290277"/>
    <nd ref="3876290279"/>
    <nd ref="3876290283"/>
    <nd ref="3876290286"/>
    <nd ref="3876290288"/>
    <nd ref="3876290289"/>
    <nd ref="3876290287"/>
    <nd ref="3876290285"/>
  </way>
  <way id="250951865" action="modify" timestamp="2013-12-09T12:05:06Z" uid="260756" user="Felis Pimeja" visible="true" version="1" changeset="19357638">
    <nd ref="2572814273"/>
    <nd ref="2572814283"/>
    <nd ref="2572814299"/>
    <nd ref="2572814320"/>
    <nd ref="2572814347"/>
    <nd ref="2572814378"/>
    <nd ref="2572814390"/>
    <nd ref="2572814399"/>
    <nd ref="2572814409"/>
    <nd ref="2572814412"/>
    <nd ref="2572814410"/>
    <nd ref="2572814397"/>
    <nd ref="2572814385"/>
    <nd ref="2572814365"/>
    <nd ref="2572814322"/>
    <nd ref="2572814297"/>
    <nd ref="2572814279"/>
    <nd ref="2572814270"/>
    <nd ref="2572814261"/>
    <nd ref="2572814254"/>
    <nd ref="2572814250"/>
    <nd ref="2572814252"/>
    <nd ref="2572814260"/>
    <nd ref="2572814267"/>
    <nd ref="2572814273"/>
  </way>
  <way id="250951869" timestamp="2025-11-06T16:01:44Z" uid="5712144" user="ednzxt" visible="true" version="2" changeset="174295628">
    <nd ref="13285481907"/>
    <nd ref="13285481965"/>
    <nd ref="13285481964"/>
    <nd ref="13285470395"/>
    <nd ref="13285470396"/>
    <nd ref="13285481963"/>
    <nd ref="13285481962"/>
    <nd ref="2572815512"/>
    <nd ref="13285481961"/>
    <nd ref="13285481960"/>
    <nd ref="13285481958"/>
    <nd ref="13285481959"/>
    <nd ref="13285470397"/>
    <nd ref="2572815502"/>
    <nd ref="13285481957"/>
    <nd ref="13285481956"/>
    <nd ref="2572815501"/>
    <nd ref="13285481950"/>
    <nd ref="2572815474"/>
    <nd ref="2572815477"/>
    <nd ref="13285481911"/>
    <nd ref="13285481910"/>
    <nd ref="13285481909"/>
    <nd ref="13285481908"/>
    <nd ref="13285481907"/>
  </way>
  <way id="250951880" timestamp="2023-07-24T08:46:08Z" uid="260756" user="Felis Pimeja" visible="true" version="3" changeset="138927867">
    <nd ref="2572810839"/>
    <nd ref="269262723"/>
    <nd ref="269262726"/>
    <nd ref="269262729"/>
    <nd ref="269262731"/>
    <nd ref="269262733"/>
    <nd ref="269262735"/>
    <nd ref="269262737"/>
    <nd ref="11064497231"/>
    <nd ref="269262739"/>
    <nd ref="269262740"/>
    <nd ref="269262744"/>
    <nd ref="269262746"/>
    <nd ref="1188905872"/>
    <nd ref="1188905053"/>
    <nd ref="269262719"/>
    <nd ref="269262712"/>
    <nd ref="269262708"/>
    <nd ref="11064497251"/>
    <nd ref="269262701"/>
    <nd ref="269262689"/>
    <nd ref="1188905577"/>
    <nd ref="269262687"/>
    <nd ref="269262686"/>
    <nd ref="269262683"/>
    <nd ref="269262680"/>
    <nd ref="269262678"/>
    <nd ref="269262676"/>
    <nd ref="269262674"/>
    <nd ref="269262671"/>
    <nd ref="269262669"/>
    <nd ref="11064497574"/>
    <nd ref="269262652"/>
  </way>
  <way id="250951885" timestamp="2025-11-06T16:02:13Z" uid="5712144" user="ednzxt" visible="true" version="3" changeset="174295659">
    <nd ref="13285481969"/>
    <nd ref="13285481968"/>
    <nd ref="13285481967"/>
    <nd ref="13285481966"/>
    <nd ref="13285481970"/>
    <nd ref="13285481971"/>
    <nd ref="13285481972"/>
    <nd ref="2572814952"/>
    <nd ref="2572814947"/>
    <nd ref="2572814942"/>
    <nd ref="2572814900"/>
    <nd ref="2572814894"/>
    <nd ref="2572814891"/>
    <nd ref="2572814895"/>
    <nd ref="13285470398"/>
    <nd ref="13285470399"/>
    <nd ref="2572814953"/>
    <nd ref="2572814961"/>
    <nd ref="2572814963"/>
    <nd ref="2572815050"/>
    <nd ref="2572815076"/>
    <nd ref="2572815199"/>
    <nd ref="2572815324"/>
    <nd ref="2572815417"/>
    <nd ref="13285481903"/>
    <nd ref="13285481904"/>
    <nd ref="2572815456"/>
    <nd ref="2572815470"/>
    <nd ref="13285471869"/>
    <nd ref="13285471870"/>
    <nd ref="13285481986"/>
    <nd ref="13285481985"/>
    <nd ref="13285481984"/>
    <nd ref="2572815495"/>
    <nd ref="13285481949"/>
    <nd ref="13285481983"/>
    <nd ref="13285481982"/>
    <nd ref="13285481980"/>
    <nd ref="13285481981"/>
    <nd ref="13285470394"/>
    <nd ref="2572815493"/>
    <nd ref="2572815490"/>
    <nd ref="13285481979"/>
    <nd ref="2572815480"/>
    <nd ref="2572815476"/>
    <nd ref="13285481948"/>
    <nd ref="2572815466"/>
    <nd ref="2572815419"/>
    <nd ref="13285481905"/>
    <nd ref="13285481906"/>
    <nd ref="2572815254"/>
    <nd ref="13285481978"/>
    <nd ref="2572815075"/>
    <nd ref="13285481976"/>
    <nd ref="13285481974"/>
    <nd ref="13285481975"/>
    <nd ref="13285481973"/>
    <nd ref="13285481977"/>
    <nd ref="13285481901"/>
    <nd ref="13285481902"/>
    <nd ref="13285481969"/>
  </way>
  <way id="288834258" timestamp="2016-04-05T15:01:37Z" uid="260756" user="Felis Pimeja" visible="true" version="2" changeset="38320240">
    <nd ref="2923877718"/>
    <nd ref="2923877703"/>
    <nd ref="2923875498"/>
    <nd ref="2923875478"/>
    <nd ref="2923875464"/>
    <nd ref="2923875460"/>
    <nd ref="2923875452"/>
    <nd ref="2923875449"/>
    <nd ref="2923875447"/>
    <nd ref="2923875446"/>
    <nd ref="2923875443"/>
    <nd ref="2923875445"/>
    <nd ref="2923875440"/>
    <nd ref="2923875436"/>
    <nd ref="2923875439"/>
    <nd ref="2923875461"/>
    <nd ref="2923875473"/>
  </way>
  <way id="288834261" action="modify" timestamp="2014-06-19T20:16:01Z" uid="260756" user="Felis Pimeja" visible="true" version="1" changeset="23032355">
    <nd ref="2923877794"/>
    <nd ref="2923877793"/>
    <nd ref="2923877795"/>
    <nd ref="2923877796"/>
    <nd ref="2923877794"/>
  </way>
  <way id="315058600" timestamp="2014-11-29T21:23:13Z" uid="260756" user="Felis Pimeja" visible="true" version="1" changeset="27120543">
    <nd ref="3211470657"/>
    <nd ref="3211470658"/>
    <nd ref="3211470659"/>
    <nd ref="3211470962"/>
    <nd ref="3211470963"/>
    <nd ref="3211470660"/>
    <nd ref="3211470964"/>
    <nd ref="3211470966"/>
    <nd ref="3211470969"/>
    <nd ref="3211470971"/>
    <nd ref="3211470973"/>
    <nd ref="3211470972"/>
    <nd ref="3211470970"/>
    <nd ref="3211470968"/>
    <nd ref="3211470965"/>
    <nd ref="3211470967"/>
    <nd ref="3211470961"/>
  </way>
  <way id="315058601" action="modify" timestamp="2016-11-30T09:58:15Z" uid="149412" user="Haserbaba" visible="true" version="2" changeset="44055788">
    <nd ref="3211470657"/>
    <nd ref="3211470961"/>
  </way>
  <way id="315058602" action="modify" timestamp="2015-12-09T16:03:59Z" uid="149412" user="Haserbaba" visible="true" version="3" changeset="35849020">
    <nd ref="3211470961"/>
    <nd ref="441301768"/>
  </way>
  <way id="383281972" action="modify" timestamp="2016-04-15T15:35:49Z" uid="260756" user="Felis Pimeja" visible="true" version="3" changeset="38592147">
    <nd ref="4123982981"/>
    <nd ref="3865153123"/>
    <nd ref="3865153117"/>
    <nd ref="3865153113"/>
    <nd ref="3865153111"/>
    <nd ref="3865153106"/>
    <nd ref="4123982930"/>
    <nd ref="4123982919"/>
    <nd ref="3865153090"/>
    <nd ref="3865153089"/>
    <nd ref="4123982898"/>
  </way>
  <way id="383281974" action="modify" timestamp="2016-04-05T15:01:37Z" uid="260756" user="Felis Pimeja" visible="true" version="2" changeset="38320240">
    <nd ref="3865153146"/>
    <nd ref="3865153149"/>
    <nd ref="3865153150"/>
    <nd ref="2923875460"/>
  </way>
  <way id="383281975" action="modify" timestamp="2015-11-28T15:00:04Z" uid="3351026" user="Alexander Khomyak" visible="true" version="1" changeset="35629775">
    <nd ref="1253152253"/>
    <nd ref="3865153101"/>
    <tag k="highway" v="footway"/>
  </way>
  <way id="383281976" action="modify" timestamp="2015-11-28T15:00:04Z" uid="3351026" user="Alexander Khomyak" visible="true" version="1" changeset="35629775">
    <nd ref="3865153121"/>
    <nd ref="-42709"/>
    <nd ref="1253152224"/>
    <tag k="highway" v="footway"/>
  </way>
  <way id="383281979" action="modify" timestamp="2016-04-15T15:35:53Z" uid="260756" user="Felis Pimeja" visible="true" version="2" changeset="38592147">
    <nd ref="2572589330"/>
    <nd ref="4123982731"/>
    <nd ref="3865153087"/>
    <nd ref="3865153091"/>
    <nd ref="3865153096"/>
    <nd ref="3865153100"/>
    <nd ref="3865153101"/>
    <tag k="highway" v="footway"/>
  </way>
  <way id="383281980" action="modify" timestamp="2026-05-18T07:24:16Z" uid="830106" user="literan" visible="true" version="4" changeset="182815711">
    <nd ref="1253152224"/>
    <nd ref="-42714"/>
    <nd ref="1253152253"/>
    <nd ref="13843616293"/>
    <nd ref="1253152125"/>
    <nd ref="2572589535"/>
    <nd ref="3865153095"/>
    <nd ref="2572589484"/>
    <nd ref="4123982743"/>
    <nd ref="2572589330"/>
    <nd ref="4123982700"/>
    <nd ref="4123982537"/>
    <nd ref="4123982522"/>
    <nd ref="3865153082"/>
    <tag k="highway" v="footway"/>
  </way>
  <way id="383283773" action="modify" timestamp="2016-04-15T15:35:49Z" uid="260756" user="Felis Pimeja" visible="true" version="2" changeset="38592147">
    <nd ref="670660498"/>
    <nd ref="4123982895"/>
    <nd ref="4123982786"/>
    <nd ref="3865175080"/>
    <nd ref="4123982773"/>
    <nd ref="3865175077"/>
    <nd ref="3865175078"/>
    <nd ref="4123982766"/>
  </way>
  <way id="383283775" action="modify" timestamp="2015-11-29T09:25:40Z" uid="3351026" user="Alexander Khomyak" visible="true" version="2" changeset="35642464">
    <nd ref="1253152184"/>
    <nd ref="3865175095"/>
    <nd ref="-42703"/>
    <nd ref="3865175105"/>
    <nd ref="1400281029"/>
    <tag k="highway" v="footway"/>
  </way>
  <way id="383283776" action="modify" timestamp="2015-11-29T09:25:40Z" uid="3351026" user="Alexander Khomyak" visible="true" version="2" changeset="35642464">
    <nd ref="3865175094"/>
    <nd ref="3865175097"/>
    <nd ref="-42707"/>
    <nd ref="3865175108"/>
    <nd ref="1253152191"/>
    <tag k="highway" v="footway"/>
  </way>
  <way id="383283777" action="modify" timestamp="2022-07-30T05:22:21Z" uid="166816" user="Vascom" visible="true" version="3" changeset="124254598">
    <nd ref="4123983423"/>
    <nd ref="3865175103"/>
    <nd ref="3865175100"/>
    <nd ref="9920387363"/>
    <nd ref="4123983420"/>
  </way>
  <way id="383283778" action="modify" timestamp="2015-11-29T09:20:12Z" uid="3351026" user="Alexander Khomyak" visible="true" version="2" changeset="35642388">
    <nd ref="3865175071"/>
    <nd ref="-42716"/>
    <tag k="highway" v="footway"/>
  </way>
  <way id="383283779" action="modify" timestamp="2015-11-28T15:23:45Z" uid="3351026" user="Alexander Khomyak" visible="true" version="1" changeset="35630159">
    <nd ref="3865175096"/>
    <nd ref="3865175104"/>
    <nd ref="-42646"/>
    <nd ref="3865175093"/>
    <nd ref="3865175096"/>
  </way>
  <way id="383283780" action="modify" timestamp="2015-11-28T15:23:45Z" uid="3351026" user="Alexander Khomyak" visible="true" version="1" changeset="35630159">
    <nd ref="3865175107"/>
    <nd ref="3865175106"/>
    <nd ref="3865175091"/>
    <nd ref="3865175107"/>
  </way>
  <way id="383631349" action="modify" timestamp="2015-11-30T16:05:46Z" uid="2335615" user="a_isaeva" visible="true" version="1" changeset="35668729">
    <nd ref="3869417179"/>
    <nd ref="3869417178"/>
    <nd ref="3869417177"/>
    <nd ref="2572815083"/>
    <nd ref="2572815418"/>
    <nd ref="2572815427"/>
    <nd ref="2572815432"/>
    <nd ref="2572815443"/>
    <nd ref="2572815447"/>
    <nd ref="2572815457"/>
    <nd ref="3869417180"/>
    <nd ref="3869417181"/>
    <nd ref="3869417182"/>
    <nd ref="3869417185"/>
    <nd ref="3869417187"/>
    <nd ref="3869417186"/>
    <nd ref="3869417188"/>
    <nd ref="3869417183"/>
    <nd ref="3869417184"/>
    <nd ref="3869417189"/>
    <nd ref="3869417179"/>
  </way>
  <way id="383637658" action="modify" timestamp="2017-06-21T21:05:44Z" uid="4742213" user="Zhenya17" visible="true" version="3" changeset="49730844">
    <nd ref="3869479032"/>
    <nd ref="3869479030"/>
    <nd ref="3869479028"/>
    <nd ref="3869479027"/>
    <nd ref="3869479023"/>
    <nd ref="3869479020"/>
    <nd ref="3869479017"/>
    <nd ref="3869479015"/>
    <nd ref="3869479019"/>
    <nd ref="3869479018"/>
    <nd ref="3869479021"/>
    <nd ref="618284438"/>
    <nd ref="3869479022"/>
    <nd ref="3869479025"/>
    <nd ref="3869479026"/>
    <nd ref="618284437"/>
    <nd ref="3869479031"/>
    <nd ref="3869479032"/>
  </way>
  <way id="383637661" action="modify" timestamp="2015-11-30T16:59:05Z" uid="149412" user="Haserbaba" visible="true" version="1" changeset="35669721">
    <nd ref="3869478987"/>
    <nd ref="3869478985"/>
    <nd ref="3869478988"/>
    <nd ref="3869478990"/>
    <nd ref="3869478987"/>
  </way>
  <way id="383749618" action="modify" timestamp="2016-07-06T15:54:15Z" uid="830106" user="literan" visible="true" version="3" changeset="40524187">
    <nd ref="3865151381"/>
    <nd ref="4286199036"/>
  </way>
  <way id="383793708" action="modify" timestamp="2020-07-13T12:01:47Z" uid="279214" user="ks1v" visible="true" version="5" changeset="87918875">
    <nd ref="3871104695"/>
    <nd ref="3871104697"/>
    <nd ref="3871104698"/>
    <tag k="highway" v="footway"/>
  </way>
  <way id="384327579" timestamp="2015-12-04T13:52:27Z" uid="149412" user="Haserbaba" visible="true" version="1" changeset="35747694">
    <nd ref="3876290305"/>
    <nd ref="641583372"/>
    <tag k="highway" v="footway"/>
  </way>
  <way id="384327580" action="modify" timestamp="2015-12-04T13:52:27Z" uid="149412" user="Haserbaba" visible="true" version="1" changeset="35747694">
    <nd ref="3876290305"/>
    <nd ref="3876290306"/>
    <tag k="highway" v="footway"/>
  </way>
  <way id="384327581" action="modify" timestamp="2015-12-04T13:52:27Z" uid="149412" user="Haserbaba" visible="true" version="1" changeset="35747694">
    <nd ref="641583776"/>
    <nd ref="3876290306"/>
    <nd ref="3876290292"/>
    <tag k="highway" v="footway"/>
  </way>
  <way id="384327582" timestamp="2015-12-04T13:52:27Z" uid="149412" user="Haserbaba" visible="true" version="1" changeset="35747694">
    <nd ref="3876290291"/>
    <nd ref="3876290290"/>
    <nd ref="3876290296"/>
    <nd ref="3876290305"/>
    <tag k="highway" v="footway"/>
  </way>
  <way id="384327583" action="modify" timestamp="2015-12-09T16:03:59Z" uid="149412" user="Haserbaba" visible="true" version="2" changeset="35849020">
    <nd ref="3876290276"/>
    <nd ref="3876290274"/>
    <nd ref="3876290271"/>
    <nd ref="3876290270"/>
    <tag k="highway" v="footway"/>
  </way>
  <way id="384327584" timestamp="2015-12-04T13:52:27Z" uid="149412" user="Haserbaba" visible="true" version="1" changeset="35747694">
    <nd ref="3876290270"/>
    <nd ref="3876290275"/>
    <nd ref="3876290278"/>
    <nd ref="3876290280"/>
    <nd ref="3876290290"/>
    <tag k="highway" v="footway"/>
  </way>
  <way id="385124410" action="modify" timestamp="2023-09-13T17:59:28Z" uid="2006945" user="Nine-tailed" visible="true" version="5" changeset="141223350">
    <nd ref="3884775502"/>
    <nd ref="3884775507"/>
    <nd ref="3884775510"/>
    <nd ref="3884775506"/>
    <nd ref="3884775502"/>
    <tag k="attraction" v="animal"/>
    <tag k="is_in:zoo" v="Московский зоопарк"/>
    <tag k="name" v="Фазаны"/>
  </way>
  <way id="385124412" action="modify" timestamp="2024-04-23T14:32:34Z" uid="18826385" user="MarinaKuzko" visible="true" version="6" changeset="150398914">
    <nd ref="3884775503"/>
    <nd ref="3884775504"/>
    <nd ref="3884775505"/>
    <nd ref="3884775501"/>
    <nd ref="3884775500"/>
    <nd ref="3884775503"/>
    <tag k="attraction" v="animal"/>
    <tag k="is_in:zoo" v="Московский зоопарк"/>
    <tag k="name" v="Арахнарий"/>
  </way>
  <way id="385128166" action="modify" timestamp="2015-12-09T15:16:46Z" uid="149412" user="Haserbaba" visible="true" version="1" changeset="35848172">
    <nd ref="4286199036"/>
    <nd ref="618284377"/>
    <nd ref="1399841755"/>
    <nd ref="618284387"/>
  </way>
  <way id="385128167" action="modify" timestamp="2016-07-19T07:38:29Z" uid="2853561" user="Владимир К" visible="true" version="2" changeset="40849654">
    <nd ref="641583451"/>
    <nd ref="3884810962"/>
    <nd ref="-42619"/>
    <nd ref="641583382"/>
    <tag k="highway" v="footway"/>
  </way>
  <way id="385129527" timestamp="2015-12-09T15:30:00Z" uid="149412" user="Haserbaba" visible="true" version="1" changeset="35848418">
    <nd ref="618284388"/>
    <nd ref="618284387"/>
  </way>
  <way id="385129529" action="modify" timestamp="2015-12-09T15:30:00Z" uid="149412" user="Haserbaba" visible="true" version="1" changeset="35848418">
    <nd ref="3884810958"/>
    <nd ref="3870655602"/>
    <nd ref="3884810653"/>
    <nd ref="618284388"/>
  </way>
  <way id="395572172" action="modify" timestamp="2016-02-02T14:03:36Z" uid="260756" user="Felis Pimeja" visible="true" version="1" changeset="36957804">
    <nd ref="3984125958"/>
    <nd ref="3984125957"/>
    <nd ref="3984125054"/>
    <nd ref="3984125053"/>
    <nd ref="3984125051"/>
    <nd ref="3984125048"/>
    <nd ref="3984125049"/>
    <nd ref="3984125052"/>
    <nd ref="3984125056"/>
    <nd ref="3984125959"/>
    <nd ref="3984125958"/>
  </way>
  <way id="395572173" action="modify" timestamp="2016-02-02T14:03:37Z" uid="260756" user="Felis Pimeja" visible="true" version="1" changeset="36957804">
    <nd ref="441301776"/>
    <nd ref="1475061425"/>
    <nd ref="3984125029"/>
    <nd ref="1399841565"/>
    <nd ref="3984125042"/>
    <nd ref="3984125044"/>
    <nd ref="3984125045"/>
    <nd ref="3984125043"/>
    <nd ref="441301770"/>
    <nd ref="441301776"/>
  </way>
  <way id="405117387" action="modify" timestamp="2016-03-22T13:37:41Z" uid="260756" user="Felis Pimeja" visible="true" version="1" changeset="37998618">
    <nd ref="1399842226"/>
    <nd ref="1399842234"/>
  </way>
  <way id="406591810" timestamp="2016-03-30T12:37:53Z" uid="260756" user="Felis Pimeja" visible="true" version="1" changeset="38165902">
    <nd ref="1253152111"/>
    <nd ref="3865175108"/>
    <tag k="highway" v="footway"/>
  </way>
  <way id="407983593" timestamp="2016-04-05T15:01:35Z" uid="260756" user="Felis Pimeja" visible="true" version="1" changeset="38320240">
    <nd ref="2923875473"/>
    <nd ref="4100014725"/>
    <nd ref="2923877718"/>
  </way>
  <way id="407983594" timestamp="2016-04-05T15:01:35Z" uid="260756" user="Felis Pimeja" visible="true" version="1" changeset="38320240">
    <nd ref="2923877746"/>
    <nd ref="4100014731"/>
    <nd ref="2923877785"/>
  </way>
  <way id="407983596" action="modify" timestamp="2016-04-05T15:01:35Z" uid="260756" user="Felis Pimeja" visible="true" version="1" changeset="38320240">
    <nd ref="2923877718"/>
    <nd ref="2923877746"/>
  </way>
  <way id="407983599" action="modify" timestamp="2016-04-05T15:01:35Z" uid="260756" user="Felis Pimeja" visible="true" version="1" changeset="38320240">
    <nd ref="4100014722"/>
    <nd ref="4100014724"/>
    <nd ref="4100014727"/>
    <tag k="highway" v="footway"/>
  </way>
  <way id="407983601" action="modify" timestamp="2016-04-05T15:01:35Z" uid="260756" user="Felis Pimeja" visible="true" version="1" changeset="38320240">
    <nd ref="4100014727"/>
    <nd ref="4100014731"/>
    <nd ref="-42656"/>
    <tag k="highway" v="footway"/>
  </way>
  <way id="410591297" timestamp="2016-04-15T15:35:29Z" uid="260756" user="Felis Pimeja" visible="true" version="1" changeset="38592147">
    <nd ref="4123982139"/>
    <nd ref="4123982169"/>
    <nd ref="4123982161"/>
    <nd ref="4123982345"/>
    <nd ref="4123982352"/>
    <nd ref="4123982357"/>
    <nd ref="4123982358"/>
    <nd ref="4123982362"/>
    <nd ref="4123982366"/>
    <nd ref="4123982370"/>
  </way>
  <way id="410591299" timestamp="2016-04-15T15:35:29Z" uid="260756" user="Felis Pimeja" visible="true" version="1" changeset="38592147">
    <nd ref="4123982766"/>
    <nd ref="4123982909"/>
    <nd ref="4123982916"/>
    <nd ref="4123982915"/>
    <nd ref="4123982932"/>
    <nd ref="4123982933"/>
    <nd ref="4123982939"/>
    <nd ref="4123982947"/>
    <nd ref="4123982959"/>
    <nd ref="670660634"/>
  </way>
  <way id="410591301" timestamp="2016-04-15T15:35:29Z" uid="260756" user="Felis Pimeja" visible="true" version="1" changeset="38592147">
    <nd ref="4123982767"/>
    <nd ref="4123982758"/>
    <nd ref="4123982759"/>
    <nd ref="4123982761"/>
    <nd ref="4123982762"/>
    <nd ref="4123982771"/>
    <nd ref="4123982889"/>
    <nd ref="4123982936"/>
    <nd ref="4123982950"/>
    <nd ref="4123982957"/>
    <nd ref="4123982960"/>
  </way>
  <way id="410591306" timestamp="2016-04-15T15:35:29Z" uid="260756" user="Felis Pimeja" visible="true" version="1" changeset="38592147">
    <nd ref="4123982369"/>
    <nd ref="4123982355"/>
    <nd ref="4123982351"/>
    <nd ref="4123982343"/>
    <nd ref="4123982337"/>
    <nd ref="4123982331"/>
    <nd ref="4123982333"/>
    <nd ref="4123982341"/>
    <nd ref="4123982348"/>
    <nd ref="4123982353"/>
    <nd ref="4123982365"/>
  </way>
  <way id="410591310" timestamp="2016-04-15T15:35:29Z" uid="260756" user="Felis Pimeja" visible="true" version="1" changeset="38592147">
    <nd ref="4123982139"/>
    <nd ref="4123982127"/>
    <nd ref="4123982121"/>
    <nd ref="4123982079"/>
    <nd ref="4123982075"/>
    <nd ref="4123982078"/>
    <nd ref="4123982074"/>
    <nd ref="4123982071"/>
    <nd ref="4123982070"/>
    <nd ref="4123982066"/>
    <nd ref="4123982060"/>
    <nd ref="4123982061"/>
  </way>
  <way id="410591313" timestamp="2016-04-15T15:35:29Z" uid="260756" user="Felis Pimeja" visible="true" version="1" changeset="38592147">
    <nd ref="4123982975"/>
    <nd ref="670660507"/>
    <nd ref="670660508"/>
    <nd ref="670660509"/>
    <nd ref="670660510"/>
    <nd ref="670660511"/>
    <nd ref="670660512"/>
    <nd ref="670660513"/>
    <nd ref="670660519"/>
    <nd ref="670660520"/>
    <nd ref="670660638"/>
    <nd ref="670660645"/>
  </way>
  <way id="410591317" action="modify" timestamp="2016-04-15T15:35:29Z" uid="260756" user="Felis Pimeja" visible="true" version="1" changeset="38592147">
    <nd ref="3865153134"/>
    <nd ref="3865153131"/>
    <nd ref="3865153129"/>
    <nd ref="3865153122"/>
    <nd ref="3865153118"/>
    <nd ref="3865153133"/>
    <nd ref="3865153136"/>
    <nd ref="3865153139"/>
    <nd ref="3865153137"/>
    <nd ref="3865153138"/>
    <nd ref="3865153140"/>
    <nd ref="3865153141"/>
    <nd ref="3865153142"/>
    <nd ref="3865153143"/>
    <nd ref="3865153146"/>
  </way>
  <way id="410591323" timestamp="2016-04-15T15:35:30Z" uid="260756" user="Felis Pimeja" visible="true" version="1" changeset="38592147">
    <nd ref="4123982370"/>
    <nd ref="4123982364"/>
    <nd ref="4123982381"/>
    <nd ref="4123982371"/>
    <nd ref="4123982356"/>
    <nd ref="4123982350"/>
    <nd ref="4123982332"/>
    <nd ref="4123982143"/>
    <nd ref="4123982144"/>
    <nd ref="4123982110"/>
    <nd ref="4123982112"/>
    <nd ref="4123982048"/>
    <nd ref="4123982051"/>
    <nd ref="4123982054"/>
    <nd ref="4123982061"/>
  </way>
  <way id="410591325" timestamp="2016-04-15T15:35:30Z" uid="260756" user="Felis Pimeja" visible="true" version="1" changeset="38592147">
    <nd ref="4123982369"/>
    <nd ref="4123982380"/>
    <nd ref="4123982500"/>
    <nd ref="4123982519"/>
    <nd ref="4123982501"/>
    <nd ref="4123982515"/>
    <nd ref="4123982548"/>
    <nd ref="4123982564"/>
    <nd ref="4123982542"/>
    <nd ref="4123982536"/>
    <nd ref="4123982532"/>
    <nd ref="4123982520"/>
    <nd ref="4123982384"/>
    <nd ref="4123982373"/>
    <nd ref="4123982365"/>
  </way>
  <way id="410591327" action="modify" timestamp="2016-04-15T15:35:30Z" uid="260756" user="Felis Pimeja" visible="true" version="1" changeset="38592147">
    <nd ref="4123982272"/>
    <nd ref="4123982254"/>
    <nd ref="4123982246"/>
    <nd ref="4123982242"/>
    <nd ref="4123982229"/>
    <nd ref="4123982226"/>
    <nd ref="4123982220"/>
    <nd ref="4123982219"/>
    <nd ref="4123982190"/>
    <nd ref="4123982173"/>
    <nd ref="4123982158"/>
    <nd ref="4123982159"/>
    <nd ref="4123982174"/>
    <nd ref="4123982185"/>
    <nd ref="4123982194"/>
    <nd ref="4123982206"/>
  </way>
  <way id="410591332" timestamp="2016-04-15T15:35:30Z" uid="260756" user="Felis Pimeja" visible="true" version="1" changeset="38592147">
    <nd ref="4123982061"/>
    <nd ref="4123982063"/>
    <nd ref="4123982064"/>
    <nd ref="4123982065"/>
    <nd ref="4123982067"/>
    <nd ref="4123982068"/>
    <nd ref="4123982073"/>
    <nd ref="4123982076"/>
    <nd ref="4123982122"/>
    <nd ref="4123982132"/>
    <nd ref="4123982140"/>
    <nd ref="4123982142"/>
    <nd ref="4123982149"/>
    <nd ref="4123982150"/>
    <nd ref="4123982152"/>
    <nd ref="4123982154"/>
    <nd ref="4123982153"/>
    <nd ref="4123982146"/>
  </way>
  <way id="410591339" action="modify" timestamp="2016-04-15T15:35:30Z" uid="260756" user="Felis Pimeja" visible="true" version="1" changeset="38592147">
    <nd ref="4123982766"/>
    <nd ref="4123982767"/>
  </way>
  <way id="410591341" action="modify" timestamp="2026-05-18T07:24:16Z" uid="830106" user="literan" visible="true" version="3" changeset="182815711">
    <nd ref="4123982298"/>
    <nd ref="13843616286"/>
    <nd ref="13843616289"/>
    <nd ref="13843634706"/>
  </way>
  <way id="410591343" timestamp="2016-04-15T15:35:30Z" uid="260756" user="Felis Pimeja" visible="true" version="1" changeset="38592147">
    <nd ref="774889166"/>
    <nd ref="2038035115"/>
  </way>
  <way id="410591361" action="modify" timestamp="2018-08-27T18:25:55Z" uid="1337142" user="Nordpfeil" visible="true" version="2" changeset="62048406">
    <nd ref="4123983412"/>
    <nd ref="1399842226"/>
  </way>
  <way id="410591370" timestamp="2016-04-15T15:35:31Z" uid="260756" user="Felis Pimeja" visible="true" version="1" changeset="38592147">
    <nd ref="4123982298"/>
    <nd ref="4123982281"/>
  </way>
  <way id="410591377" action="modify" timestamp="2026-05-18T07:24:16Z" uid="830106" user="literan" visible="true" version="3" changeset="182815711">
    <nd ref="4123982281"/>
    <nd ref="13843616288"/>
    <nd ref="13843616287"/>
    <nd ref="4123982327"/>
  </way>
  <way id="410591386" action="modify" timestamp="2026-05-18T07:24:16Z" uid="830106" user="literan" visible="true" version="2" changeset="182815711">
    <nd ref="1399842039"/>
    <nd ref="-42445"/>
    <nd ref="4534062714"/>
    <nd ref="1399842006"/>
    <nd ref="4123982338"/>
    <nd ref="4123982298"/>
  </way>
  <way id="410591388" timestamp="2016-04-15T15:35:31Z" uid="260756" user="Felis Pimeja" visible="true" version="1" changeset="38592147">
    <nd ref="4123982146"/>
    <nd ref="4123982139"/>
  </way>
  <way id="410591389" action="modify" timestamp="2016-04-15T15:35:31Z" uid="260756" user="Felis Pimeja" visible="true" version="1" changeset="38592147">
    <nd ref="4123982243"/>
    <nd ref="4123982272"/>
  </way>
  <way id="410591393" timestamp="2016-04-15T15:35:31Z" uid="260756" user="Felis Pimeja" visible="true" version="1" changeset="38592147">
    <nd ref="4123982243"/>
    <nd ref="4123982238"/>
    <nd ref="4123982237"/>
    <nd ref="4123982231"/>
    <nd ref="4123982225"/>
    <nd ref="4123982221"/>
    <nd ref="4123982217"/>
    <nd ref="4123982210"/>
    <nd ref="4123982208"/>
    <nd ref="4123982205"/>
    <nd ref="4123982202"/>
    <nd ref="4123982191"/>
    <nd ref="4123982188"/>
    <nd ref="4123982181"/>
    <nd ref="4123982178"/>
    <nd ref="4123982179"/>
    <nd ref="4123982184"/>
    <nd ref="4123982192"/>
    <nd ref="4123982203"/>
    <nd ref="4123982204"/>
    <nd ref="4123982206"/>
  </way>
  <way id="410591395" timestamp="2016-04-15T15:35:31Z" uid="260756" user="Felis Pimeja" visible="true" version="1" changeset="38592147">
    <nd ref="4123982370"/>
    <nd ref="4123982385"/>
    <nd ref="4123982372"/>
    <nd ref="4123982368"/>
    <nd ref="4123982360"/>
    <nd ref="4123982367"/>
    <nd ref="4123982349"/>
    <nd ref="4123982347"/>
    <nd ref="4123982336"/>
    <nd ref="4123982324"/>
    <nd ref="4123982183"/>
    <nd ref="4123982198"/>
    <nd ref="4123982201"/>
    <nd ref="4123982200"/>
    <nd ref="4123982196"/>
    <nd ref="4123982193"/>
    <nd ref="4123982186"/>
    <nd ref="4123982182"/>
    <nd ref="4123982177"/>
    <nd ref="4123982176"/>
    <nd ref="4123982175"/>
    <nd ref="4123982172"/>
    <nd ref="4123982146"/>
  </way>
  <way id="410591398" action="modify" timestamp="2016-04-15T15:35:31Z" uid="260756" user="Felis Pimeja" visible="true" version="1" changeset="38592147">
    <nd ref="670660825"/>
    <nd ref="4123983723"/>
    <nd ref="4123983716"/>
    <nd ref="4123983712"/>
    <nd ref="4123983714"/>
    <nd ref="4123983721"/>
    <nd ref="4123983734"/>
    <nd ref="4123983736"/>
    <nd ref="4123983756"/>
    <nd ref="4123983772"/>
    <nd ref="4123983773"/>
    <nd ref="4123983776"/>
    <nd ref="4123983778"/>
    <nd ref="4123983779"/>
    <nd ref="4123983777"/>
    <nd ref="4123983769"/>
    <nd ref="4123983748"/>
    <nd ref="4123983740"/>
    <nd ref="4123983741"/>
    <nd ref="4123983732"/>
    <nd ref="4123983735"/>
    <nd ref="4123983729"/>
    <nd ref="4123983705"/>
    <nd ref="4123983488"/>
    <nd ref="4123983468"/>
  </way>
  <way id="410591401" timestamp="2018-08-25T12:09:13Z" uid="1337142" user="Nordpfeil" visible="true" version="2" changeset="61983457">
    <nd ref="1399842050"/>
    <nd ref="4123982782"/>
    <nd ref="4123982749"/>
    <nd ref="4123982706"/>
    <nd ref="4123982550"/>
    <nd ref="4123982524"/>
    <nd ref="4123982523"/>
    <nd ref="5856366133"/>
    <nd ref="4123982544"/>
    <nd ref="4123982691"/>
    <nd ref="4123982735"/>
    <nd ref="4123982779"/>
    <nd ref="4123982908"/>
    <nd ref="4123982922"/>
    <nd ref="4123982937"/>
    <nd ref="4123982941"/>
    <nd ref="4123982940"/>
    <nd ref="4123982935"/>
    <nd ref="5856366142"/>
    <nd ref="4123982951"/>
    <nd ref="4123982953"/>
    <nd ref="4123982967"/>
    <nd ref="4123982971"/>
    <nd ref="4123983396"/>
    <nd ref="4123983406"/>
    <nd ref="4123983411"/>
    <nd ref="4123983412"/>
  </way>
  <way id="410591409" action="modify" timestamp="2016-04-15T15:35:32Z" uid="260756" user="Felis Pimeja" visible="true" version="1" changeset="38592147">
    <nd ref="4123982007"/>
    <nd ref="4123982014"/>
    <nd ref="774890927"/>
  </way>
  <way id="410591411" action="modify" timestamp="2016-04-15T15:35:32Z" uid="260756" user="Felis Pimeja" visible="true" version="1" changeset="38592147">
    <nd ref="1838704620"/>
    <nd ref="4123982239"/>
    <nd ref="774889166"/>
  </way>
  <way id="410591419" action="modify" timestamp="2016-04-15T15:35:32Z" uid="260756" user="Felis Pimeja" visible="true" version="1" changeset="38592147">
    <nd ref="774890927"/>
    <nd ref="774890935"/>
  </way>
  <way id="410591420" action="modify" timestamp="2016-04-15T15:35:32Z" uid="260756" user="Felis Pimeja" visible="true" version="1" changeset="38592147">
    <nd ref="4123982988"/>
    <nd ref="4123983402"/>
  </way>
  <way id="410591427" action="modify" timestamp="2016-04-15T15:35:33Z" uid="260756" user="Felis Pimeja" visible="true" version="1" changeset="38592147">
    <nd ref="4123982898"/>
    <nd ref="4123982906"/>
    <nd ref="3865153104"/>
  </way>
  <way id="410591429" action="modify" timestamp="2016-04-15T15:35:33Z" uid="260756" user="Felis Pimeja" visible="true" version="1" changeset="38592147">
    <nd ref="4123983402"/>
    <nd ref="3865175101"/>
    <nd ref="3865175098"/>
    <nd ref="4123983420"/>
  </way>
  <way id="410591431" timestamp="2016-04-15T15:35:33Z" uid="260756" user="Felis Pimeja" visible="true" version="1" changeset="38592147">
    <nd ref="4123982988"/>
    <nd ref="4123983391"/>
    <nd ref="4123983390"/>
    <nd ref="670660631"/>
  </way>
  <way id="410591438" action="modify" timestamp="2016-04-15T15:35:33Z" uid="260756" user="Felis Pimeja" visible="true" version="1" changeset="38592147">
    <nd ref="4123982960"/>
    <nd ref="3865175085"/>
    <nd ref="3865175087"/>
    <nd ref="4123982988"/>
  </way>
  <way id="410591443" action="modify" timestamp="2016-04-15T15:35:33Z" uid="260756" user="Felis Pimeja" visible="true" version="1" changeset="38592147">
    <nd ref="4123982206"/>
    <nd ref="4123982211"/>
    <nd ref="4123982222"/>
    <nd ref="4123982243"/>
  </way>
  <way id="410591449" timestamp="2016-04-15T15:35:33Z" uid="260756" user="Felis Pimeja" visible="true" version="1" changeset="38592147">
    <nd ref="3865153104"/>
    <nd ref="670660500"/>
    <nd ref="670660505"/>
    <nd ref="670660514"/>
  </way>
  <way id="410591454" timestamp="2016-04-15T15:35:33Z" uid="260756" user="Felis Pimeja" visible="true" version="1" changeset="38592147">
    <nd ref="670660645"/>
    <nd ref="4123983405"/>
    <nd ref="4123983404"/>
    <nd ref="4123983400"/>
    <nd ref="4123983402"/>
  </way>
  <way id="410591456" timestamp="2016-04-15T15:35:33Z" uid="260756" user="Felis Pimeja" visible="true" version="1" changeset="38592147">
    <nd ref="1838704620"/>
    <nd ref="4123982321"/>
    <nd ref="1838704627"/>
    <nd ref="1838704626"/>
    <nd ref="4123982376"/>
  </way>
  <way id="410591461" timestamp="2016-04-15T15:35:33Z" uid="260756" user="Felis Pimeja" visible="true" version="1" changeset="38592147">
    <nd ref="670660514"/>
    <nd ref="670660515"/>
    <nd ref="670660501"/>
    <nd ref="670660502"/>
    <nd ref="670660506"/>
    <nd ref="4123982975"/>
  </way>
  <way id="410591463" action="modify" timestamp="2016-04-15T15:35:33Z" uid="260756" user="Felis Pimeja" visible="true" version="1" changeset="38592147">
    <nd ref="1399841937"/>
    <nd ref="4123982197"/>
    <nd ref="4123982215"/>
    <nd ref="4123982224"/>
    <nd ref="4123982271"/>
    <nd ref="4123982281"/>
  </way>
  <way id="410591471" action="modify" timestamp="2016-04-15T15:35:34Z" uid="260756" user="Felis Pimeja" visible="true" version="1" changeset="38592147">
    <nd ref="2038035115"/>
    <nd ref="774890935"/>
  </way>
  <way id="410591474" timestamp="2016-04-15T15:35:34Z" uid="260756" user="Felis Pimeja" visible="true" version="1" changeset="38592147">
    <nd ref="670660645"/>
    <nd ref="670660646"/>
    <nd ref="670660639"/>
    <nd ref="670660640"/>
    <nd ref="670660641"/>
    <nd ref="670660631"/>
  </way>
  <way id="410591476" action="modify" timestamp="2016-04-15T15:35:34Z" uid="260756" user="Felis Pimeja" visible="true" version="1" changeset="38592147">
    <nd ref="4123982767"/>
    <nd ref="3865175079"/>
    <nd ref="3865175082"/>
    <nd ref="3865175083"/>
    <nd ref="4123982952"/>
    <nd ref="4123982960"/>
  </way>
  <way id="410591480" timestamp="2016-04-15T15:35:34Z" uid="260756" user="Felis Pimeja" visible="true" version="1" changeset="38592147">
    <nd ref="670660631"/>
    <nd ref="670660630"/>
    <nd ref="670660633"/>
    <nd ref="670660632"/>
    <nd ref="670660635"/>
    <nd ref="670660634"/>
  </way>
  <way id="410591487" timestamp="2016-04-15T15:35:34Z" uid="260756" user="Felis Pimeja" visible="true" version="1" changeset="38592147">
    <nd ref="4123982365"/>
    <nd ref="4123982379"/>
    <nd ref="4123982386"/>
    <nd ref="4123982492"/>
    <nd ref="4123982388"/>
    <nd ref="4123982382"/>
    <nd ref="4123982369"/>
  </way>
  <way id="410591495" action="modify" timestamp="2016-04-15T15:35:34Z" uid="260756" user="Felis Pimeja" visible="true" version="1" changeset="38592147">
    <nd ref="4123983423"/>
    <nd ref="3865153144"/>
    <nd ref="3865175099"/>
    <nd ref="4123983417"/>
    <nd ref="3865153135"/>
    <nd ref="4123983393"/>
    <nd ref="4123983389"/>
    <nd ref="3865153128"/>
    <nd ref="4123982981"/>
  </way>
  <way id="410591498" timestamp="2016-04-15T15:35:34Z" uid="260756" user="Felis Pimeja" visible="true" version="1" changeset="38592147">
    <nd ref="670660514"/>
    <nd ref="4123982949"/>
    <nd ref="4123982948"/>
    <nd ref="4123982954"/>
    <nd ref="4123982961"/>
    <nd ref="4123982970"/>
    <nd ref="4123983419"/>
    <nd ref="4123983421"/>
    <nd ref="4123983423"/>
  </way>
  <way id="410591499" timestamp="2016-04-15T15:35:34Z" uid="260756" user="Felis Pimeja" visible="true" version="1" changeset="38592147">
    <nd ref="4123982975"/>
    <nd ref="4123982974"/>
    <nd ref="4123982976"/>
    <nd ref="4123982982"/>
    <nd ref="4123983392"/>
    <nd ref="4123983408"/>
    <nd ref="4123983410"/>
    <nd ref="4123983418"/>
    <nd ref="4123983420"/>
  </way>
  <way id="410591509" action="modify" timestamp="2016-04-15T15:35:35Z" uid="260756" user="Felis Pimeja" visible="true" version="1" changeset="38592147">
    <nd ref="4123982732"/>
    <nd ref="4123982693"/>
    <nd ref="4123982586"/>
    <nd ref="4123982728"/>
    <nd ref="4123982732"/>
  </way>
  <way id="410591524" action="modify" timestamp="2016-04-15T15:35:35Z" uid="260756" user="Felis Pimeja" visible="true" version="1" changeset="38592147">
    <nd ref="620826234"/>
    <nd ref="4123983456"/>
    <nd ref="4123983697"/>
    <nd ref="4123983475"/>
    <nd ref="620826234"/>
  </way>
  <way id="410591544" action="modify" timestamp="2017-06-21T21:05:45Z" uid="4742213" user="Zhenya17" visible="true" version="4" changeset="49730844">
    <nd ref="4123983441"/>
    <nd ref="4123983433"/>
    <nd ref="4123983430"/>
    <nd ref="4123983429"/>
    <nd ref="4123983427"/>
    <nd ref="4123983432"/>
    <nd ref="4123983434"/>
    <nd ref="620826247"/>
    <nd ref="4123983441"/>
  </way>
  <way id="410591545" action="modify" timestamp="2016-04-15T15:35:36Z" uid="260756" user="Felis Pimeja" visible="true" version="1" changeset="38592147">
    <nd ref="4123982216"/>
    <nd ref="-42563"/>
    <nd ref="4123982189"/>
    <nd ref="4123982167"/>
    <nd ref="-42564"/>
    <nd ref="4123982156"/>
    <nd ref="4123982157"/>
    <nd ref="4123982170"/>
    <nd ref="4123982180"/>
    <nd ref="4123982195"/>
    <nd ref="4123982212"/>
    <nd ref="4123982223"/>
    <nd ref="4123982277"/>
    <nd ref="269258039"/>
    <tag k="highway" v="footway"/>
  </way>
  <way id="410591546" action="modify" timestamp="2019-07-03T09:57:45Z" uid="911970" user="lromanov" visible="true" version="2" changeset="71852049">
    <nd ref="4123982721"/>
    <nd ref="1253152226"/>
    <nd ref="4123982745"/>
    <nd ref="4123982891"/>
    <nd ref="4123982905"/>
    <nd ref="4123982911"/>
    <nd ref="1253152285"/>
    <nd ref="4123982903"/>
    <nd ref="4123982897"/>
    <nd ref="6586145992"/>
    <nd ref="1253152188"/>
    <nd ref="4123982777"/>
    <nd ref="4123982783"/>
    <nd ref="1253152230"/>
    <nd ref="4123982896"/>
    <nd ref="1253152149"/>
    <nd ref="4123982914"/>
    <nd ref="1253152269"/>
    <nd ref="1253152099"/>
    <nd ref="3865153121"/>
    <tag k="highway" v="footway"/>
  </way>
  <way id="410591549" action="modify" timestamp="2026-05-18T07:24:16Z" uid="830106" user="literan" visible="true" version="2" changeset="182815711">
    <nd ref="4123982257"/>
    <nd ref="13843634708"/>
    <nd ref="4123982306"/>
    <tag k="highway" v="footway"/>
  </way>
  <way id="410591550" action="modify" timestamp="2016-04-15T15:35:36Z" uid="260756" user="Felis Pimeja" visible="true" version="1" changeset="38592147">
    <nd ref="4123982537"/>
    <nd ref="4123982509"/>
    <tag k="highway" v="footway"/>
  </way>
  <way id="410591551" action="modify" timestamp="2016-04-15T15:35:36Z" uid="260756" user="Felis Pimeja" visible="true" version="1" changeset="38592147">
    <nd ref="4123982306"/>
    <nd ref="-42565"/>
    <nd ref="-42567"/>
    <nd ref="4123982361"/>
    <tag k="highway" v="footway"/>
  </way>
  <way id="410591552" action="modify" timestamp="2023-10-04T06:58:50Z" uid="10129333" user="solenoid jam" visible="true" version="3" changeset="142129352">
    <nd ref="4123982509"/>
    <nd ref="4123982334"/>
    <tag k="highway" v="footway"/>
  </way>
  <way id="410591553" action="modify" timestamp="2016-04-15T15:35:36Z" uid="260756" user="Felis Pimeja" visible="true" version="1" changeset="38592147">
    <nd ref="4123982216"/>
    <nd ref="4123982236"/>
    <nd ref="4123982253"/>
    <tag k="highway" v="footway"/>
  </way>
  <way id="410591554" timestamp="2016-04-15T15:35:36Z" uid="260756" user="Felis Pimeja" visible="true" version="1" changeset="38592147">
    <nd ref="1400272522"/>
    <nd ref="4123982165"/>
    <nd ref="4123982294"/>
    <tag k="highway" v="footway"/>
  </way>
  <way id="410591555" action="modify" timestamp="2026-05-18T07:24:16Z" uid="830106" user="literan" visible="true" version="2" changeset="182815711">
    <nd ref="4123982257"/>
    <nd ref="4123982253"/>
    <tag k="highway" v="footway"/>
  </way>
  <way id="410591557" action="modify" timestamp="2016-04-15T15:35:36Z" uid="260756" user="Felis Pimeja" visible="true" version="1" changeset="38592147">
    <nd ref="4123982769"/>
    <nd ref="-42699"/>
    <nd ref="1253152226"/>
    <tag k="highway" v="footway"/>
  </way>
  <way id="410591558" action="modify" timestamp="2016-04-15T15:35:36Z" uid="260756" user="Felis Pimeja" visible="true" version="1" changeset="38592147">
    <nd ref="1400272528"/>
    <nd ref="-42695"/>
    <nd ref="4123982344"/>
    <nd ref="-42693"/>
    <nd ref="4123982317"/>
    <tag k="highway" v="footway"/>
  </way>
  <way id="410591562" timestamp="2016-12-14T19:23:20Z" uid="384084" user="Kostik" visible="true" version="3" changeset="44405143">
    <nd ref="4123982495"/>
    <nd ref="4123982493"/>
    <nd ref="4123982506"/>
    <nd ref="4123982567"/>
    <nd ref="4123982721"/>
    <tag k="highway" v="footway"/>
  </way>
  <way id="410591563" action="modify" timestamp="2016-04-15T15:35:37Z" uid="260756" user="Felis Pimeja" visible="true" version="1" changeset="38592147">
    <nd ref="4123983455"/>
    <nd ref="4123983469"/>
    <nd ref="4123983695"/>
    <nd ref="4123983702"/>
    <nd ref="4123983692"/>
    <nd ref="1400281040"/>
    <tag k="highway" v="footway"/>
  </way>
  <way id="410591564" action="modify" timestamp="2016-04-15T15:35:37Z" uid="260756" user="Felis Pimeja" visible="true" version="1" changeset="38592147">
    <nd ref="4528639036"/>
    <nd ref="-42713"/>
    <nd ref="-42649"/>
    <nd ref="-42689"/>
    <nd ref="-42648"/>
    <nd ref="-42687"/>
    <nd ref="-42685"/>
    <nd ref="-42647"/>
    <nd ref="1253152216"/>
    <nd ref="4123982299"/>
    <nd ref="4123982251"/>
    <nd ref="4123982234"/>
    <nd ref="4123982235"/>
    <nd ref="4123982256"/>
    <nd ref="4123982334"/>
    <tag k="highway" v="footway"/>
  </way>
  <way id="410591565" action="modify" timestamp="2016-04-15T15:35:37Z" uid="260756" user="Felis Pimeja" visible="true" version="1" changeset="38592147">
    <nd ref="4123982721"/>
    <nd ref="4123982744"/>
    <nd ref="-42700"/>
    <nd ref="4123982754"/>
    <nd ref="4123982755"/>
    <nd ref="4123982756"/>
    <nd ref="4123982738"/>
    <nd ref="4123982704"/>
    <nd ref="4123982703"/>
    <nd ref="4123982714"/>
    <nd ref="4123982721"/>
    <tag k="highway" v="footway"/>
  </way>
  <way id="410591566" action="modify" timestamp="2016-04-15T15:35:37Z" uid="260756" user="Felis Pimeja" visible="true" version="1" changeset="38592147">
    <nd ref="4123982257"/>
    <nd ref="4123982240"/>
    <nd ref="-42536"/>
    <nd ref="4123982119"/>
    <nd ref="641584031"/>
    <nd ref="-42534"/>
    <nd ref="-42560"/>
    <nd ref="-42559"/>
    <nd ref="-42558"/>
    <nd ref="-42557"/>
    <nd ref="641584039"/>
    <nd ref="-42532"/>
    <nd ref="-42533"/>
    <nd ref="3871104695"/>
    <nd ref="641584044"/>
    <nd ref="641584056"/>
    <tag k="highway" v="footway"/>
  </way>
  <way id="410591567" action="modify" timestamp="2016-04-15T15:35:37Z" uid="260756" user="Felis Pimeja" visible="true" version="1" changeset="38592147">
    <nd ref="4123983486"/>
    <nd ref="4123983474"/>
    <nd ref="4123983473"/>
    <nd ref="4123983479"/>
    <nd ref="4123983487"/>
    <nd ref="4123983704"/>
    <nd ref="4123983710"/>
    <nd ref="4123983718"/>
    <nd ref="4123983715"/>
    <nd ref="4123983700"/>
    <nd ref="4123983486"/>
  </way>
  <way id="410591568" action="modify" timestamp="2016-04-15T15:35:37Z" uid="260756" user="Felis Pimeja" visible="true" version="1" changeset="38592147">
    <nd ref="4123982527"/>
    <nd ref="4123982516"/>
    <nd ref="4123982526"/>
    <nd ref="4123982539"/>
    <nd ref="4123982563"/>
    <nd ref="4123982699"/>
    <nd ref="4123982701"/>
    <nd ref="4123982689"/>
    <nd ref="4123982560"/>
    <nd ref="4123982545"/>
    <nd ref="4123982527"/>
  </way>
  <way id="410591569" action="modify" timestamp="2016-04-15T15:35:37Z" uid="260756" user="Felis Pimeja" visible="true" version="1" changeset="38592147">
    <nd ref="4123982730"/>
    <nd ref="4123982724"/>
    <nd ref="4123982719"/>
    <nd ref="4123982720"/>
    <nd ref="4123982722"/>
    <nd ref="4123982725"/>
    <nd ref="4123982729"/>
    <nd ref="4123982736"/>
    <nd ref="4123982741"/>
    <nd ref="4123982746"/>
    <nd ref="4123982747"/>
    <nd ref="4123982742"/>
    <nd ref="4123982730"/>
  </way>
  <way id="410591570" action="modify" timestamp="2025-05-28T09:51:55Z" uid="1925053" user="J_Doe" visible="true" version="2" changeset="166867159">
    <nd ref="4123982727"/>
    <nd ref="4123982707"/>
    <nd ref="4123982588"/>
    <nd ref="4123982577"/>
    <nd ref="4123982695"/>
    <nd ref="12870688995"/>
    <nd ref="4123982750"/>
    <nd ref="4123982763"/>
    <nd ref="4123982776"/>
    <nd ref="4123982784"/>
    <nd ref="4123982787"/>
    <nd ref="4123982781"/>
    <nd ref="4123982751"/>
    <nd ref="4123982727"/>
  </way>
  <way id="410591572" action="modify" timestamp="2016-04-15T15:35:38Z" uid="260756" user="Felis Pimeja" visible="true" version="1" changeset="38592147">
    <nd ref="4123983465"/>
    <nd ref="4123983463"/>
    <nd ref="4123983464"/>
    <nd ref="4123983466"/>
    <nd ref="4123983470"/>
    <nd ref="4123983476"/>
    <nd ref="4123983481"/>
    <nd ref="4123983484"/>
    <nd ref="4123983689"/>
    <nd ref="4123983691"/>
    <nd ref="4123983690"/>
    <nd ref="4123983485"/>
    <nd ref="4123983482"/>
    <nd ref="4123983478"/>
    <nd ref="4123983472"/>
    <nd ref="4123983467"/>
    <nd ref="4123983465"/>
  </way>
  <way id="410591574" action="modify" timestamp="2016-04-15T15:35:38Z" uid="260756" user="Felis Pimeja" visible="true" version="1" changeset="38592147">
    <nd ref="4123982557"/>
    <nd ref="4123982533"/>
    <nd ref="4123982508"/>
    <nd ref="4123982517"/>
    <nd ref="4123982547"/>
    <nd ref="4123982574"/>
    <nd ref="4123982696"/>
    <nd ref="4123982584"/>
    <nd ref="4123982557"/>
  </way>
  <way id="431822413" action="modify" timestamp="2023-07-24T08:46:08Z" uid="260756" user="Felis Pimeja" visible="true" version="2" changeset="138927867">
    <nd ref="4310443496"/>
    <nd ref="11064467068"/>
    <nd ref="4310443386"/>
    <nd ref="11064467069"/>
    <nd ref="4310443378"/>
    <nd ref="11064467070"/>
    <nd ref="4310443380"/>
  </way>
  <way id="431822414" action="modify" timestamp="2023-07-24T08:46:08Z" uid="260756" user="Felis Pimeja" visible="true" version="2" changeset="138927867">
    <nd ref="4310443543"/>
    <nd ref="11064467066"/>
    <nd ref="4310443541"/>
    <nd ref="11064467067"/>
    <nd ref="4310443529"/>
    <nd ref="11064467083"/>
    <nd ref="11064467084"/>
    <nd ref="4310443493"/>
    <nd ref="11064467082"/>
    <nd ref="4310443387"/>
  </way>
  <way id="431822416" action="modify" timestamp="2023-07-24T08:46:08Z" uid="260756" user="Felis Pimeja" visible="true" version="2" changeset="138927867">
    <nd ref="4310443550"/>
    <nd ref="4310443551"/>
    <nd ref="11064467076"/>
    <nd ref="4310443552"/>
    <nd ref="11064467075"/>
    <nd ref="4310443545"/>
    <nd ref="4310443535"/>
    <nd ref="11064467074"/>
    <nd ref="11064467073"/>
    <nd ref="11064467072"/>
    <nd ref="4310443506"/>
    <nd ref="4310443504"/>
  </way>
  <way id="431822417" action="modify" timestamp="2024-04-23T14:32:34Z" uid="18826385" user="MarinaKuzko" visible="true" version="4" changeset="150398914">
    <nd ref="4310443387"/>
    <nd ref="4310443384"/>
    <nd ref="4310443381"/>
    <nd ref="4310443379"/>
    <nd ref="4310443377"/>
    <nd ref="4310443376"/>
    <nd ref="4310443380"/>
    <nd ref="4310443382"/>
    <nd ref="11064467081"/>
    <nd ref="4310443383"/>
    <nd ref="11064467080"/>
    <nd ref="4310443385"/>
    <nd ref="4310443490"/>
    <nd ref="4310443489"/>
    <nd ref="4310443388"/>
    <nd ref="11064467079"/>
    <nd ref="4310443498"/>
    <nd ref="4310443499"/>
    <nd ref="4310443500"/>
    <nd ref="4310443503"/>
    <nd ref="4310443494"/>
    <nd ref="11064467078"/>
    <nd ref="4310443496"/>
    <nd ref="11064467071"/>
    <nd ref="4310443504"/>
    <nd ref="4310443505"/>
    <nd ref="4310443507"/>
    <nd ref="4310443512"/>
    <nd ref="4310443513"/>
    <nd ref="4310443518"/>
    <nd ref="11064467077"/>
    <nd ref="4310443525"/>
    <nd ref="4310443530"/>
    <nd ref="4310443532"/>
    <nd ref="4310443531"/>
    <nd ref="4310443534"/>
    <nd ref="4310443538"/>
    <nd ref="4310443540"/>
    <nd ref="4310443546"/>
    <nd ref="4310443550"/>
    <nd ref="4310443548"/>
    <nd ref="4310443544"/>
    <nd ref="4310443543"/>
    <nd ref="4310443539"/>
    <nd ref="4310443537"/>
    <nd ref="4310443533"/>
    <nd ref="4310443528"/>
    <nd ref="4310443526"/>
    <nd ref="4310443524"/>
    <nd ref="4310443527"/>
    <nd ref="4310443523"/>
    <nd ref="-42626"/>
    <nd ref="4310443519"/>
    <nd ref="4310443516"/>
    <nd ref="4310443520"/>
    <nd ref="4310443521"/>
    <nd ref="4310443517"/>
    <nd ref="4310443515"/>
    <nd ref="4310443510"/>
    <nd ref="4310443509"/>
    <nd ref="4310443501"/>
    <nd ref="4310443495"/>
    <nd ref="4310443492"/>
    <nd ref="4310443491"/>
    <nd ref="4310443387"/>
  </way>
  <way id="431822418" action="modify" timestamp="2025-11-06T16:01:44Z" uid="5712144" user="ednzxt" visible="true" version="2" changeset="174295628">
    <nd ref="641583703"/>
    <nd ref="13285481991"/>
    <tag k="highway" v="footway"/>
  </way>
  <way id="431822419" action="modify" timestamp="2016-07-19T07:38:25Z" uid="2853561" user="Владимир К" visible="true" version="1" changeset="40849654">
    <nd ref="4310443597"/>
    <nd ref="4310443598"/>
    <tag k="highway" v="footway"/>
  </way>
  <way id="431822421" action="modify" timestamp="2016-07-19T07:38:25Z" uid="2853561" user="Владимир К" visible="true" version="1" changeset="40849654">
    <nd ref="4310443594"/>
    <nd ref="4310443597"/>
    <tag k="highway" v="footway"/>
  </way>
  <way id="431822422" action="modify" timestamp="2016-07-19T07:38:25Z" uid="2853561" user="Владимир К" visible="true" version="1" changeset="40849654">
    <nd ref="4310443567"/>
    <nd ref="4310443571"/>
    <tag k="highway" v="footway"/>
  </way>
  <way id="431822423" action="modify" timestamp="2025-11-06T16:01:44Z" uid="5712144" user="ednzxt" visible="true" version="2" changeset="174295628">
    <nd ref="4310443571"/>
    <nd ref="-42664"/>
    <nd ref="-42585"/>
    <nd ref="-42663"/>
    <nd ref="-42607"/>
    <nd ref="4310443591"/>
    <nd ref="13285481990"/>
    <nd ref="4310443594"/>
    <tag k="highway" v="footway"/>
  </way>
  <way id="431822425" action="modify" timestamp="2025-11-06T16:01:44Z" uid="5712144" user="ednzxt" visible="true" version="8" changeset="174295628">
    <nd ref="4310443594"/>
    <nd ref="4310443595"/>
    <nd ref="13285482002"/>
    <nd ref="4310443596"/>
    <nd ref="4310443592"/>
    <nd ref="4310443589"/>
    <nd ref="13285482001"/>
    <nd ref="4310443587"/>
    <nd ref="4310443584"/>
    <nd ref="13285481988"/>
    <nd ref="4310443581"/>
    <nd ref="4310443576"/>
    <nd ref="13285481987"/>
    <nd ref="4310443573"/>
    <nd ref="4310443570"/>
    <nd ref="4310443565"/>
    <nd ref="13285482000"/>
    <nd ref="4310443562"/>
    <nd ref="4310443559"/>
    <nd ref="4310443554"/>
    <nd ref="4310443553"/>
    <nd ref="4310443555"/>
    <nd ref="4310443563"/>
    <nd ref="4310443564"/>
    <nd ref="13285482003"/>
    <nd ref="4310443566"/>
    <nd ref="4310443567"/>
    <nd ref="13285481989"/>
    <nd ref="4310443594"/>
    <tag k="attraction" v="animal"/>
    <tag k="name" v="Ластоногие"/>
  </way>
  <way id="431822430" action="modify" timestamp="2017-06-21T21:05:43Z" uid="4742213" user="Zhenya17" visible="true" version="4" changeset="49730844">
    <nd ref="4310443574"/>
    <nd ref="4310443575"/>
    <nd ref="4310443561"/>
    <nd ref="4310443557"/>
    <nd ref="4310443558"/>
    <nd ref="4310443574"/>
  </way>
  <way id="456077295" action="modify" timestamp="2023-12-04T20:08:00Z" uid="9133906" user="stargunru" visible="true" version="6" changeset="144768421">
    <nd ref="4523584104"/>
    <nd ref="4523584103"/>
    <nd ref="4523584102"/>
    <nd ref="11394908554"/>
    <nd ref="11394908553"/>
    <nd ref="4123982030"/>
    <nd ref="4123982025"/>
    <nd ref="4123982031"/>
    <nd ref="4523584101"/>
    <nd ref="4523584104"/>
    <tag k="attraction" v="animal"/>
    <tag k="is_in:zoo" v="Московский зоопарк"/>
    <tag k="name" v="Контактный зоопарк"/>
  </way>
  <way id="456596267" action="modify" timestamp="2020-07-17T02:34:07Z" uid="2853561" user="Владимир К" visible="true" version="3" changeset="88112205">
    <nd ref="4123982495"/>
    <nd ref="4123982374"/>
    <nd ref="4123982354"/>
    <nd ref="1400272529"/>
    <nd ref="4528480354"/>
    <nd ref="-42717"/>
    <nd ref="4528480361"/>
    <nd ref="4528480351"/>
    <nd ref="1400272518"/>
    <tag k="highway" v="footway"/>
  </way>
  <way id="456596269" action="modify" timestamp="2017-02-19T00:03:14Z" uid="3580412" user="Alexander-II" visible="true" version="3" changeset="46204349">
    <nd ref="599303579"/>
    <nd ref="4528480355"/>
    <nd ref="4528480356"/>
    <nd ref="4528480357"/>
    <nd ref="4528480358"/>
    <nd ref="4528480359"/>
    <nd ref="599303579"/>
  </way>
  <way id="456596271" action="modify" timestamp="2023-09-17T00:02:58Z" uid="461130" user="Fizzie-DWG" visible="true" version="16" changeset="141362323">
    <nd ref="4528480362"/>
    <nd ref="4528480363"/>
    <nd ref="4528480364"/>
    <nd ref="4528480365"/>
    <nd ref="4528480366"/>
    <nd ref="4528480367"/>
    <nd ref="4528480368"/>
    <nd ref="4528480362"/>
    <tag k="attraction" v="animal"/>
    <tag k="is_in:zoo" v="Московский зоопарк"/>
    <tag k="name" v="Черепахи (летний вольер)"/>
  </way>
  <way id="456596272" action="modify" timestamp="2016-11-29T14:26:06Z" uid="149412" user="Haserbaba" visible="true" version="1" changeset="44035616">
    <nd ref="4528480368"/>
    <nd ref="4528480367"/>
    <nd ref="4528480366"/>
    <nd ref="4528480365"/>
    <nd ref="4528480364"/>
    <nd ref="4528480363"/>
    <nd ref="4528480362"/>
  </way>
  <way id="456607600" action="modify" timestamp="2024-12-23T17:05:13Z" uid="830106" user="literan" visible="true" version="2" changeset="160546661">
    <nd ref="12444699980"/>
    <nd ref="4528480346"/>
  </way>
  <way id="456607601" action="modify" timestamp="2016-11-29T15:50:42Z" uid="149412" user="Haserbaba" visible="true" version="1" changeset="44037391">
    <nd ref="4528639037"/>
    <nd ref="715797825"/>
  </way>
  <way id="456607607" action="modify" timestamp="2017-02-19T00:03:15Z" uid="3580412" user="Alexander-II" visible="true" version="2" changeset="46204349">
    <nd ref="1838704620"/>
    <nd ref="4123982340"/>
    <nd ref="1838704619"/>
    <nd ref="4123982363"/>
  </way>
  <way id="456627682" action="modify" timestamp="2016-11-29T17:35:36Z" uid="149412" user="Haserbaba" visible="true" version="1" changeset="44039322">
    <nd ref="4528639037"/>
    <nd ref="4528639047"/>
  </way>
  <way id="456627683" action="modify" timestamp="2016-11-29T17:35:36Z" uid="149412" user="Haserbaba" visible="true" version="1" changeset="44039322">
    <nd ref="4528639047"/>
    <nd ref="4528847047"/>
    <nd ref="4123982705"/>
    <nd ref="4123982710"/>
    <nd ref="4123982708"/>
    <nd ref="4123982713"/>
    <nd ref="4123982718"/>
    <nd ref="4123982748"/>
    <nd ref="4123982538"/>
    <nd ref="4528847048"/>
    <nd ref="1838704626"/>
  </way>
  <way id="457202542" action="modify" timestamp="2023-09-13T17:59:28Z" uid="2006945" user="Nine-tailed" visible="true" version="2" changeset="141223350">
    <nd ref="4533775262"/>
    <nd ref="4533775263"/>
    <nd ref="4533775264"/>
    <nd ref="2572809895"/>
    <nd ref="2572810180"/>
    <nd ref="-42431"/>
    <nd ref="2572810350"/>
    <nd ref="4533775265"/>
    <nd ref="4533775266"/>
    <nd ref="-42427"/>
    <nd ref="4533775267"/>
    <nd ref="4533775268"/>
    <nd ref="4533775262"/>
    <tag k="attraction" v="animal"/>
    <tag k="is_in:zoo" v="Московский зоопарк"/>
  </way>
  <way id="457202543" action="modify" timestamp="2023-09-13T17:59:28Z" uid="2006945" user="Nine-tailed" visible="true" version="5" changeset="141223350">
    <nd ref="4533775269"/>
    <nd ref="-42428"/>
    <nd ref="4533775271"/>
    <nd ref="2572810805"/>
    <nd ref="2572810709"/>
    <nd ref="2572810793"/>
    <nd ref="2572810878"/>
    <nd ref="2572811216"/>
    <nd ref="2572811576"/>
    <nd ref="2572811673"/>
    <nd ref="2572811777"/>
    <nd ref="2572811783"/>
    <nd ref="2572811743"/>
    <nd ref="1399841912"/>
    <nd ref="1399841904"/>
    <nd ref="4533775269"/>
    <tag k="attraction" v="animal"/>
    <tag k="is_in:zoo" v="Московский зоопарк"/>
  </way>
  <way id="457233476" action="modify" timestamp="2026-05-18T07:24:16Z" uid="830106" user="literan" visible="true" version="2" changeset="182815711">
    <nd ref="4534062714"/>
    <nd ref="4534062715"/>
    <nd ref="4534062716"/>
    <nd ref="4534062717"/>
    <nd ref="4534062718"/>
    <nd ref="4123982338"/>
  </way>
  <way id="475554996" action="modify" timestamp="2017-02-18T23:59:36Z" uid="3580412" user="Alexander-II" visible="true" version="1" changeset="46204349">
    <nd ref="4692951472"/>
    <nd ref="4528639047"/>
  </way>
  <way id="475554997" action="modify" timestamp="2017-02-18T23:59:36Z" uid="3580412" user="Alexander-II" visible="true" version="1" changeset="46204349">
    <nd ref="4123982363"/>
    <nd ref="4692951472"/>
  </way>
  <way id="532836025" timestamp="2019-08-19T15:24:22Z" uid="830106" user="literan" visible="true" version="2" changeset="73504278">
    <nd ref="670660892"/>
    <nd ref="6724056207"/>
    <nd ref="670660714"/>
  </way>
  <way id="595580297" timestamp="2018-06-08T16:56:50Z" uid="830106" user="literan" visible="true" version="1" changeset="59674107">
    <nd ref="4123982327"/>
    <nd ref="4123982339"/>
  </way>
  <way id="619759962" action="modify" timestamp="2018-08-29T19:25:54Z" uid="1337142" user="Nordpfeil" visible="true" version="4" changeset="62117433">
    <nd ref="5856366142"/>
    <nd ref="5856366140"/>
    <nd ref="5856366143"/>
    <nd ref="-42573"/>
    <nd ref="5856366136"/>
    <nd ref="-42572"/>
    <nd ref="5856366135"/>
    <nd ref="-42571"/>
    <nd ref="-42570"/>
    <nd ref="5856366141"/>
    <nd ref="-42569"/>
    <nd ref="5856366134"/>
    <nd ref="5856366138"/>
    <nd ref="5856366139"/>
    <nd ref="5856366137"/>
    <nd ref="5856366133"/>
    <tag k="highway" v="footway"/>
  </way>
  <way id="619876204" action="modify" timestamp="2018-08-25T19:37:10Z" uid="1337142" user="Nordpfeil" visible="true" version="1" changeset="61992958">
    <nd ref="1400281041"/>
    <nd ref="5857231365"/>
    <nd ref="5857231364"/>
    <nd ref="5857231363"/>
    <nd ref="5857231362"/>
    <nd ref="5857231361"/>
    <nd ref="5857231360"/>
    <nd ref="5857231359"/>
    <nd ref="5857231358"/>
    <nd ref="1400281044"/>
    <tag k="highway" v="footway"/>
  </way>
  <way id="619876205" timestamp="2018-08-25T19:37:10Z" uid="1337142" user="Nordpfeil" visible="true" version="1" changeset="61992958">
    <nd ref="5857231367"/>
    <nd ref="5857231366"/>
    <tag k="highway" v="footway"/>
  </way>
  <way id="620079613" action="modify" timestamp="2018-08-26T11:55:13Z" uid="830106" user="literan" visible="true" version="1" changeset="62004987">
    <nd ref="5856366133"/>
    <nd ref="5858908730"/>
    <tag k="highway" v="footway"/>
  </way>
  <way id="620079614" action="modify" timestamp="2018-08-27T18:10:18Z" uid="1337142" user="Nordpfeil" visible="true" version="2" changeset="62048034">
    <nd ref="5861645891"/>
    <nd ref="5861645892"/>
    <nd ref="5861645893"/>
    <nd ref="5861645894"/>
    <nd ref="5856366142"/>
    <tag k="highway" v="footway"/>
  </way>
  <way id="620409642" timestamp="2018-08-29T19:25:54Z" uid="1337142" user="Nordpfeil" visible="true" version="3" changeset="62117433">
    <nd ref="5861645889"/>
    <nd ref="5866320469"/>
    <nd ref="5861645888"/>
    <nd ref="5861645887"/>
    <nd ref="5861645886"/>
    <nd ref="5861645885"/>
    <nd ref="5861643084"/>
    <nd ref="5861643083"/>
    <nd ref="5861643082"/>
    <nd ref="5861643081"/>
    <nd ref="5861643080"/>
    <nd ref="5861643079"/>
    <nd ref="5861643078"/>
    <nd ref="5861643077"/>
    <nd ref="5861643076"/>
    <nd ref="5861643075"/>
    <nd ref="5861643074"/>
    <nd ref="5861643073"/>
    <nd ref="5861643072"/>
    <nd ref="5861643071"/>
    <nd ref="5861643070"/>
    <nd ref="5861643069"/>
    <nd ref="5861643068"/>
    <tag k="highway" v="footway"/>
  </way>
  <way id="620409644" action="modify" timestamp="2018-08-27T18:10:18Z" uid="1337142" user="Nordpfeil" visible="true" version="1" changeset="62048034">
    <nd ref="5861645891"/>
    <nd ref="-42574"/>
    <nd ref="5858908731"/>
    <tag k="highway" v="footway"/>
  </way>
  <way id="620412093" action="modify" timestamp="2018-08-27T18:25:55Z" uid="1337142" user="Nordpfeil" visible="true" version="1" changeset="62048406">
    <nd ref="5861690822"/>
    <nd ref="5861690821"/>
    <tag k="highway" v="footway"/>
  </way>
  <way id="620412096" action="modify" timestamp="2018-08-27T18:25:55Z" uid="1337142" user="Nordpfeil" visible="true" version="1" changeset="62048406">
    <nd ref="5861690821"/>
    <nd ref="5861690820"/>
    <nd ref="5861690819"/>
    <nd ref="5861690818"/>
    <nd ref="5861690817"/>
    <nd ref="5861690816"/>
    <nd ref="-42543"/>
    <nd ref="-42576"/>
    <nd ref="5861690815"/>
    <nd ref="641583693"/>
    <tag k="highway" v="footway"/>
  </way>
  <way id="620957687" action="modify" timestamp="2018-08-29T19:13:30Z" uid="1337142" user="Nordpfeil" visible="true" version="1" changeset="62117077">
    <nd ref="5861645891"/>
    <nd ref="5861645890"/>
    <nd ref="5861645889"/>
    <tag k="highway" v="footway"/>
  </way>
  <way id="620959972" action="modify" timestamp="2018-08-29T19:25:54Z" uid="1337142" user="Nordpfeil" visible="true" version="1" changeset="62117433">
    <nd ref="5861643068"/>
    <nd ref="5866343699"/>
    <nd ref="5861643067"/>
    <nd ref="5866343700"/>
    <nd ref="5861643066"/>
    <tag k="highway" v="footway"/>
  </way>
  <way id="701280516" timestamp="2019-07-03T09:57:45Z" uid="911970" user="lromanov" visible="true" version="1" changeset="71852049">
    <nd ref="6586145992"/>
    <nd ref="6586145989"/>
    <tag k="highway" v="footway"/>
  </way>
  <way id="715449211" action="modify" timestamp="2019-08-19T15:24:22Z" uid="830106" user="literan" visible="true" version="1" changeset="73504278">
    <nd ref="6724056179"/>
    <nd ref="6724056178"/>
    <nd ref="6724056177"/>
    <nd ref="6724056176"/>
    <nd ref="6724056179"/>
  </way>
  <way id="715449216" action="modify" timestamp="2019-08-19T15:24:22Z" uid="830106" user="literan" visible="true" version="1" changeset="73504278">
    <nd ref="670660714"/>
    <nd ref="670660715"/>
    <nd ref="670660708"/>
    <nd ref="670660628"/>
    <nd ref="715786914"/>
    <nd ref="6724056165"/>
    <nd ref="-45335"/>
    <nd ref="-45336"/>
    <nd ref="-45337"/>
    <nd ref="-45338"/>
    <nd ref="-45339"/>
    <nd ref="12444699980"/>
  </way>
  <way id="948429298" action="modify" timestamp="2021-05-29T13:48:04Z" uid="830106" user="literan" visible="true" version="1" changeset="105535046">
    <nd ref="618284410"/>
    <nd ref="3869478986"/>
    <nd ref="7044987109"/>
    <nd ref="1399841884"/>
    <nd ref="3884810958"/>
  </way>
  <way id="948429300" action="modify" timestamp="2021-05-29T13:48:04Z" uid="830106" user="literan" visible="true" version="1" changeset="105535046">
    <nd ref="618284422"/>
    <nd ref="3870655597"/>
    <nd ref="1399842044"/>
  </way>
  <way id="1072611315" action="modify" timestamp="2022-06-23T09:54:58Z" uid="12176526" user="somix" visible="true" version="1" changeset="122750689">
    <nd ref="1400272520"/>
    <nd ref="-42715"/>
    <nd ref="9841073958"/>
    <tag k="highway" v="footway"/>
  </way>
  <way id="1082627391" timestamp="2022-07-31T07:32:44Z" uid="166816" user="Vascom" visible="true" version="1" changeset="124290628">
    <nd ref="9921877326"/>
    <nd ref="9921877332"/>
    <nd ref="641583758"/>
    <tag k="highway" v="footway"/>
  </way>
  <way id="1191745921" action="modify" timestamp="2023-07-24T08:46:08Z" uid="260756" user="Felis Pimeja" visible="true" version="1" changeset="138927867">
    <nd ref="11064467062"/>
    <nd ref="11064467061"/>
    <nd ref="11064467060"/>
    <nd ref="641583451"/>
    <tag k="highway" v="footway"/>
  </way>
  <way id="1191745922" action="modify" timestamp="2023-07-24T08:46:08Z" uid="260756" user="Felis Pimeja" visible="true" version="1" changeset="138927867">
    <nd ref="641583734"/>
    <nd ref="11064467063"/>
    <tag k="highway" v="footway"/>
  </way>
  <way id="1191745924" action="modify" timestamp="2023-07-24T08:46:08Z" uid="260756" user="Felis Pimeja" visible="true" version="1" changeset="138927867">
    <nd ref="11064467092"/>
    <nd ref="11064467091"/>
    <nd ref="11064467090"/>
    <nd ref="11064467089"/>
    <nd ref="11064467092"/>
  </way>
  <way id="1191745926" action="modify" timestamp="2023-07-24T08:46:08Z" uid="260756" user="Felis Pimeja" visible="true" version="1" changeset="138927867">
    <nd ref="11064467100"/>
    <nd ref="11064467099"/>
    <nd ref="11064467098"/>
    <nd ref="11064467097"/>
    <nd ref="11064467100"/>
  </way>
  <way id="1191745931" action="modify" timestamp="2023-07-24T08:46:08Z" uid="260756" user="Felis Pimeja" visible="true" version="1" changeset="138927867">
    <nd ref="11064497222"/>
    <nd ref="11064497221"/>
    <nd ref="11064497220"/>
    <nd ref="11064497219"/>
    <nd ref="11064497217"/>
    <nd ref="11064497218"/>
    <nd ref="11064497222"/>
  </way>
  <way id="1191745933" action="modify" timestamp="2023-07-24T08:46:08Z" uid="260756" user="Felis Pimeja" visible="true" version="1" changeset="138927867">
    <nd ref="11064497230"/>
    <nd ref="11064497227"/>
    <nd ref="11064497228"/>
    <nd ref="11064497229"/>
    <nd ref="11064497230"/>
  </way>
  <way id="1191745934" action="modify" timestamp="2024-04-23T14:32:34Z" uid="18826385" user="MarinaKuzko" visible="true" version="2" changeset="150398914">
    <nd ref="11064497244"/>
    <nd ref="11064497243"/>
    <nd ref="11064497242"/>
    <nd ref="11064497241"/>
    <nd ref="11064497240"/>
    <nd ref="11064497239"/>
    <nd ref="11064497238"/>
    <nd ref="11064497245"/>
    <nd ref="11064497237"/>
    <nd ref="11064497236"/>
    <nd ref="11064497235"/>
    <nd ref="11064497234"/>
    <nd ref="11064497233"/>
    <nd ref="11064497232"/>
    <nd ref="11064497244"/>
  </way>
  <way id="1191745935" action="modify" timestamp="2023-07-24T08:46:08Z" uid="260756" user="Felis Pimeja" visible="true" version="1" changeset="138927867">
    <nd ref="11064497261"/>
    <nd ref="11064497260"/>
    <nd ref="11064497259"/>
    <nd ref="11064497258"/>
    <nd ref="11064497257"/>
    <nd ref="11064497256"/>
    <nd ref="11064497255"/>
    <nd ref="11064497254"/>
    <nd ref="11064497253"/>
    <nd ref="11064497252"/>
    <nd ref="11064497261"/>
  </way>
  <way id="1191745936" action="modify" timestamp="2023-07-24T08:46:08Z" uid="260756" user="Felis Pimeja" visible="true" version="1" changeset="138927867">
    <nd ref="11064497274"/>
    <nd ref="11064497271"/>
    <nd ref="11064497272"/>
    <nd ref="11064497273"/>
    <nd ref="11064497274"/>
    <tag k="name" v="Zoo Chalet"/>
  </way>
  <way id="1191745939" timestamp="2023-07-24T08:46:08Z" uid="260756" user="Felis Pimeja" visible="true" version="1" changeset="138927867">
    <nd ref="11064497573"/>
    <nd ref="11064497537"/>
    <nd ref="11064497536"/>
    <nd ref="11064497535"/>
    <nd ref="11064497534"/>
    <nd ref="11064497533"/>
    <nd ref="11064497532"/>
    <nd ref="11064497531"/>
    <nd ref="11064497530"/>
    <nd ref="269262652"/>
  </way>
  <way id="1191745940" action="modify" timestamp="2023-07-24T08:46:08Z" uid="260756" user="Felis Pimeja" visible="true" version="1" changeset="138927867">
    <nd ref="11064497538"/>
    <nd ref="2572810839"/>
  </way>
  <way id="1191745941" timestamp="2023-07-24T08:46:08Z" uid="260756" user="Felis Pimeja" visible="true" version="1" changeset="138927867">
    <nd ref="11064497573"/>
    <nd ref="11064497572"/>
    <nd ref="11064497571"/>
    <nd ref="11064497570"/>
    <nd ref="11064497569"/>
    <nd ref="11064497568"/>
    <nd ref="11064497567"/>
    <nd ref="11064497566"/>
    <nd ref="11064497565"/>
    <nd ref="11064497564"/>
    <nd ref="11064497563"/>
    <nd ref="11064497562"/>
    <nd ref="11064497561"/>
    <nd ref="11064497560"/>
    <nd ref="11064497559"/>
    <nd ref="11064497558"/>
    <nd ref="11064497557"/>
    <nd ref="11064497556"/>
    <nd ref="11064497555"/>
    <nd ref="11064497554"/>
    <nd ref="11064497553"/>
    <nd ref="11064497552"/>
    <nd ref="11064497551"/>
    <nd ref="11064497550"/>
    <nd ref="11064497549"/>
    <nd ref="11064497548"/>
    <nd ref="11064497547"/>
    <nd ref="11064497546"/>
    <nd ref="11064497545"/>
    <nd ref="11064497544"/>
    <nd ref="11064497543"/>
    <nd ref="11064497542"/>
    <nd ref="11064497541"/>
    <nd ref="11064497540"/>
    <nd ref="11064497539"/>
    <nd ref="11064497538"/>
  </way>
  <way id="1191745942" action="modify" timestamp="2023-07-24T08:46:08Z" uid="260756" user="Felis Pimeja" visible="true" version="1" changeset="138927867">
    <nd ref="11064497588"/>
    <nd ref="11064497587"/>
    <nd ref="11064497586"/>
    <nd ref="11064497585"/>
    <nd ref="11064497584"/>
    <nd ref="11064497588"/>
  </way>
  <way id="1191745943" action="modify" timestamp="2023-07-24T08:46:08Z" uid="260756" user="Felis Pimeja" visible="true" version="1" changeset="138927867">
    <nd ref="11064497599"/>
    <nd ref="11064497598"/>
    <nd ref="11064497597"/>
    <nd ref="11064497596"/>
    <nd ref="11064497595"/>
    <nd ref="11064497600"/>
    <nd ref="11064497594"/>
    <nd ref="11064497593"/>
    <nd ref="11064497592"/>
    <nd ref="11064497591"/>
    <nd ref="11064497599"/>
  </way>
  <way id="1191745944" action="modify" timestamp="2023-07-24T08:46:08Z" uid="260756" user="Felis Pimeja" visible="true" version="1" changeset="138927867">
    <nd ref="11064497608"/>
    <nd ref="11064497607"/>
    <nd ref="11064497606"/>
    <nd ref="11064497605"/>
    <nd ref="11064497604"/>
    <nd ref="11064497603"/>
    <nd ref="11064497602"/>
    <nd ref="11064497601"/>
    <nd ref="11064497608"/>
  </way>
  <way id="1191745945" action="modify" timestamp="2023-07-24T08:46:08Z" uid="260756" user="Felis Pimeja" visible="true" version="1" changeset="138927867">
    <nd ref="11064497616"/>
    <nd ref="11064497615"/>
    <nd ref="11064497614"/>
    <nd ref="11064497613"/>
    <nd ref="11064497612"/>
    <nd ref="11064497611"/>
    <nd ref="11064497610"/>
    <nd ref="11064497609"/>
    <nd ref="11064497616"/>
  </way>
  <way id="1191745946" action="modify" timestamp="2023-07-24T08:46:08Z" uid="260756" user="Felis Pimeja" visible="true" version="1" changeset="138927867">
    <nd ref="11064497626"/>
    <nd ref="11064497625"/>
    <nd ref="11064497624"/>
    <nd ref="11064497623"/>
    <nd ref="11064497622"/>
    <nd ref="11064497621"/>
    <nd ref="11064497620"/>
    <nd ref="11064497619"/>
    <nd ref="11064497618"/>
    <nd ref="11064497617"/>
    <nd ref="11064497626"/>
  </way>
  <way id="1191745949" action="modify" timestamp="2023-07-24T08:46:08Z" uid="260756" user="Felis Pimeja" visible="true" version="1" changeset="138927867">
    <nd ref="11064497655"/>
    <nd ref="11064497653"/>
    <nd ref="11064497652"/>
    <nd ref="11064497654"/>
    <nd ref="11064497655"/>
  </way>
  <way id="1191745950" action="modify" timestamp="2023-07-24T08:46:08Z" uid="260756" user="Felis Pimeja" visible="true" version="1" changeset="138927867">
    <nd ref="11064497664"/>
    <nd ref="11064497656"/>
    <nd ref="11064497657"/>
    <nd ref="11064497658"/>
    <nd ref="11064497659"/>
    <nd ref="11064497660"/>
    <nd ref="11064497661"/>
    <nd ref="11064497662"/>
    <nd ref="11064497663"/>
    <nd ref="11064497664"/>
  </way>
  <way id="1228721967" action="modify" timestamp="2023-12-04T20:08:00Z" uid="9133906" user="stargunru" visible="true" version="1" changeset="144768421">
    <nd ref="11394908553"/>
    <nd ref="11394908554"/>
    <nd ref="11394908555"/>
    <nd ref="11394908556"/>
    <nd ref="11394908553"/>
  </way>
  <way id="1345172513" timestamp="2024-12-23T17:05:13Z" uid="830106" user="literan" visible="true" version="1" changeset="160546661">
    <nd ref="12444699963"/>
    <nd ref="12444699962"/>
  </way>
  <way id="1345172516" action="modify" timestamp="2024-12-23T17:05:13Z" uid="830106" user="literan" visible="true" version="1" changeset="160546661">
    <nd ref="4528480346"/>
    <nd ref="2572579696"/>
    <nd ref="715786728"/>
    <nd ref="4523584102"/>
  </way>
  <way id="1441693565" action="modify" timestamp="2025-10-12T18:59:49Z" uid="23041867" user="Ozon OSM15" visible="true" version="1" changeset="173195620">
    <nd ref="13228289141"/>
    <nd ref="13228289142"/>
    <nd ref="13228289143"/>
    <nd ref="13228289144"/>
    <nd ref="13228289141"/>
  </way>
  <way id="1447996688" action="modify" timestamp="2025-11-06T16:01:44Z" uid="5712144" user="ednzxt" visible="true" version="1" changeset="174295628">
    <nd ref="2572815455"/>
    <nd ref="13285481912"/>
    <nd ref="13285481913"/>
    <nd ref="13285481914"/>
    <nd ref="13285481915"/>
    <nd ref="13285481916"/>
    <nd ref="2572815463"/>
    <nd ref="2572815465"/>
    <nd ref="2572815464"/>
    <nd ref="2572815458"/>
    <nd ref="13285481955"/>
    <nd ref="13285481954"/>
    <nd ref="13285481953"/>
    <nd ref="2572815421"/>
    <nd ref="13285481952"/>
    <nd ref="2572815403"/>
    <nd ref="2572815409"/>
    <nd ref="13285481951"/>
    <nd ref="2572815438"/>
    <nd ref="2572815455"/>
  </way>
  <way id="1509737541" action="modify" timestamp="2026-05-06T10:23:00Z" uid="21851289" user="Ozon OSM1" visible="true" version="1" changeset="182288309">
    <nd ref="13800897044"/>
    <nd ref="13800897045"/>
    <nd ref="13800897046"/>
    <nd ref="13800897047"/>
    <nd ref="13800897044"/>
  </way>
  <way id="1516034248" timestamp="2026-05-18T07:24:16Z" uid="830106" user="literan" visible="true" version="1" changeset="182815711">
    <nd ref="13843616295"/>
    <nd ref="13843616294"/>
    <nd ref="13843616293"/>
    <tag k="highway" v="footway"/>
  </way>
  <way id="1516034249" action="modify" timestamp="2026-05-18T07:24:16Z" uid="830106" user="literan" visible="true" version="1" changeset="182815711">
    <nd ref="13843634704"/>
    <nd ref="13843634703"/>
    <nd ref="13843634702"/>
    <nd ref="13843634701"/>
    <nd ref="13843616300"/>
    <nd ref="13843616299"/>
    <nd ref="13843616298"/>
    <nd ref="13843616297"/>
    <nd ref="13843616296"/>
    <nd ref="13843616295"/>
    <tag k="highway" v="footway"/>
  </way>
  <way id="1516034250" timestamp="2026-05-18T07:24:16Z" uid="830106" user="literan" visible="true" version="1" changeset="182815711">
    <nd ref="13843634706"/>
    <nd ref="4123982339"/>
  </way>
  <way id="1516034251" timestamp="2026-05-18T07:24:16Z" uid="830106" user="literan" visible="true" version="1" changeset="182815711">
    <nd ref="13843634707"/>
    <nd ref="13843634708"/>
    <tag k="highway" v="footway"/>
  </way>
  <way id="1516034252" action="modify" timestamp="2026-05-18T07:24:16Z" uid="830106" user="literan" visible="true" version="1" changeset="182815711">
    <nd ref="269258039"/>
    <nd ref="13843634732"/>
    <nd ref="13843634731"/>
    <nd ref="13843634730"/>
    <nd ref="-42566"/>
    <nd ref="13843634729"/>
    <nd ref="13843634728"/>
    <nd ref="13843634727"/>
    <nd ref="13843634726"/>
    <nd ref="13843634725"/>
    <nd ref="13843634724"/>
    <nd ref="13843634723"/>
    <nd ref="13843634722"/>
    <nd ref="13843634721"/>
    <nd ref="13843634720"/>
    <nd ref="-42658"/>
    <nd ref="13843634719"/>
    <nd ref="13843634718"/>
    <nd ref="13843634717"/>
    <nd ref="13843634716"/>
    <nd ref="13843634715"/>
    <nd ref="13843634714"/>
    <nd ref="13843634713"/>
    <nd ref="13843634712"/>
    <nd ref="13843634711"/>
    <nd ref="13843634710"/>
    <nd ref="13843634709"/>
    <nd ref="13843634707"/>
    <tag k="highway" v="footway"/>
  </way>
  <relation id="1785912" action="modify" timestamp="2023-08-25T13:43:31Z" uid="11978982" user="mappinglander" visible="true" version="9" changeset="140373675">
    <member type="way" ref="324720675" role="outer"/>
    <member type="way" ref="39486362" role="outer"/>
    <member type="way" ref="405131700" role="outer"/>
    <member type="way" ref="405131702" role="outer"/>
    <member type="way" ref="324720696" role="outer"/>
    <tag k="landuse" v="residential"/>
    <tag k="type" v="multipolygon"/>
  </relation>
  <relation id="1785920" action="modify" timestamp="2024-12-23T17:05:13Z" uid="830106" user="literan" visible="true" version="17" changeset="160546661">
    <member type="way" ref="443549716" role="outer"/>
    <member type="way" ref="443544802" role="outer"/>
    <member type="way" ref="132959172" role="outer"/>
    <member type="way" ref="715449194" role="outer"/>
    <member type="way" ref="715449191" role="outer"/>
    <member type="way" ref="715449192" role="outer"/>
    <member type="way" ref="715449190" role="outer"/>
    <member type="way" ref="443549707" role="outer"/>
    <member type="way" ref="443544803" role="outer"/>
    <member type="way" ref="443549717" role="outer"/>
    <member type="way" ref="443549714" role="outer"/>
    <member type="way" ref="443549715" role="outer"/>
    <member type="way" ref="443549712" role="outer"/>
    <member type="way" ref="443544806" role="outer"/>
    <tag k="landuse" v="residential"/>
    <tag k="type" v="multipolygon"/>
  </relation>
  <relation id="1822313" action="modify" timestamp="2023-08-25T13:43:31Z" uid="11978982" user="mappinglander" visible="true" version="10" changeset="140373675">
    <member type="way" ref="1165161003" role="outer"/>
    <member type="way" ref="1165161005" role="outer"/>
    <tag k="landuse" v="residential"/>
    <tag k="type" v="multipolygon"/>
  </relation>
  <relation id="1822318" action="modify" timestamp="2023-08-25T13:43:31Z" uid="11978982" user="mappinglander" visible="true" version="6" changeset="140373675">
    <member type="way" ref="135373199" role="outer"/>
    <tag k="landuse" v="residential"/>
    <tag k="residential" v="urban"/>
    <tag k="type" v="multipolygon"/>
  </relation>
  <relation id="1822319" action="modify" timestamp="2023-08-25T13:43:31Z" uid="11978982" user="mappinglander" visible="true" version="7" changeset="140373675">
    <member type="way" ref="425513644" role="outer"/>
    <member type="way" ref="425513620" role="outer"/>
    <member type="way" ref="39486349" role="outer"/>
    <member type="way" ref="425513619" role="outer"/>
    <member type="way" ref="135373164" role="outer"/>
    <member type="way" ref="425513623" role="outer"/>
    <member type="way" ref="425513621" role="outer"/>
    <member type="way" ref="425513605" role="outer"/>
    <tag k="landuse" v="residential"/>
    <tag k="residential" v="urban"/>
    <tag k="type" v="multipolygon"/>
  </relation>
  <relation id="1822322" action="modify" timestamp="2023-08-25T13:43:31Z" uid="11978982" user="mappinglander" visible="true" version="8" changeset="140373675">
    <member type="way" ref="135373196" role="outer"/>
    <tag k="landuse" v="residential"/>
    <tag k="residential" v="urban"/>
    <tag k="type" v="multipolygon"/>
  </relation>
  <relation id="3368597" action="modify" timestamp="2024-09-22T20:08:07Z" uid="6710042" user="dpolovinkin" visible="true" version="48" changeset="156967770">
    <member type="way" ref="109467270" role="outer"/>
    <tag k="fixme" v="Сомнительное название: Большой пруд - чуть к западу и на течении р. Пресни, а этот - нет"/>
    <tag k="name" v="Большой пруд"/>
    <tag k="name:de" v="Großer Teich"/>
    <tag k="name:en" v="Big Pond"/>
    <tag k="natural" v="water"/>
    <tag k="type" v="multipolygon"/>
    <tag k="water" v="pond"/>
    <tag k="wikidata" v="Q21644068"/>
    <tag k="wikipedia" v="ru:Пресненские пруды"/>
  </relation>
  <relation id="3368919" action="modify" timestamp="2024-09-22T20:08:07Z" uid="6710042" user="dpolovinkin" visible="true" version="48" changeset="156967770">
    <member type="way" ref="250951880" role="outer"/>
    <member type="way" ref="1191745940" role="outer"/>
    <member type="way" ref="1191745941" role="outer"/>
    <member type="way" ref="1191745939" role="outer"/>
    <member type="way" ref="1191745950" role="inner"/>
    <member type="way" ref="1191745949" role="inner"/>
    <member type="way" ref="1191745946" role="inner"/>
    <member type="way" ref="1191745944" role="inner"/>
    <member type="way" ref="1191745945" role="inner"/>
    <member type="way" ref="1191745943" role="inner"/>
    <member type="way" ref="1191745942" role="inner"/>
    <member type="way" ref="1191745935" role="inner"/>
    <tag k="name" v="Большой пруд"/>
    <tag k="name:de" v="Großer Teich"/>
    <tag k="natural" v="water"/>
    <tag k="type" v="multipolygon"/>
    <tag k="water" v="pond"/>
    <tag k="wikidata" v="Q21644068"/>
    <tag k="wikipedia" v="ru:Пресненские пруды"/>
  </relation>
  <relation id="3556059" action="modify" timestamp="2014-03-05T14:11:11Z" uid="260756" user="Felis Pimeja" visible="true" version="1" changeset="20931090">
    <member type="way" ref="264590329" role="outer"/>
    <member type="way" ref="264590335" role="outer"/>
    <member type="way" ref="264590391" role="outer"/>
    <member type="way" ref="264590330" role="outer"/>
    <member type="way" ref="264590346" role="outer"/>
    <member type="way" ref="264590332" role="outer"/>
    <member type="way" ref="264590338" role="outer"/>
    <member type="way" ref="264590403" role="outer"/>
    <tag k="building:levels" v="17"/>
    <tag k="building:min_level" v="13"/>
    <tag k="building:part" v="yes"/>
    <tag k="height" v="68"/>
    <tag k="type" v="multipolygon"/>
  </relation>
  <relation id="3556060" action="modify" timestamp="2014-03-05T14:11:11Z" uid="260756" user="Felis Pimeja" visible="true" version="1" changeset="20931090">
    <member type="way" ref="264590360" role="outer"/>
    <member type="way" ref="264590338" role="outer"/>
    <member type="way" ref="264590403" role="outer"/>
    <member type="way" ref="264590329" role="outer"/>
    <member type="way" ref="264590350" role="outer"/>
    <member type="way" ref="264590405" role="outer"/>
    <member type="way" ref="264590358" role="outer"/>
    <member type="way" ref="264590346" role="outer"/>
    <tag k="building:levels" v="13"/>
    <tag k="building:min_level" v="8"/>
    <tag k="building:part" v="yes"/>
    <tag k="height" v="52"/>
    <tag k="type" v="multipolygon"/>
  </relation>
  <relation id="3556062" action="modify" timestamp="2014-03-05T14:11:12Z" uid="260756" user="Felis Pimeja" visible="true" version="1" changeset="20931090">
    <member type="way" ref="264590329" role="outer"/>
    <member type="way" ref="264590350" role="outer"/>
    <member type="way" ref="264590423" role="outer"/>
    <member type="way" ref="264590358" role="outer"/>
    <member type="way" ref="264590346" role="outer"/>
    <member type="way" ref="264590360" role="outer"/>
    <member type="way" ref="264590338" role="outer"/>
    <member type="way" ref="264590403" role="outer"/>
    <tag k="building:levels" v="8"/>
    <tag k="building:min_level" v="2"/>
    <tag k="building:part" v="yes"/>
    <tag k="height" v="32"/>
    <tag k="type" v="multipolygon"/>
  </relation>
  <relation id="3556076" action="modify" timestamp="2014-03-05T14:11:17Z" uid="260756" user="Felis Pimeja" visible="true" version="1" changeset="20931090">
    <member type="way" ref="264590339" role="outer"/>
    <member type="way" ref="264590400" role="outer"/>
    <member type="way" ref="264590414" role="outer"/>
    <member type="way" ref="264590409" role="outer"/>
    <member type="way" ref="264590352" role="outer"/>
    <tag k="building:levels" v="2"/>
    <tag k="building:part" v="yes"/>
    <tag k="height" v="10"/>
    <tag k="type" v="multipolygon"/>
  </relation>
  <relation id="4194232" action="modify" timestamp="2017-10-19T22:11:36Z" uid="830106" user="literan" visible="true" version="3" changeset="53083503">
    <member type="way" ref="312731075" role="outer"/>
    <member type="way" ref="387837773" role="outer"/>
    <tag k="landuse" v="residential"/>
    <tag k="residential" v="urban"/>
    <tag k="type" v="multipolygon"/>
  </relation>
  <relation id="4212657" action="modify" timestamp="2015-11-03T21:55:18Z" uid="397326" user="trolleway" visible="true" version="2" changeset="35067377">
    <member type="way" ref="313707092" role="outer"/>
    <member type="way" ref="378224281" role="outer"/>
    <member type="way" ref="378224283" role="outer"/>
    <tag k="landuse" v="residential"/>
    <tag k="residential" v="urban"/>
    <tag k="type" v="multipolygon"/>
  </relation>
  <relation id="4236627" timestamp="2021-04-01T12:40:47Z" uid="371263" user="augxcgrwxo" visible="true" version="4" changeset="102126973">
    <member type="way" ref="315058601" role="outer"/>
    <member type="way" ref="315058600" role="outer"/>
    <tag k="addr:housenumber" v="1 с2"/>
    <tag k="addr:street" v="Большая Грузинская улица"/>
    <tag k="building" v="retail"/>
    <tag k="building:levels" v="2"/>
    <tag k="type" v="multipolygon"/>
  </relation>
  <relation id="5365067" action="modify" timestamp="2023-11-14T14:56:31Z" uid="830106" user="literan" visible="true" version="5" changeset="144014407">
    <member type="way" ref="360731102" role="outer"/>
    <member type="way" ref="632582015" role="outer"/>
    <tag k="landuse" v="residential"/>
    <tag k="residential" v="urban"/>
    <tag k="type" v="multipolygon"/>
  </relation>
  <relation id="5730237" action="modify" timestamp="2015-12-09T15:30:00Z" uid="149412" user="Haserbaba" visible="true" version="1" changeset="35848418">
    <member type="way" ref="385129527" role="outer"/>
    <tag k="addr:city" v="Москва"/>
    <tag k="addr:country" v="RU"/>
    <tag k="addr:housenumber" v="6/2 с2"/>
    <tag k="addr:street" v="улица Красная Пресня"/>
    <tag k="building" v="yes"/>
    <tag k="type" v="multipolygon"/>
  </relation>
  <relation id="6072612" action="modify" timestamp="2016-07-19T07:38:26Z" uid="2853561" user="Владимир К" visible="true" version="2" changeset="40849654">
    <member type="way" ref="405117387" role="outer"/>
    <tag k="addr:housenumber" v="1 с103"/>
    <tag k="addr:street" v="Большая Грузинская улица"/>
    <tag k="building" v="yes"/>
    <tag k="building:levels" v="2"/>
    <tag k="type" v="multipolygon"/>
  </relation>
  <relation id="6109025" timestamp="2025-12-27T17:54:53Z" uid="22779614" user="Ozon OSM12" visible="true" version="2" changeset="176494339">
    <member type="way" ref="407983593" role="outer"/>
    <member type="way" ref="288834258" role="outer"/>
    <tag k="addr:housenumber" v="8 с26А"/>
    <tag k="addr:street" v="Большая Грузинская улица"/>
    <tag k="building" v="yes"/>
    <tag k="type" v="multipolygon"/>
  </relation>
  <relation id="6141293" timestamp="2023-09-16T23:04:43Z" uid="8726248" user="traveleditor" visible="true" version="16" changeset="141361414">
    <member type="way" ref="52917383" role="outer"/>
    <member type="way" ref="410591480" role="outer"/>
    <member type="way" ref="410591474" role="outer"/>
    <member type="way" ref="410591313" role="outer"/>
    <member type="way" ref="410591461" role="outer"/>
    <member type="way" ref="410591449" role="outer"/>
    <tag k="addr:housenumber" v="8 с10"/>
    <tag k="addr:street" v="Большая Грузинская улица"/>
    <tag k="attraction" v="animal"/>
    <tag k="building" v="yes"/>
    <tag k="is_in:zoo" v="Московский зоопарк"/>
    <tag k="name" v="Копытные Африки"/>
    <tag k="name:de" v="Afrikanische Huftiere"/>
    <tag k="name:en" v="African Ungulates"/>
    <tag k="type" v="multipolygon"/>
  </relation>
  <relation id="6141298" timestamp="2016-04-15T15:35:39Z" uid="260756" user="Felis Pimeja" visible="true" version="1" changeset="38592147">
    <member type="way" ref="410591306" role="outer"/>
    <member type="way" ref="410591487" role="outer"/>
    <tag k="building" v="yes"/>
    <tag k="type" v="multipolygon"/>
  </relation>
  <relation id="6141300" timestamp="2023-09-16T23:04:43Z" uid="8726248" user="traveleditor" visible="true" version="20" changeset="141361414">
    <member type="way" ref="126225639" role="outer"/>
    <member type="way" ref="410591401" role="outer"/>
    <tag k="addr:housenumber" v="1 с102"/>
    <tag k="addr:street" v="Большая Грузинская улица"/>
    <tag k="attraction" v="animal"/>
    <tag k="building" v="yes"/>
    <tag k="building:levels" v="1"/>
    <tag k="is_in:zoo" v="Московский зоопарк"/>
    <tag k="name" v="Фауна России"/>
    <tag k="name:de" v="Russische Tierwelt"/>
    <tag k="name:en" v="Fauna of Russia"/>
    <tag k="type" v="multipolygon"/>
    <tag k="zoo" v="enclosure"/>
  </relation>
  <relation id="6141302" action="modify" timestamp="2023-09-16T23:04:43Z" uid="8726248" user="traveleditor" visible="true" version="15" changeset="141361414">
    <member type="way" ref="52917382" role="outer"/>
    <tag k="addr:housenumber" v="8 с8"/>
    <tag k="addr:street" v="Большая Грузинская улица"/>
    <tag k="building" v="yes"/>
    <tag k="name" v="Экзотариум"/>
    <tag k="name:de" v="Exotarium"/>
    <tag k="name:en" v="Exotarium"/>
    <tag k="opening_hours" v="Tu-Su 11:00-18:00"/>
    <tag k="type" v="multipolygon"/>
  </relation>
  <relation id="6141304" timestamp="2016-04-15T15:35:39Z" uid="260756" user="Felis Pimeja" visible="true" version="1" changeset="38592147">
    <member type="way" ref="410591487" role="outer"/>
    <member type="way" ref="410591325" role="outer"/>
    <tag k="building" v="yes"/>
    <tag k="type" v="multipolygon"/>
  </relation>
  <relation id="6141305" timestamp="2025-11-18T17:56:55Z" uid="23248693" user="Ozon OSM18" visible="true" version="3" changeset="174826026">
    <member type="way" ref="410591310" role="outer"/>
    <member type="way" ref="410591323" role="outer"/>
    <member type="way" ref="410591297" role="outer"/>
    <tag k="addr:housenumber" v="8 с59"/>
    <tag k="addr:street" v="Большая Грузинская улица"/>
    <tag k="building" v="public"/>
    <tag k="building:levels" v="3"/>
    <tag k="roof:colour" v="grey"/>
    <tag k="roof:material" v="tar_paper"/>
    <tag k="roof:shape" v="flat"/>
    <tag k="type" v="multipolygon"/>
  </relation>
  <relation id="6141306" timestamp="2025-08-17T14:32:37Z" uid="22779724" user="Ozon OSM13" visible="true" version="3" changeset="170570028">
    <member type="way" ref="410591332" role="outer"/>
    <member type="way" ref="410591310" role="outer"/>
    <member type="way" ref="410591388" role="outer"/>
    <tag k="addr:housenumber" v="8 с59"/>
    <tag k="addr:street" v="Большая Грузинская улица"/>
    <tag k="building" v="public"/>
    <tag k="building:levels" v="3"/>
    <tag k="roof:colour" v="grey"/>
    <tag k="roof:material" v="tar_paper"/>
    <tag k="roof:shape" v="flat"/>
    <tag k="type" v="multipolygon"/>
  </relation>
  <relation id="6141307" timestamp="2016-04-15T15:35:40Z" uid="260756" user="Felis Pimeja" visible="true" version="1" changeset="38592147">
    <member type="way" ref="410591395" role="outer"/>
    <member type="way" ref="410591297" role="outer"/>
    <member type="way" ref="410591388" role="outer"/>
    <tag k="building" v="yes"/>
    <tag k="type" v="multipolygon"/>
  </relation>
  <relation id="6141308" timestamp="2017-02-19T00:03:25Z" uid="3580412" user="Alexander-II" visible="true" version="2" changeset="46204349">
    <member type="way" ref="456607607" role="outer"/>
    <member type="way" ref="410591456" role="outer"/>
    <member type="way" ref="173044448" role="outer"/>
    <tag k="building" v="yes"/>
    <tag k="type" v="multipolygon"/>
  </relation>
  <relation id="6141312" action="modify" timestamp="2016-04-15T15:35:40Z" uid="260756" user="Felis Pimeja" visible="true" version="1" changeset="38592147">
    <member type="way" ref="383281972" role="outer"/>
    <tag k="landuse" v="grass"/>
    <tag k="type" v="multipolygon"/>
  </relation>
  <relation id="6141314" timestamp="2016-04-15T15:35:40Z" uid="260756" user="Felis Pimeja" visible="true" version="1" changeset="38592147">
    <member type="way" ref="410591476" role="outer"/>
    <member type="way" ref="410591301" role="outer"/>
    <tag k="landuse" v="grass"/>
    <tag k="type" v="multipolygon"/>
  </relation>
  <relation id="6141315" timestamp="2016-04-15T15:35:40Z" uid="260756" user="Felis Pimeja" visible="true" version="1" changeset="38592147">
    <member type="way" ref="410591429" role="outer"/>
    <member type="way" ref="410591454" role="outer"/>
    <member type="way" ref="410591313" role="outer"/>
    <member type="way" ref="410591499" role="outer"/>
    <tag k="landuse" v="grass"/>
    <tag k="type" v="multipolygon"/>
  </relation>
  <relation id="6141316" timestamp="2016-04-15T15:35:41Z" uid="260756" user="Felis Pimeja" visible="true" version="1" changeset="38592147">
    <member type="way" ref="410591498" role="outer"/>
    <member type="way" ref="410591495" role="outer"/>
    <member type="way" ref="383281972" role="outer"/>
    <member type="way" ref="410591427" role="outer"/>
    <member type="way" ref="410591449" role="outer"/>
    <tag k="landuse" v="grass"/>
    <tag k="type" v="multipolygon"/>
  </relation>
  <relation id="6141317" timestamp="2016-04-15T15:35:41Z" uid="260756" user="Felis Pimeja" visible="true" version="1" changeset="38592147">
    <member type="way" ref="410591480" role="outer"/>
    <member type="way" ref="410591431" role="outer"/>
    <member type="way" ref="410591438" role="outer"/>
    <member type="way" ref="410591476" role="outer"/>
    <member type="way" ref="410591339" role="outer"/>
    <member type="way" ref="410591299" role="outer"/>
    <tag k="landuse" v="grass"/>
    <tag k="type" v="multipolygon"/>
  </relation>
  <relation id="6141319" action="modify" timestamp="2017-02-19T00:03:25Z" uid="3580412" user="Alexander-II" visible="true" version="3" changeset="46204349">
    <member type="way" ref="475554997" role="outer"/>
    <member type="way" ref="173044448" role="outer"/>
    <tag k="natural" v="water"/>
    <tag k="type" v="multipolygon"/>
  </relation>
  <relation id="6141320" timestamp="2016-04-15T15:35:41Z" uid="260756" user="Felis Pimeja" visible="true" version="1" changeset="38592147">
    <member type="way" ref="410591393" role="outer"/>
    <member type="way" ref="410591327" role="outer"/>
    <member type="way" ref="410591389" role="outer"/>
    <tag k="natural" v="water"/>
    <tag k="type" v="multipolygon"/>
  </relation>
  <relation id="6406374" action="modify" timestamp="2016-07-12T07:10:13Z" uid="260756" user="Felis Pimeja" visible="true" version="1" changeset="40673560">
    <member type="way" ref="430484108" role="outer"/>
    <member type="way" ref="430484097" role="outer"/>
    <member type="way" ref="430484107" role="outer"/>
    <tag k="landuse" v="grass"/>
    <tag k="type" v="multipolygon"/>
  </relation>
  <relation id="12771684" action="modify" timestamp="2024-04-23T14:32:34Z" uid="18826385" user="MarinaKuzko" visible="true" version="2" changeset="150398914">
    <member type="way" ref="126225625" role="outer"/>
    <tag k="addr:city" v="Москва"/>
    <tag k="addr:country" v="RU"/>
    <tag k="addr:housenumber" v="10 с2"/>
    <tag k="addr:street" v="Волков переулок"/>
    <tag k="building" v="office"/>
    <tag k="building:colour" v="beige"/>
    <tag k="building:levels" v="2"/>
    <tag k="building:material" v="brick"/>
    <tag k="roof:colour" v="grey"/>
    <tag k="roof:material" v="metal"/>
    <tag k="roof:shape" v="flat"/>
    <tag k="type" v="multipolygon"/>
  </relation>
  <relation id="17169827" action="modify" timestamp="2024-02-07T17:41:51Z" uid="830106" user="literan" visible="true" version="1" changeset="147186040">
    <member type="way" ref="1246938046" role="outer"/>
    <member type="way" ref="1247335398" role="outer"/>
    <tag k="building:levels" v="3"/>
    <tag k="building:part" v="yes"/>
    <tag k="type" v="multipolygon"/>
  </relation>
  <relation id="17169828" action="modify" timestamp="2024-02-07T17:41:51Z" uid="830106" user="literan" visible="true" version="1" changeset="147186040">
    <member type="way" ref="1247335399" role="outer"/>
    <tag k="building:levels" v="20"/>
    <tag k="building:part" v="yes"/>
    <tag k="type" v="multipolygon"/>
  </relation>
  <relation id="18456560" timestamp="2024-12-23T17:05:13Z" uid="830106" user="literan" visible="true" version="1" changeset="160546661">
    <member type="way" ref="46962848" role="outer"/>
    <member type="way" ref="1345172513" role="outer"/>
    <tag k="addr:housenumber" v="8 с57"/>
    <tag k="addr:street" v="Большая Грузинская улица"/>
    <tag k="attraction" v="animal"/>
    <tag k="building" v="yes"/>
    <tag k="is_in:zoo" v="Московский зоопарк"/>
    <tag k="name" v="Террариум"/>
    <tag k="name:de" v="Terrarium"/>
    <tag k="type" v="multipolygon"/>
  </relation>
  <relation id="19799850" action="modify" timestamp="2025-11-06T16:01:44Z" uid="5712144" user="ednzxt" visible="true" version="1" changeset="174295628">
    <member type="way" ref="250951869" role="outer"/>
    <tag k="natural" v="water"/>
    <tag k="type" v="multipolygon"/>
  </relation>
  <relation id="19799851" action="modify" timestamp="2025-11-06T16:01:44Z" uid="5712144" user="ednzxt" visible="true" version="1" changeset="174295628">
    <member type="way" ref="250951885" role="outer"/>
    <tag k="natural" v="water"/>
    <tag k="type" v="multipolygon"/>
  </relation>
</osm>
